id,age,gender,course,year,parent_education,weather,study_hours,sleep_hours,travel_time_minutes,attendance,absence_reason
0,17,male,pharmacy,1st year,high school,sunny,3.63,7.24,31,1,none
2,22,male,b.sc,3rd year,no formal,rainy,5.43,6.53,62,1,none
4,20,female,pharmacy,1st year,no formal,sunny,1.77,9.35,81,0,project work
5,23,male,b.tech,4th year,no formal,hot,4.8,9.36,38,1,none
6,17,female,b.tech,1st year,phd,cloudy,4.8,4.96,74,1,none
7,22,male,b.com,1st year,no formal,sunny,3.47,9.03,30,1,none
9,17,male,bca,1st year,phd,cloudy,3.52,8.53,40,1,none
10,21,female,bba,3rd year,no formal,rainy,4.95,6.74,44,0,no reason
11,24,male,ba,2nd year,post graduate,sunny,0.12,8.66,48,0,no reason
12,22,female,bba,4th year,high school,cold,1.27,8.27,64,1,none
13,23,female,bca,1st year,high school,sunny,5.09,8.62,14,1,none
14,22,male,b.tech,2nd year,graduate,hot,1.41,8.29,70,1,none
16,21,male,b.sc,3rd year,post graduate,cold,4.31,6.74,77,0,travel
17,18,male,nursing,2nd year,post graduate,sunny,4.65,7.87,84,1,none
18,23,female,b.sc,4th year,no formal,cloudy,2.4,9.15,20,1,none
19,20,male,b.tech,4th year,no formal,rainy,4.33,8.36,88,0,sick
20,21,female,ba,3rd year,post graduate,sunny,3.43,8.62,22,1,none
22,18,male,bba,3rd year,no formal,cloudy,2.5,9.69,28,1,none
23,24,female,nursing,2nd year,graduate,cold,3.66,8.15,82,0,travel
24,23,male,diploma,3rd year,high school,cloudy,5.1,8.98,67,1,none
25,22,male,ba,4th year,phd,hot,1.44,9.43,57,1,none
26,20,male,diploma,1st year,phd,cloudy,0.78,4.5,5,1,none
27,23,male,bba,1st year,no formal,rainy,5.21,7.35,7,1,none
28,21,female,b.com,2nd year,post graduate,hot,5.71,6.39,53,1,none
31,18,male,b.com,3rd year,post graduate,cold,4.45,7.27,45,0,none
33,21,female,bba,1st year,graduate,sunny,0.15,4.36,62,0,festival
34,24,female,bba,2nd year,no formal,hot,5.65,7.34,87,1,none
36,23,female,b.com,3rd year,post graduate,cloudy,0.47,6.03,27,1,none
37,23,male,diploma,3rd year,graduate,sunny,5.17,5.83,71,0,travel
38,19,female,b.tech,3rd year,no formal,rainy,4.77,4.19,67,0,sick
41,23,male,nursing,3rd year,no formal,sunny,5.3,6.02,37,1,none
43,19,male,nursing,1st year,phd,sunny,0.37,6.74,27,0,no reason
45,24,male,b.com,1st year,graduate,hot,0.25,5.19,22,0,festival
46,20,male,ba,1st year,no formal,cold,3.84,5.02,33,1,none
48,22,female,b.com,1st year,post graduate,rainy,3.02,5.09,23,0,festival
49,23,male,nursing,1st year,high school,rainy,5.5,9.37,73,1,none
50,23,male,diploma,2nd year,high school,sunny,4.46,9.85,44,1,none
51,18,male,b.com,4th year,no formal,cold,2.16,6.69,39,1,none
52,19,male,b.com,4th year,post graduate,hot,5.41,6.1,77,1,none
54,20,male,b.sc,1st year,high school,cloudy,2.28,5.63,53,1,none
55,17,male,b.sc,3rd year,high school,hot,5.64,5.36,18,0,project work
58,22,male,diploma,2nd year,post graduate,cold,5.62,9.51,85,1,none
59,22,female,b.com,4th year,post graduate,cold,5.61,6.51,15,1,none
60,24,female,nursing,1st year,post graduate,cloudy,0.94,9.17,38,0,none
61,22,female,b.sc,4th year,no formal,rainy,4.91,8.65,28,0,none
62,19,male,pharmacy,2nd year,graduate,hot,2.24,8.5,8,1,none
67,19,male,b.com,2nd year,phd,hot,3.46,9.94,50,1,none
68,17,female,diploma,1st year,post graduate,cold,5.64,4.14,27,1,none
70,23,female,bca,4th year,graduate,cold,1.06,6.14,77,0,project work
72,20,female,b.com,3rd year,post graduate,cold,5.33,9.8,65,0,no reason
75,20,female,ba,2nd year,high school,sunny,0.29,5.18,43,1,none
77,18,female,b.sc,2nd year,high school,sunny,3.42,6.76,18,0,no reason
78,21,male,b.sc,4th year,high school,cloudy,5.07,7.72,26,1,none
79,22,female,b.com,4th year,phd,sunny,3.89,5.08,80,0,project work
81,20,male,nursing,3rd year,no formal,hot,5.51,9.8,48,0,project work
82,18,male,ba,4th year,graduate,cloudy,0.3,5.48,29,0,travel
83,23,female,b.tech,3rd year,high school,cold,0.85,5.96,41,0,festival
84,22,female,bca,2nd year,phd,cold,1.4,5.97,44,0,travel
85,22,female,pharmacy,1st year,graduate,cloudy,0.06,5.63,64,0,none
86,17,female,pharmacy,1st year,post graduate,sunny,2.67,9.62,9,1,none
87,19,female,b.tech,1st year,no formal,cold,2.35,4.29,71,0,none
88,23,male,nursing,4th year,post graduate,hot,0.83,5.54,75,0,sick
89,23,male,ba,1st year,graduate,cold,0.34,4.34,7,1,none
91,23,female,bca,4th year,no formal,cloudy,2.72,4.55,51,0,travel
93,20,female,nursing,1st year,phd,cold,0.86,9.71,64,0,personal work
94,24,male,pharmacy,4th year,high school,cloudy,4.45,4.83,58,1,none
95,19,female,b.sc,4th year,high school,cloudy,1.01,7.32,15,0,no reason
98,22,male,pharmacy,3rd year,no formal,rainy,0.69,4.65,66,0,no reason
100,23,female,b.sc,4th year,phd,hot,2.98,5.62,80,0,sick
101,18,male,b.com,3rd year,high school,sunny,2.89,8.3,15,1,none
102,23,female,pharmacy,4th year,no formal,sunny,2.82,6.12,7,1,none
103,17,male,bca,4th year,high school,sunny,1.44,4.94,63,0,project work
104,23,male,b.com,1st year,post graduate,cold,2.25,5.28,55,1,none
107,22,female,b.tech,4th year,phd,cloudy,5.93,5.7,12,1,none
110,19,female,ba,3rd year,post graduate,hot,5.88,6.19,16,1,none
111,23,male,b.tech,2nd year,graduate,cold,5.83,9.26,86,1,none
112,21,female,bca,2nd year,no formal,cold,5.45,6.55,85,1,none
113,20,male,pharmacy,4th year,graduate,hot,3.77,4.97,54,0,travel
115,21,female,pharmacy,3rd year,graduate,rainy,2.22,5.56,23,0,project work
118,18,female,bca,2nd year,phd,cold,0.62,6.98,55,1,none
122,22,male,b.sc,2nd year,no formal,sunny,5.6,6.1,50,1,none
123,20,female,b.tech,4th year,phd,rainy,3.55,6.05,24,1,none
126,17,female,nursing,3rd year,graduate,cold,2.04,6.86,17,1,none
127,23,male,b.tech,2nd year,graduate,rainy,1.98,4.24,79,0,festival
128,21,male,diploma,4th year,no formal,hot,1.68,4.83,38,0,sick
129,22,female,bba,3rd year,post graduate,rainy,0.92,5.11,8,1,none
130,21,female,bca,4th year,graduate,cold,0.97,8.43,14,1,none
132,17,male,ba,2nd year,graduate,sunny,4.19,4.97,33,1,none
133,21,female,bba,2nd year,graduate,cold,0.13,6.9,10,0,sick
134,23,male,bba,3rd year,phd,cold,2.14,8.37,60,0,none
136,21,male,diploma,1st year,no formal,sunny,3.52,4.35,20,1,none
137,17,male,bba,1st year,no formal,sunny,4.12,6.19,36,1,none
138,19,male,ba,3rd year,post graduate,cold,4.35,9.83,61,1,none
139,20,male,b.tech,2nd year,no formal,cold,3.33,9.36,45,1,none
140,24,female,nursing,3rd year,post graduate,cold,1.9,4.47,53,1,none
141,18,female,b.com,1st year,post graduate,hot,5.64,6.54,61,1,none
142,19,female,ba,3rd year,post graduate,sunny,1.77,7.77,32,0,personal work
144,24,female,nursing,4th year,graduate,cloudy,3.93,5.09,32,0,project work
145,23,male,ba,1st year,phd,sunny,3.84,6.02,73,0,personal work
146,17,female,bba,1st year,phd,hot,3.15,7.53,77,0,sick
148,23,female,bca,1st year,high school,rainy,5.67,6.17,33,1,none
149,17,male,b.sc,2nd year,high school,cold,2.12,9.65,13,0,festival
152,24,male,b.com,4th year,high school,cloudy,1.09,8.07,80,0,project work
153,19,female,b.com,1st year,no formal,cloudy,1.21,8.42,32,0,project work
154,20,female,bba,2nd year,high school,cloudy,1.67,7.43,25,1,none
155,22,male,bca,4th year,graduate,rainy,0.69,9.45,28,0,festival
156,18,male,bca,1st year,post graduate,cloudy,3.86,6.05,16,1,none
158,21,female,diploma,2nd year,post graduate,rainy,3.73,8.57,20,0,none
160,24,female,ba,1st year,high school,sunny,2.55,4.81,27,0,project work
161,22,female,diploma,2nd year,graduate,cloudy,1.7,4.28,32,1,none
163,20,male,bca,1st year,graduate,cold,3.76,5.11,10,0,project work
164,20,female,b.sc,3rd year,no formal,rainy,0.11,6.89,80,1,none
165,23,male,diploma,4th year,high school,cloudy,0.73,7.32,77,1,none
166,19,male,b.tech,3rd year,graduate,sunny,4.7,7.53,76,1,none
168,19,male,b.sc,1st year,graduate,rainy,4.16,8.34,70,1,none
169,17,female,pharmacy,2nd year,high school,sunny,1.5,6.54,35,0,no reason
170,17,female,ba,3rd year,graduate,hot,2.66,8.97,15,1,none
172,23,female,nursing,3rd year,no formal,rainy,3.66,6.68,39,1,none
177,18,male,ba,1st year,no formal,cold,0.43,6.46,26,1,none
178,24,male,nursing,3rd year,post graduate,sunny,2.87,9.3,31,1,none
179,21,female,ba,3rd year,high school,hot,4.17,4.1,54,1,none
180,24,female,b.com,1st year,high school,rainy,2.29,6.61,80,0,travel
183,22,male,diploma,3rd year,high school,cloudy,5.64,4.23,69,0,travel
184,20,male,ba,1st year,post graduate,rainy,5.36,4.19,37,0,festival
185,20,male,bba,1st year,phd,cold,3.15,7.86,46,0,no reason
186,18,female,b.tech,1st year,no formal,rainy,5.42,5.58,29,0,project work
187,20,female,b.tech,2nd year,no formal,rainy,2.95,8.45,77,0,festival
188,18,male,b.tech,1st year,post graduate,cloudy,4.79,6.23,55,0,sick
190,22,male,ba,4th year,high school,sunny,4.96,7.67,47,1,none
191,22,female,b.tech,4th year,phd,hot,4.22,6.34,21,0,project work
193,19,male,nursing,2nd year,post graduate,rainy,1.86,6.19,87,0,project work
197,17,male,b.sc,1st year,high school,cloudy,5.13,4.2,23,1,none
198,19,female,b.tech,2nd year,post graduate,cold,3.46,6.57,55,1,none
199,24,male,ba,3rd year,phd,sunny,5.38,8.72,70,1,none
200,19,female,b.com,4th year,phd,sunny,5.65,8.55,14,1,none
204,20,female,b.com,4th year,graduate,rainy,5.58,7.95,7,1,none
209,23,female,diploma,4th year,no formal,rainy,2.84,5.52,44,0,project work
210,19,male,b.tech,2nd year,post graduate,cloudy,5.14,6.61,15,1,none
211,22,male,bca,2nd year,no formal,cloudy,0.11,9.09,72,0,personal work
213,20,male,bba,1st year,graduate,hot,5.88,5.8,40,1,none
214,22,male,bca,3rd year,no formal,sunny,0.8,8.12,56,1,none
216,17,female,bca,1st year,no formal,hot,0.6,9.49,37,1,none
218,20,male,nursing,1st year,no formal,rainy,4.41,8.31,82,0,festival
219,24,female,b.tech,4th year,post graduate,cold,5.18,7.15,40,1,none
220,18,female,nursing,3rd year,high school,cold,5.24,8.32,73,0,project work
221,20,female,pharmacy,2nd year,post graduate,cold,4.71,5.5,60,1,none
222,22,female,pharmacy,2nd year,graduate,cloudy,5.15,7.5,10,1,none
223,18,male,ba,4th year,post graduate,hot,2.8,5.79,77,0,festival
225,19,male,ba,1st year,graduate,rainy,4.74,5.93,60,0,no reason
226,23,female,nursing,3rd year,post graduate,sunny,3.49,9.45,61,1,none
228,21,female,b.com,3rd year,high school,rainy,1.64,5.92,61,1,none
229,18,male,diploma,2nd year,high school,cloudy,2.97,8.58,84,0,project work
230,20,male,b.tech,2nd year,post graduate,cold,4.14,8.61,44,1,none
231,23,female,ba,1st year,phd,hot,0.49,5.23,14,0,personal work
232,17,female,b.sc,4th year,no formal,rainy,2.11,6.44,43,1,none
234,20,male,bba,2nd year,no formal,cold,0.84,6.72,75,1,none
235,22,female,b.tech,1st year,post graduate,cloudy,2.68,7.68,57,1,none
236,22,male,nursing,1st year,graduate,cloudy,4.48,8.24,64,1,none
237,20,female,ba,1st year,graduate,rainy,5.93,4.47,61,0,none
238,19,female,ba,2nd year,high school,rainy,4.92,4.66,86,0,no reason
239,22,male,b.sc,4th year,graduate,hot,5.11,9.18,48,1,none
240,18,male,pharmacy,1st year,post graduate,sunny,2.23,7.66,86,1,none
241,21,male,nursing,4th year,graduate,cloudy,4.84,5.1,78,1,none
242,17,female,bba,3rd year,high school,sunny,4.02,8.72,86,1,none
243,22,male,ba,4th year,no formal,hot,1.98,8.28,57,1,none
244,22,male,bba,3rd year,high school,cold,2.38,5.5,11,1,none
245,17,male,pharmacy,4th year,post graduate,cloudy,4.76,7.79,85,1,none
246,23,male,b.sc,3rd year,no formal,cloudy,1.25,9.84,28,1,none
247,20,male,diploma,4th year,high school,hot,4.42,8.21,28,0,no reason
248,23,female,pharmacy,1st year,high school,cloudy,3.13,4.32,23,0,no reason
249,17,male,diploma,4th year,graduate,cloudy,1.02,8.84,81,1,none
250,18,male,nursing,1st year,phd,hot,2.51,7.7,25,1,none
251,20,male,pharmacy,1st year,phd,sunny,3.81,6.84,14,1,none
252,18,male,b.tech,3rd year,high school,sunny,3.22,6.55,31,1,none
253,19,male,b.com,2nd year,graduate,rainy,0.05,9.63,87,1,none
254,22,male,b.sc,1st year,phd,cloudy,4.92,6.6,70,1,none
257,17,male,b.tech,2nd year,no formal,hot,3.55,5.89,22,0,none
258,18,male,bca,2nd year,high school,cold,3.94,4.28,19,1,none
259,21,female,b.tech,3rd year,high school,hot,1.29,6.29,46,0,travel
263,24,male,diploma,2nd year,phd,rainy,5.18,8.14,65,1,none
264,24,female,bca,1st year,no formal,sunny,0.53,5.32,8,0,project work
265,21,female,nursing,2nd year,post graduate,cold,5.62,8.91,67,1,none
266,20,female,b.sc,2nd year,phd,hot,0.97,9.94,47,0,personal work
268,21,male,diploma,4th year,graduate,cold,1.91,8.36,77,1,none
269,21,female,diploma,3rd year,graduate,sunny,0.87,8.85,26,1,none
270,19,male,b.tech,4th year,post graduate,rainy,2.26,7.32,74,0,travel
271,17,male,b.com,2nd year,high school,cloudy,2.27,7.04,14,1,none
272,18,male,b.com,2nd year,graduate,sunny,5.83,4.86,50,0,none
274,20,female,bca,1st year,high school,rainy,1.77,5.49,54,0,none
277,23,female,bca,2nd year,no formal,cold,5.7,5.3,44,1,none
279,17,male,bba,3rd year,post graduate,cold,5.87,9.47,52,0,personal work
281,20,male,b.com,2nd year,phd,rainy,2.75,9.38,70,1,none
282,22,female,bca,2nd year,no formal,hot,4.58,6.46,20,0,festival
285,24,male,bca,2nd year,post graduate,cold,5.15,8.02,71,0,sick
287,21,male,nursing,4th year,graduate,sunny,5.31,7.36,35,1,none
289,20,female,b.tech,4th year,no formal,sunny,2.73,8.74,84,1,none
290,23,male,nursing,1st year,phd,cloudy,5.6,7.61,67,1,none
293,19,male,bca,4th year,graduate,sunny,2.31,7.77,61,1,none
294,21,male,nursing,3rd year,high school,rainy,0.97,5.9,86,0,personal work
295,21,male,bba,3rd year,post graduate,cloudy,3.89,8.31,89,1,none
296,23,female,bca,1st year,post graduate,hot,2.51,9.53,46,1,none
297,20,female,b.tech,3rd year,graduate,sunny,3.12,5.19,82,1,none
300,19,male,b.sc,2nd year,high school,sunny,2.25,6.63,77,1,none
301,23,female,bba,1st year,no formal,cloudy,3.28,8.54,33,1,none
304,21,male,b.com,1st year,post graduate,hot,1.85,8.32,42,1,none
305,18,male,nursing,1st year,high school,cloudy,1.59,9.3,52,0,travel
306,19,male,diploma,2nd year,phd,hot,3.63,4.13,26,1,none
307,21,female,nursing,3rd year,post graduate,cloudy,5.09,6.75,46,0,festival
308,19,female,nursing,3rd year,graduate,hot,0.54,7.4,23,1,none
309,17,female,diploma,1st year,high school,sunny,2.28,4.06,45,0,none
310,22,male,b.sc,2nd year,phd,cold,1.67,9.59,62,1,none
311,22,female,nursing,3rd year,post graduate,cloudy,3.65,8.14,57,1,none
312,17,male,nursing,1st year,phd,cloudy,4.72,6.89,26,1,none
313,19,female,b.sc,1st year,high school,cloudy,3.94,9.75,40,1,none
314,18,male,b.tech,1st year,graduate,hot,1.29,8.6,57,1,none
316,22,female,ba,1st year,graduate,cold,4.6,8.42,61,1,none
317,22,male,b.com,3rd year,graduate,hot,2.21,8.47,21,1,none
320,19,male,ba,3rd year,phd,cloudy,1.91,4.57,48,1,none
321,17,male,ba,2nd year,phd,cold,3.93,6.88,72,1,none
322,21,male,ba,4th year,no formal,rainy,3.36,8.22,24,1,none
323,24,female,b.tech,4th year,phd,hot,5.92,8.38,38,1,none
324,24,female,b.tech,2nd year,no formal,hot,2.45,6.0,42,0,travel
325,18,female,ba,1st year,graduate,cold,4.79,9.69,54,1,none
326,18,female,b.tech,2nd year,phd,cloudy,5.93,9.32,54,1,none
327,17,female,diploma,2nd year,post graduate,hot,2.51,6.71,44,0,personal work
328,18,male,ba,3rd year,phd,cold,0.73,4.39,37,0,no reason
329,21,male,bba,1st year,graduate,cold,5.84,9.57,37,1,none
334,20,female,bba,3rd year,high school,cloudy,0.19,5.23,81,0,project work
338,18,male,bba,4th year,graduate,cold,0.26,7.13,25,0,none
339,24,male,ba,3rd year,no formal,rainy,0.05,9.88,27,1,none
340,22,female,bca,4th year,post graduate,cold,0.36,9.35,7,1,none
341,19,female,diploma,1st year,high school,rainy,3.19,4.77,77,0,travel
343,21,male,pharmacy,4th year,no formal,cold,2.45,6.66,58,0,travel
347,24,male,ba,2nd year,graduate,cold,4.33,6.43,36,1,none
348,18,male,diploma,3rd year,phd,cloudy,2.98,6.26,20,1,none
349,18,male,bba,2nd year,high school,sunny,5.44,9.15,47,1,none
352,19,female,pharmacy,2nd year,no formal,cold,1.43,9.61,69,0,sick
353,20,male,diploma,4th year,phd,sunny,5.23,7.89,33,0,no reason
354,24,female,diploma,2nd year,phd,sunny,5.2,4.1,82,1,none
356,18,female,b.com,3rd year,no formal,cloudy,3.57,9.39,18,1,none
357,24,male,b.com,1st year,post graduate,sunny,5.23,9.55,28,1,none
358,17,female,ba,3rd year,post graduate,hot,4.74,6.05,77,0,sick
359,22,female,diploma,1st year,post graduate,sunny,2.02,4.23,29,1,none
360,23,female,ba,4th year,graduate,cloudy,2.35,7.13,32,0,none
362,18,male,nursing,2nd year,high school,rainy,4.97,9.24,60,1,none
363,24,female,diploma,2nd year,high school,hot,1.81,4.26,46,0,festival
365,21,male,nursing,3rd year,phd,rainy,5.4,4.89,5,0,no reason
366,20,male,nursing,3rd year,high school,cold,4.14,9.86,27,1,none
367,19,male,pharmacy,4th year,high school,hot,1.73,6.55,79,0,no reason
368,17,female,b.com,4th year,graduate,rainy,2.24,5.52,64,1,none
369,23,male,b.sc,2nd year,no formal,sunny,5.29,8.74,17,0,sick
371,22,male,nursing,2nd year,no formal,sunny,3.39,9.94,43,1,none
373,19,female,b.tech,1st year,phd,sunny,3.35,5.36,65,0,project work
375,17,female,bba,2nd year,no formal,sunny,2.92,9.43,43,0,no reason
376,22,female,nursing,3rd year,graduate,rainy,1.4,5.7,42,0,project work
377,22,male,diploma,3rd year,graduate,hot,4.33,7.61,10,1,none
378,20,female,b.tech,2nd year,graduate,sunny,4.21,6.33,24,1,none
379,19,male,bba,4th year,post graduate,cloudy,0.44,4.63,34,0,personal work
380,17,male,b.tech,2nd year,phd,sunny,0.41,4.4,23,0,festival
383,18,male,diploma,1st year,post graduate,rainy,5.32,8.51,84,1,none
384,17,female,diploma,4th year,graduate,cold,1.35,9.75,36,1,none
385,17,male,bca,4th year,high school,sunny,2.59,9.58,16,1,none
386,17,male,b.tech,2nd year,phd,hot,1.86,5.8,12,0,travel
387,23,female,bca,4th year,post graduate,cloudy,5.9,6.49,26,0,sick
389,18,male,bba,1st year,no formal,sunny,3.49,8.19,86,1,none
390,22,female,b.sc,4th year,high school,cold,0.4,5.22,74,0,travel
392,19,female,bca,1st year,post graduate,rainy,2.24,4.72,65,1,none
393,21,male,ba,3rd year,no formal,cloudy,3.81,5.53,89,0,project work
394,22,female,b.tech,1st year,high school,hot,0.46,8.28,89,0,no reason
397,18,female,bba,2nd year,no formal,sunny,5.68,4.69,23,1,none
398,19,male,pharmacy,1st year,post graduate,sunny,0.82,5.47,56,1,none
401,23,female,b.com,4th year,no formal,rainy,2.88,9.86,28,0,no reason
404,20,male,b.tech,3rd year,high school,sunny,1.22,7.43,76,0,sick
405,21,female,pharmacy,4th year,no formal,cloudy,3.15,9.93,25,0,festival
406,20,female,b.tech,4th year,high school,hot,5.17,8.97,14,0,personal work
407,18,female,nursing,1st year,graduate,cloudy,3.14,6.4,18,1,none
408,24,female,bca,1st year,no formal,cloudy,1.8,5.72,85,1,none
410,18,male,pharmacy,2nd year,post graduate,cloudy,0.86,4.2,13,0,travel
411,18,female,nursing,3rd year,high school,cold,2.88,5.5,39,0,no reason
412,19,male,b.sc,4th year,no formal,cloudy,3.18,5.43,79,1,none
413,18,female,pharmacy,3rd year,post graduate,hot,1.25,7.69,27,0,personal work
414,17,female,b.sc,4th year,no formal,cold,2.13,8.56,46,1,none
415,22,male,bca,2nd year,graduate,cold,1.7,8.47,79,0,no reason
417,17,male,b.com,3rd year,high school,cloudy,0.29,5.12,79,0,sick
418,19,male,bca,2nd year,post graduate,cold,4.56,9.04,70,1,none
419,21,female,bca,3rd year,high school,sunny,1.27,5.67,68,0,none
421,22,male,pharmacy,3rd year,high school,cloudy,4.15,7.18,8,1,none
422,23,female,ba,2nd year,no formal,cloudy,5.17,4.58,55,1,none
423,21,female,diploma,2nd year,post graduate,hot,0.15,5.33,18,1,none
425,18,male,b.tech,3rd year,high school,cold,2.21,5.24,71,1,none
426,23,male,diploma,1st year,high school,cloudy,3.0,5.45,34,1,none
427,23,female,pharmacy,3rd year,phd,cloudy,5.82,4.82,84,0,festival
428,17,male,b.sc,3rd year,graduate,rainy,3.29,7.48,40,0,personal work
430,17,male,b.tech,4th year,phd,hot,5.18,9.18,49,1,none
431,22,female,ba,3rd year,graduate,hot,3.21,7.95,12,0,personal work
432,23,male,nursing,1st year,high school,cloudy,1.53,4.68,30,0,festival
434,20,female,diploma,1st year,graduate,cold,2.92,8.55,51,1,none
435,17,male,diploma,1st year,high school,rainy,1.82,4.06,32,0,personal work
436,21,male,b.com,4th year,phd,cold,1.5,7.01,66,1,none
437,24,male,nursing,1st year,post graduate,sunny,2.52,9.74,46,1,none
438,17,male,bca,1st year,graduate,hot,1.79,8.29,36,0,festival
440,24,female,bca,2nd year,post graduate,cold,5.52,8.17,72,1,none
442,18,male,bba,2nd year,high school,cloudy,1.14,4.36,70,1,none
444,21,female,nursing,1st year,phd,rainy,4.09,7.55,12,1,none
445,22,female,ba,4th year,phd,cold,5.22,6.62,30,1,none
450,24,female,diploma,3rd year,high school,hot,4.92,7.45,14,0,personal work
454,21,female,bba,2nd year,no formal,hot,4.32,4.49,66,1,none
455,21,male,nursing,3rd year,phd,sunny,3.53,5.73,79,0,no reason
456,18,female,b.sc,2nd year,no formal,hot,0.72,7.94,74,0,no reason
457,22,male,b.com,2nd year,graduate,cloudy,5.58,5.42,67,1,none
458,23,male,b.sc,4th year,graduate,cloudy,5.9,7.74,58,1,none
459,17,female,ba,2nd year,post graduate,sunny,5.35,6.51,66,0,project work
460,22,female,nursing,3rd year,phd,cloudy,5.5,6.99,29,1,none
461,18,female,b.sc,4th year,graduate,sunny,5.19,4.75,54,1,none
464,17,female,diploma,2nd year,phd,sunny,0.6,8.11,57,0,none
465,24,female,bca,1st year,phd,hot,0.55,6.64,53,0,personal work
467,21,male,bca,3rd year,high school,rainy,1.82,7.92,68,0,no reason
471,23,male,bca,1st year,phd,hot,3.52,9.1,38,1,none
472,20,female,pharmacy,3rd year,graduate,rainy,3.91,5.21,24,1,none
474,22,male,ba,1st year,graduate,rainy,2.89,4.15,6,1,none
475,23,male,pharmacy,4th year,phd,cloudy,2.89,7.48,23,1,none
476,23,female,bca,3rd year,post graduate,sunny,3.72,6.65,51,0,personal work
477,17,female,nursing,3rd year,post graduate,hot,3.19,8.18,86,0,personal work
479,17,female,bba,2nd year,high school,sunny,5.34,5.26,15,1,none
481,23,male,nursing,1st year,phd,rainy,3.69,6.32,42,0,travel
482,19,female,diploma,3rd year,graduate,sunny,2.86,7.21,13,1,none
483,23,male,b.sc,1st year,post graduate,rainy,2.85,6.49,9,0,no reason
484,20,male,bba,1st year,graduate,rainy,2.76,4.33,50,0,project work
485,18,male,b.tech,2nd year,no formal,sunny,3.84,4.31,18,1,none
487,21,female,bca,4th year,no formal,sunny,1.56,4.43,49,1,none
488,23,male,b.sc,4th year,no formal,rainy,4.07,8.47,41,1,none
489,21,male,diploma,4th year,high school,cold,3.82,4.9,44,0,none
490,24,female,diploma,3rd year,high school,cold,2.61,5.53,18,1,none
493,21,male,b.sc,2nd year,post graduate,cloudy,0.23,8.86,53,1,none
495,20,female,bba,3rd year,phd,cold,3.69,6.45,48,1,none
497,19,male,b.tech,2nd year,no formal,cloudy,4.31,6.61,29,1,none
498,24,female,bca,4th year,no formal,sunny,3.45,9.94,67,1,none
500,17,male,nursing,3rd year,graduate,hot,3.27,4.92,77,0,no reason
502,24,male,diploma,4th year,no formal,rainy,4.41,4.64,84,1,none
507,18,male,b.sc,3rd year,phd,hot,1.25,5.24,40,1,none
508,19,female,bca,4th year,graduate,cold,1.1,7.14,89,0,festival
510,24,male,ba,2nd year,no formal,cold,3.82,9.06,31,1,none
511,22,male,b.sc,4th year,post graduate,sunny,5.1,7.17,69,1,none
512,23,male,bca,4th year,high school,sunny,3.32,5.73,20,0,personal work
514,24,male,bba,4th year,graduate,cloudy,3.62,6.79,58,1,none
515,17,female,bba,1st year,phd,rainy,5.12,4.1,24,1,none
516,24,female,bba,3rd year,post graduate,cloudy,3.76,7.9,68,1,none
517,17,female,b.sc,3rd year,post graduate,sunny,5.27,9.13,29,1,none
520,19,female,b.tech,4th year,no formal,hot,0.64,7.58,50,0,sick
522,18,male,b.sc,3rd year,post graduate,cold,2.16,6.08,74,1,none
524,19,male,b.com,3rd year,no formal,cold,4.79,7.65,13,1,none
525,19,male,b.com,4th year,post graduate,hot,5.04,4.93,14,0,none
526,24,male,b.com,4th year,post graduate,hot,2.1,6.91,84,0,none
527,18,male,nursing,1st year,post graduate,sunny,3.74,7.38,45,0,sick
529,24,male,diploma,3rd year,phd,cloudy,5.01,9.39,52,0,personal work
531,18,female,pharmacy,1st year,high school,cold,1.11,9.59,7,0,project work
532,18,male,nursing,2nd year,graduate,rainy,2.21,9.14,60,1,none
533,19,female,b.tech,2nd year,phd,hot,0.4,5.54,13,1,none
534,21,male,ba,1st year,phd,sunny,2.57,8.01,33,0,project work
535,18,male,diploma,4th year,no formal,hot,3.42,9.58,79,1,none
536,20,female,b.tech,1st year,phd,sunny,4.86,9.84,54,1,none
538,21,female,bca,3rd year,phd,sunny,0.71,4.71,35,0,sick
539,17,male,ba,3rd year,phd,cold,2.08,6.86,89,0,travel
542,18,male,bba,1st year,no formal,sunny,4.62,7.44,19,1,none
545,17,female,b.tech,2nd year,post graduate,hot,1.78,7.87,71,1,none
546,20,male,b.com,3rd year,no formal,hot,5.81,6.12,60,1,none
547,21,female,b.sc,3rd year,phd,cloudy,2.35,6.87,25,1,none
548,21,female,b.com,1st year,high school,cold,0.05,4.68,60,0,none
549,22,male,nursing,1st year,no formal,hot,2.0,8.07,44,0,festival
550,23,male,b.sc,4th year,high school,cloudy,2.76,9.43,15,0,personal work
551,20,male,b.sc,3rd year,phd,cloudy,5.85,6.71,44,1,none
552,23,male,b.sc,4th year,graduate,rainy,3.62,6.42,68,1,none
554,24,male,b.sc,3rd year,high school,sunny,0.05,5.62,53,1,none
555,21,female,b.sc,2nd year,post graduate,cloudy,2.43,9.49,38,1,none
556,22,female,bca,1st year,no formal,cold,5.91,9.71,24,1,none
557,24,male,b.sc,3rd year,graduate,sunny,3.31,8.69,70,1,none
560,21,female,b.tech,4th year,post graduate,rainy,1.17,6.79,76,0,personal work
562,20,male,b.tech,3rd year,post graduate,cold,2.59,7.82,19,1,none
565,18,female,diploma,4th year,no formal,hot,3.01,5.18,43,0,project work
568,22,female,ba,4th year,post graduate,cloudy,5.51,9.1,30,1,none
569,21,male,bca,1st year,no formal,cloudy,2.44,5.82,30,0,no reason
570,24,male,diploma,3rd year,high school,rainy,5.33,7.29,40,1,none
571,20,male,ba,1st year,post graduate,rainy,2.53,7.52,82,0,sick
572,19,male,nursing,3rd year,phd,sunny,4.21,7.14,41,1,none
574,17,male,diploma,2nd year,no formal,rainy,5.28,8.56,86,0,sick
576,24,male,pharmacy,2nd year,no formal,cloudy,3.36,8.83,9,1,none
577,21,female,nursing,1st year,no formal,hot,0.08,5.18,22,1,none
578,24,female,bca,1st year,post graduate,hot,5.25,6.06,6,1,none
579,17,male,ba,1st year,high school,cloudy,0.85,8.82,32,0,project work
580,17,male,ba,1st year,no formal,cold,2.08,4.19,38,0,festival
581,23,male,nursing,2nd year,graduate,rainy,4.38,5.89,72,1,none
582,17,male,b.com,1st year,high school,hot,3.02,8.1,79,1,none
584,20,female,bba,4th year,phd,rainy,0.66,8.9,39,0,festival
587,17,female,b.tech,2nd year,post graduate,hot,3.54,7.11,83,1,none
589,23,male,b.tech,4th year,high school,cold,0.9,8.1,33,1,none
590,23,female,b.tech,3rd year,no formal,cloudy,1.99,7.92,13,1,none
591,24,female,b.com,1st year,phd,sunny,0.37,4.33,61,1,none
592,18,female,bba,4th year,no formal,sunny,3.68,9.48,18,1,none
595,23,female,pharmacy,2nd year,no formal,hot,1.29,8.03,85,1,none
596,21,male,ba,3rd year,high school,hot,3.29,4.55,41,1,none
597,23,female,pharmacy,4th year,no formal,cold,1.75,9.29,58,1,none
601,23,male,pharmacy,4th year,high school,cold,4.09,6.18,9,1,none
602,22,male,bba,4th year,post graduate,rainy,2.31,7.03,19,0,project work
603,18,female,diploma,3rd year,post graduate,sunny,0.28,7.72,71,0,festival
604,23,female,bca,4th year,no formal,cold,5.58,8.06,62,1,none
605,21,female,bba,3rd year,post graduate,rainy,3.38,7.36,66,0,personal work
607,21,female,pharmacy,3rd year,no formal,cold,5.52,7.48,9,1,none
608,24,female,bba,4th year,high school,sunny,4.74,6.33,58,1,none
610,23,female,bca,4th year,graduate,sunny,3.79,5.13,21,1,none
611,20,female,bca,1st year,no formal,hot,2.75,6.39,25,0,no reason
612,23,male,b.tech,2nd year,post graduate,rainy,5.53,5.5,81,0,travel
613,20,female,b.sc,4th year,post graduate,sunny,2.4,8.75,87,1,none
614,22,female,pharmacy,1st year,graduate,rainy,4.42,7.09,21,1,none
615,22,male,b.com,4th year,no formal,cloudy,5.18,5.56,83,1,none
616,18,male,bca,3rd year,no formal,cold,3.59,5.69,12,0,project work
618,17,male,bca,1st year,graduate,sunny,0.83,6.18,70,1,none
619,18,male,b.sc,1st year,post graduate,cloudy,4.04,7.88,36,0,no reason
620,20,male,nursing,2nd year,post graduate,cloudy,2.04,8.24,61,1,none
621,20,male,b.tech,2nd year,high school,cloudy,5.93,6.04,25,1,none
622,18,female,diploma,4th year,post graduate,sunny,5.63,7.79,28,0,sick
623,20,female,b.com,4th year,no formal,sunny,1.63,8.62,47,1,none
624,21,female,bca,1st year,no formal,cloudy,3.42,4.52,53,0,festival
625,18,female,bba,3rd year,post graduate,hot,1.26,7.45,89,0,none
626,19,female,bca,4th year,phd,cold,3.98,8.8,87,0,festival
628,21,male,bba,1st year,graduate,rainy,0.43,9.67,37,1,none
630,22,male,nursing,3rd year,high school,sunny,3.66,6.74,23,1,none
632,20,female,pharmacy,1st year,post graduate,hot,3.71,4.92,12,1,none
633,20,female,pharmacy,1st year,no formal,hot,4.87,5.21,70,0,travel
634,18,male,bca,1st year,phd,rainy,2.87,8.27,35,0,project work
635,22,female,bca,2nd year,post graduate,cold,0.87,8.94,75,0,project work
636,18,female,b.tech,4th year,high school,sunny,2.12,4.61,64,0,travel
638,23,male,b.sc,2nd year,high school,hot,5.31,8.32,30,1,none
639,24,female,b.sc,3rd year,no formal,rainy,3.36,4.17,66,1,none
643,20,female,nursing,4th year,post graduate,hot,5.79,6.34,68,0,festival
645,19,male,nursing,1st year,post graduate,sunny,0.57,7.42,41,0,none
647,21,female,bba,1st year,high school,cloudy,4.09,7.25,87,0,personal work
648,24,female,pharmacy,1st year,no formal,cloudy,3.01,4.9,41,0,personal work
649,23,male,pharmacy,1st year,post graduate,rainy,1.0,5.17,52,0,no reason
650,20,female,ba,4th year,no formal,sunny,4.97,8.08,39,1,none
651,22,male,nursing,2nd year,no formal,sunny,0.63,7.53,86,0,project work
653,23,male,b.sc,3rd year,graduate,rainy,3.63,9.45,87,0,project work
654,21,female,bba,4th year,phd,cold,2.82,6.66,25,0,personal work
655,21,male,bca,3rd year,post graduate,cold,5.02,5.11,52,1,none
656,23,female,bca,4th year,post graduate,cloudy,5.04,9.03,57,1,none
657,22,female,nursing,2nd year,no formal,cold,0.82,9.7,75,1,none
658,17,male,ba,4th year,post graduate,cold,3.38,9.16,43,0,personal work
661,22,female,b.tech,2nd year,post graduate,cloudy,1.87,5.67,30,1,none
662,17,male,bba,1st year,no formal,cloudy,4.78,4.92,5,1,none
665,22,female,ba,2nd year,phd,cold,5.23,9.93,6,1,none
666,21,female,b.com,1st year,phd,sunny,1.13,6.62,48,0,no reason
667,23,male,b.com,4th year,phd,sunny,3.25,6.07,32,1,none
668,24,female,ba,1st year,graduate,hot,0.22,8.05,16,1,none
669,18,male,b.tech,2nd year,post graduate,rainy,4.51,5.04,42,0,none
670,24,female,b.tech,2nd year,post graduate,hot,2.26,4.06,43,0,sick
672,22,female,pharmacy,1st year,post graduate,cloudy,1.82,7.81,86,0,sick
673,17,female,bba,4th year,phd,sunny,5.3,7.02,46,1,none
676,21,male,pharmacy,4th year,post graduate,rainy,3.89,5.45,9,0,project work
677,17,male,bca,4th year,post graduate,rainy,3.13,6.46,22,1,none
678,21,male,diploma,2nd year,phd,cold,3.1,5.83,22,0,none
680,22,female,bca,2nd year,phd,hot,3.09,9.07,33,0,sick
682,24,female,pharmacy,1st year,phd,sunny,2.18,7.89,11,1,none
685,23,male,pharmacy,2nd year,no formal,hot,5.93,5.36,74,1,none
688,20,male,b.com,4th year,phd,hot,2.57,7.77,45,1,none
689,23,female,nursing,4th year,high school,sunny,2.58,6.36,44,0,none
692,24,female,nursing,1st year,no formal,cold,4.34,9.09,55,0,personal work
693,24,female,bca,4th year,post graduate,hot,5.39,6.93,66,0,personal work
694,17,male,b.sc,3rd year,high school,cloudy,5.04,9.51,15,1,none
695,19,female,pharmacy,4th year,no formal,sunny,5.25,7.45,60,1,none
696,22,female,b.com,2nd year,phd,sunny,3.15,7.23,85,0,festival
697,21,female,b.com,2nd year,phd,cold,1.19,5.36,58,1,none
698,17,male,b.sc,3rd year,no formal,sunny,2.95,4.47,64,0,project work
700,21,female,ba,2nd year,no formal,cloudy,5.6,7.25,68,0,project work
701,21,male,nursing,1st year,post graduate,rainy,3.66,7.34,65,0,sick
702,18,female,nursing,4th year,post graduate,cloudy,5.31,8.62,84,1,none
703,18,female,bba,2nd year,high school,hot,1.02,7.19,25,1,none
704,18,male,b.com,4th year,no formal,rainy,0.9,9.17,73,0,travel
705,21,female,ba,3rd year,graduate,hot,0.09,4.97,13,0,festival
708,20,male,b.tech,2nd year,phd,sunny,5.4,9.4,71,1,none
709,20,female,b.tech,2nd year,post graduate,cold,2.51,6.66,71,1,none
710,22,female,nursing,1st year,phd,rainy,3.42,8.45,56,1,none
713,23,female,b.sc,2nd year,graduate,sunny,2.96,8.43,71,0,none
714,24,male,bba,3rd year,post graduate,hot,5.64,8.26,72,1,none
715,23,female,pharmacy,1st year,no formal,hot,1.67,6.49,11,1,none
716,21,male,b.sc,1st year,graduate,cold,0.06,4.11,21,0,personal work
720,18,female,pharmacy,1st year,no formal,cold,2.2,5.36,45,1,none
722,23,female,diploma,1st year,high school,hot,3.57,9.16,70,0,travel
723,17,female,b.com,1st year,high school,rainy,5.21,9.87,69,1,none
725,17,male,pharmacy,2nd year,graduate,rainy,4.6,9.79,38,0,project work
728,20,female,bba,2nd year,no formal,cold,3.01,7.99,6,0,none
729,22,male,b.com,4th year,no formal,hot,1.74,6.07,31,1,none
731,20,male,nursing,2nd year,no formal,hot,4.88,5.73,53,1,none
734,18,female,b.tech,1st year,phd,cold,5.38,9.11,53,0,sick
735,22,female,b.tech,3rd year,graduate,hot,4.78,9.57,14,1,none
736,22,male,ba,4th year,high school,sunny,5.41,7.45,31,0,festival
737,19,female,pharmacy,4th year,post graduate,cold,0.09,6.05,88,0,sick
738,22,male,b.com,4th year,graduate,cold,1.69,7.13,48,0,travel
740,23,female,diploma,4th year,post graduate,cold,5.93,6.62,5,0,personal work
741,23,male,bca,3rd year,phd,rainy,2.4,9.9,50,1,none
743,19,male,b.sc,1st year,no formal,rainy,3.47,5.99,81,1,none
744,23,female,b.sc,1st year,post graduate,hot,5.17,4.2,77,1,none
745,19,male,b.sc,2nd year,phd,cold,1.46,5.27,79,1,none
746,21,male,b.tech,3rd year,no formal,sunny,0.67,8.38,44,1,none
747,19,male,bba,4th year,phd,hot,0.74,4.32,7,0,no reason
748,19,male,bca,1st year,post graduate,rainy,4.5,6.47,41,0,sick
753,24,female,nursing,3rd year,post graduate,cloudy,5.18,4.25,69,1,none
754,21,female,b.tech,4th year,graduate,rainy,0.49,5.98,55,1,none
755,20,male,nursing,4th year,post graduate,hot,1.93,7.53,7,1,none
757,20,female,bba,1st year,high school,cold,5.48,8.07,12,1,none
758,18,female,nursing,1st year,phd,hot,2.78,9.25,79,1,none
759,22,male,bba,4th year,no formal,cloudy,3.69,5.41,38,1,none
760,18,female,bca,3rd year,post graduate,sunny,5.21,5.21,57,0,no reason
762,24,female,bca,2nd year,post graduate,rainy,2.44,4.35,35,0,no reason
763,24,female,diploma,4th year,graduate,sunny,2.58,9.7,77,1,none
765,23,male,b.sc,4th year,no formal,sunny,4.39,7.54,12,1,none
768,18,female,ba,1st year,graduate,hot,1.11,5.77,74,0,sick
770,22,male,diploma,1st year,no formal,sunny,3.39,6.71,73,1,none
771,24,male,pharmacy,4th year,high school,cold,4.1,6.24,75,1,none
772,17,male,b.com,1st year,post graduate,sunny,3.71,7.1,56,1,none
773,22,female,pharmacy,4th year,high school,sunny,1.96,5.98,18,1,none
775,24,female,b.tech,3rd year,post graduate,cloudy,5.83,5.81,41,1,none
777,17,male,ba,2nd year,no formal,sunny,1.32,8.22,16,1,none
779,23,male,bba,1st year,post graduate,cold,0.13,8.67,22,0,no reason
780,24,female,bca,3rd year,post graduate,hot,2.72,9.77,50,1,none
784,20,female,ba,3rd year,no formal,cloudy,0.07,5.39,50,0,project work
785,21,female,b.sc,1st year,no formal,cold,1.78,5.57,66,1,none
786,17,female,bca,3rd year,phd,cloudy,0.41,9.88,85,0,no reason
787,22,female,bca,4th year,graduate,cloudy,4.47,6.93,5,0,travel
789,17,female,pharmacy,1st year,graduate,rainy,1.39,5.36,16,0,festival
790,17,female,bca,1st year,graduate,cloudy,1.95,8.4,79,0,festival
791,20,female,pharmacy,1st year,no formal,sunny,3.77,8.4,22,0,personal work
792,22,male,diploma,3rd year,phd,cold,0.66,4.9,88,0,project work
793,23,male,b.tech,1st year,graduate,hot,4.24,7.07,13,1,none
794,20,female,b.sc,2nd year,graduate,hot,3.13,9.87,17,1,none
795,19,female,pharmacy,1st year,graduate,sunny,5.89,8.16,17,1,none
796,24,female,bca,2nd year,phd,cloudy,0.61,8.85,59,1,none
800,17,female,bca,4th year,no formal,cloudy,3.51,7.98,81,1,none
803,24,male,bca,4th year,graduate,sunny,4.93,8.56,58,1,none
804,22,female,ba,4th year,graduate,cold,5.24,9.94,33,1,none
805,23,female,b.tech,2nd year,no formal,cold,0.95,5.91,72,0,sick
807,17,female,b.com,3rd year,graduate,rainy,0.61,4.24,14,1,none
808,20,male,bca,4th year,no formal,hot,2.06,5.07,11,0,sick
809,24,male,b.com,3rd year,high school,rainy,4.06,4.71,81,1,none
810,17,male,b.tech,3rd year,no formal,cloudy,2.96,5.77,47,1,none
811,24,male,pharmacy,1st year,phd,cloudy,0.48,6.74,70,0,sick
812,22,male,diploma,2nd year,post graduate,rainy,1.07,5.87,84,1,none
814,23,female,b.com,2nd year,no formal,sunny,1.06,4.27,67,0,project work
817,17,female,diploma,3rd year,graduate,cold,1.88,9.77,14,0,travel
818,22,female,b.com,2nd year,post graduate,cold,5.06,9.57,14,1,none
819,24,male,ba,1st year,high school,cold,1.43,9.86,53,1,none
821,22,female,b.tech,3rd year,high school,hot,3.38,9.46,50,1,none
823,22,male,b.tech,2nd year,no formal,cold,5.39,6.96,66,0,sick
824,21,male,bca,4th year,high school,cold,2.4,4.85,85,1,none
825,17,male,bba,1st year,post graduate,sunny,0.05,8.32,89,0,festival
827,24,female,pharmacy,1st year,phd,sunny,2.59,8.07,24,0,none
828,23,male,bba,4th year,phd,hot,4.08,6.76,88,0,festival
829,17,male,b.com,4th year,high school,cold,2.01,9.73,53,1,none
830,18,female,pharmacy,1st year,post graduate,cold,4.64,5.09,56,1,none
833,18,female,nursing,3rd year,high school,sunny,0.09,6.1,49,0,festival
835,23,male,pharmacy,1st year,graduate,cold,2.57,7.18,41,1,none
837,18,male,b.com,1st year,phd,rainy,3.66,8.94,34,1,none
838,17,female,b.tech,2nd year,graduate,cloudy,2.25,7.8,60,0,travel
841,22,male,bca,2nd year,high school,rainy,5.04,5.96,53,0,none
842,24,female,nursing,2nd year,phd,sunny,2.28,4.72,30,0,travel
843,17,male,bba,4th year,post graduate,rainy,4.75,5.12,38,0,sick
844,17,male,b.com,2nd year,phd,cold,3.97,5.07,25,0,sick
845,17,female,nursing,4th year,high school,cloudy,0.75,6.96,23,0,travel
846,18,female,bba,4th year,graduate,sunny,1.99,7.07,22,0,sick
847,17,male,b.com,1st year,no formal,hot,2.44,7.53,53,1,none
849,21,female,nursing,1st year,high school,cloudy,2.31,7.85,45,1,none
850,24,female,b.com,3rd year,high school,rainy,3.35,8.72,14,1,none
851,23,female,bca,1st year,post graduate,hot,5.28,8.12,43,1,none
852,24,female,pharmacy,2nd year,high school,cloudy,4.83,5.46,73,0,project work
853,18,male,nursing,4th year,phd,cloudy,1.9,5.79,88,1,none
854,19,female,b.sc,1st year,post graduate,cloudy,1.17,5.82,45,0,festival
856,18,female,b.tech,4th year,high school,cold,2.0,8.93,12,1,none
857,17,female,bca,4th year,graduate,cold,3.39,9.69,72,1,none
859,23,female,b.tech,2nd year,post graduate,rainy,2.6,6.2,32,1,none
860,24,male,diploma,3rd year,phd,cold,2.01,8.8,31,0,sick
861,24,male,b.com,3rd year,graduate,hot,1.08,5.27,47,0,sick
863,23,female,nursing,3rd year,graduate,sunny,4.18,4.08,77,0,none
864,23,female,bca,1st year,high school,sunny,0.27,9.94,54,0,festival
865,22,male,bca,3rd year,no formal,cold,4.09,6.01,58,1,none
866,23,male,b.tech,3rd year,high school,rainy,4.32,7.35,75,1,none
867,23,female,pharmacy,2nd year,high school,cloudy,4.54,5.49,27,0,personal work
869,17,male,ba,1st year,graduate,cold,2.49,7.6,12,1,none
870,20,female,b.tech,3rd year,high school,cloudy,2.85,7.5,85,0,sick
872,17,male,pharmacy,4th year,high school,cloudy,3.43,6.79,45,1,none
873,17,male,nursing,4th year,post graduate,cold,0.35,4.71,36,1,none
874,22,male,b.tech,2nd year,post graduate,cloudy,3.59,7.53,88,0,project work
876,21,female,b.tech,4th year,post graduate,sunny,1.05,4.06,30,0,no reason
879,22,female,b.tech,4th year,no formal,sunny,0.7,6.52,18,0,travel
880,17,male,b.sc,1st year,high school,sunny,2.28,8.73,53,1,none
881,23,male,nursing,3rd year,phd,cloudy,2.89,5.61,9,0,travel
882,20,female,bca,1st year,no formal,cold,3.1,4.81,60,0,travel
883,18,female,nursing,2nd year,high school,sunny,4.72,9.3,12,1,none
884,23,male,bca,3rd year,no formal,rainy,1.81,5.5,40,0,no reason
886,17,male,b.tech,2nd year,post graduate,rainy,2.16,7.13,22,1,none
887,18,female,bba,4th year,no formal,cold,1.19,6.46,31,1,none
889,19,female,b.sc,4th year,phd,cold,4.33,7.44,78,1,none
891,22,male,ba,4th year,no formal,sunny,5.63,5.96,54,1,none
895,21,male,b.sc,4th year,no formal,rainy,0.76,8.0,86,0,sick
896,21,male,b.sc,4th year,high school,cloudy,0.12,8.01,16,0,none
897,17,male,nursing,2nd year,no formal,cloudy,4.68,5.95,61,1,none
899,21,male,ba,3rd year,phd,hot,5.38,7.03,71,0,travel
900,17,female,b.com,2nd year,post graduate,rainy,0.88,4.51,62,0,no reason
901,17,female,nursing,1st year,high school,cloudy,4.2,4.06,30,0,festival
904,20,male,nursing,2nd year,phd,cloudy,0.91,7.01,50,0,project work
906,20,male,diploma,1st year,phd,hot,5.04,5.0,30,0,personal work
907,18,male,ba,2nd year,high school,rainy,2.15,4.28,19,1,none
908,19,male,ba,4th year,phd,hot,1.65,7.11,19,1,none
909,17,female,b.sc,4th year,high school,sunny,5.85,4.13,48,1,none
910,23,female,b.tech,4th year,post graduate,cold,3.98,9.73,37,0,festival
913,24,female,pharmacy,4th year,graduate,cold,0.45,7.49,47,0,sick
914,21,female,b.com,2nd year,graduate,cloudy,5.1,8.2,30,1,none
915,20,male,diploma,2nd year,no formal,sunny,1.45,7.12,23,0,travel
917,23,female,nursing,1st year,phd,cold,3.02,7.69,47,1,none
919,22,female,nursing,1st year,post graduate,cold,5.41,7.01,63,0,sick
923,18,female,bca,4th year,graduate,rainy,0.35,6.63,64,0,personal work
924,18,male,bba,3rd year,graduate,hot,1.58,7.42,23,0,travel
925,24,male,diploma,1st year,graduate,cloudy,3.16,5.27,76,0,no reason
926,21,female,bca,2nd year,post graduate,hot,0.54,8.84,30,1,none
929,21,male,b.tech,2nd year,graduate,cloudy,0.39,4.67,25,0,travel
930,21,female,diploma,2nd year,no formal,cloudy,0.49,9.82,74,0,travel
932,19,male,bca,4th year,high school,rainy,3.25,6.16,70,0,festival
933,22,female,diploma,3rd year,no formal,hot,4.99,5.15,9,0,travel
935,24,male,b.com,4th year,graduate,cold,2.34,5.22,85,1,none
936,18,male,pharmacy,3rd year,no formal,sunny,1.21,7.8,23,0,festival
937,18,female,pharmacy,2nd year,no formal,cloudy,0.63,7.76,83,0,festival
939,21,male,b.tech,1st year,phd,sunny,1.04,4.83,77,1,none
941,20,male,diploma,1st year,graduate,cold,0.54,7.49,62,1,none
942,24,female,b.tech,1st year,high school,hot,0.39,6.69,54,0,festival
943,20,female,pharmacy,4th year,post graduate,cloudy,4.84,6.05,36,1,none
944,18,male,nursing,1st year,graduate,hot,5.22,5.33,42,0,sick
948,24,male,nursing,2nd year,high school,cloudy,2.41,6.54,11,0,none
949,19,female,nursing,4th year,no formal,cloudy,2.39,7.04,63,0,personal work
951,19,male,diploma,3rd year,high school,rainy,2.71,9.56,74,0,festival
952,21,female,pharmacy,3rd year,phd,hot,1.14,4.33,29,1,none
953,20,female,pharmacy,2nd year,post graduate,rainy,2.38,4.48,30,0,travel
954,23,female,b.tech,3rd year,high school,sunny,5.68,6.95,59,0,personal work
955,21,female,bca,1st year,post graduate,hot,4.03,5.95,19,1,none
957,22,male,bba,4th year,no formal,rainy,4.36,6.56,42,1,none
960,18,male,nursing,1st year,phd,rainy,1.58,7.12,35,0,no reason
962,23,male,diploma,4th year,post graduate,rainy,3.51,4.5,32,0,festival
963,18,male,b.com,2nd year,graduate,sunny,3.84,6.06,80,0,none
964,24,female,diploma,4th year,high school,sunny,3.62,5.45,87,1,none
967,19,female,ba,3rd year,phd,rainy,3.6,9.75,54,1,none
969,17,male,nursing,2nd year,graduate,cloudy,3.2,4.06,58,0,none
971,20,female,pharmacy,2nd year,graduate,rainy,5.81,5.27,56,1,none
972,20,male,bca,4th year,phd,cold,1.21,4.19,41,0,no reason
973,20,male,pharmacy,2nd year,post graduate,cloudy,0.75,8.01,39,1,none
974,18,male,bba,4th year,graduate,cold,0.75,4.17,63,1,none
975,18,male,b.sc,4th year,post graduate,cold,3.55,7.24,54,0,none
976,17,male,bca,4th year,graduate,cloudy,5.15,6.42,49,1,none
978,19,male,pharmacy,2nd year,no formal,hot,5.26,8.37,28,1,none
979,21,female,bca,2nd year,no formal,cloudy,4.78,5.11,8,1,none
981,22,male,b.sc,2nd year,no formal,hot,2.4,4.12,22,1,none
983,22,female,bca,3rd year,high school,cloudy,5.45,4.57,20,0,travel
984,21,male,ba,4th year,graduate,cold,2.61,9.36,20,1,none
986,21,female,b.tech,3rd year,phd,rainy,5.53,9.11,11,1,none
987,19,female,pharmacy,4th year,post graduate,rainy,4.26,5.67,49,0,festival
992,18,male,nursing,1st year,no formal,hot,0.59,6.45,5,0,no reason
993,20,female,pharmacy,2nd year,post graduate,sunny,1.41,5.85,75,0,sick
994,21,male,bba,2nd year,high school,rainy,3.89,6.09,20,0,festival
997,19,female,b.sc,3rd year,post graduate,sunny,3.84,6.25,57,1,none
998,24,female,bba,2nd year,high school,sunny,2.67,4.81,89,0,project work
1000,23,male,diploma,1st year,phd,hot,1.12,5.48,42,0,no reason
1001,22,female,pharmacy,3rd year,high school,rainy,0.12,9.04,23,1,none
1003,24,male,b.tech,1st year,post graduate,hot,2.88,8.47,42,0,festival
1005,24,male,b.sc,3rd year,graduate,hot,0.25,5.7,80,0,sick
1007,21,female,pharmacy,2nd year,graduate,hot,1.31,9.51,26,1,none
1010,19,female,bca,2nd year,phd,hot,1.86,7.39,84,1,none
1012,18,female,diploma,2nd year,post graduate,rainy,2.12,4.83,19,0,none
1013,19,female,b.sc,1st year,no formal,sunny,2.95,6.56,86,1,none
1015,23,male,bba,1st year,high school,rainy,5.35,8.94,26,0,personal work
1016,20,female,ba,1st year,no formal,sunny,0.41,4.54,23,0,project work
1017,20,male,nursing,3rd year,high school,rainy,4.31,7.48,19,0,personal work
1018,17,female,b.com,2nd year,no formal,rainy,0.13,4.64,41,1,none
1020,17,male,bba,3rd year,graduate,hot,3.25,8.65,17,1,none
1021,17,female,b.sc,3rd year,post graduate,cloudy,3.71,8.24,75,1,none
1022,23,female,nursing,2nd year,phd,cold,3.41,6.14,57,0,personal work
1024,23,male,nursing,2nd year,no formal,rainy,5.02,6.21,26,0,no reason
1025,17,male,bca,4th year,no formal,cold,2.53,7.18,60,1,none
1026,17,male,nursing,2nd year,no formal,cloudy,3.72,9.28,82,1,none
1027,19,female,b.com,4th year,no formal,hot,2.95,7.23,42,1,none
1028,21,female,pharmacy,4th year,graduate,sunny,3.08,5.41,26,1,none
1030,20,female,bba,4th year,high school,sunny,0.28,6.9,34,0,no reason
1031,18,male,b.com,3rd year,graduate,sunny,2.6,5.41,21,1,none
1033,19,male,b.sc,4th year,post graduate,sunny,4.63,7.46,65,0,travel
1034,17,female,bca,3rd year,post graduate,rainy,4.17,4.91,42,0,project work
1035,22,female,pharmacy,3rd year,post graduate,hot,0.71,7.65,51,0,festival
1036,24,male,bca,4th year,graduate,cloudy,2.52,9.38,46,0,sick
1037,17,female,pharmacy,1st year,phd,sunny,4.56,5.46,34,1,none
1038,20,female,diploma,4th year,no formal,cold,0.3,9.76,14,0,no reason
1040,22,male,diploma,1st year,no formal,hot,2.28,4.16,52,1,none
1042,20,female,nursing,4th year,no formal,sunny,1.26,8.37,17,1,none
1044,22,male,bca,3rd year,no formal,sunny,1.97,5.32,72,0,no reason
1045,18,male,bba,3rd year,post graduate,cold,3.26,5.14,55,0,travel
1047,21,female,b.sc,4th year,graduate,sunny,4.38,8.72,39,1,none
1048,22,male,nursing,4th year,phd,rainy,1.33,4.96,83,0,sick
1050,21,male,pharmacy,4th year,graduate,rainy,5.25,7.59,6,1,none
1051,19,female,nursing,3rd year,high school,cloudy,0.3,7.46,82,1,none
1055,24,female,b.tech,4th year,graduate,cold,4.66,5.25,68,1,none
1056,20,male,bba,1st year,graduate,cold,3.0,4.79,48,0,festival
1057,23,male,ba,4th year,phd,cloudy,1.0,8.27,37,0,no reason
1059,19,female,pharmacy,1st year,no formal,hot,4.68,6.97,51,0,sick
1060,23,male,b.tech,3rd year,no formal,rainy,0.14,4.06,82,0,travel
1063,22,male,b.com,4th year,high school,sunny,1.37,5.15,18,0,none
1065,20,female,ba,4th year,phd,rainy,4.38,6.74,38,1,none
1066,24,female,diploma,1st year,phd,cold,5.04,7.07,41,0,travel
1068,19,male,diploma,3rd year,high school,hot,3.85,7.35,44,0,sick
1069,17,male,bba,4th year,post graduate,cold,1.77,7.59,46,1,none
1071,18,female,bba,1st year,graduate,hot,3.53,9.14,67,1,none
1072,23,male,ba,1st year,post graduate,sunny,1.43,8.68,44,0,festival
1074,20,male,diploma,4th year,phd,rainy,5.78,5.6,13,0,festival
1076,22,male,pharmacy,4th year,post graduate,hot,2.43,9.63,68,0,festival
1077,18,female,bba,3rd year,high school,hot,1.07,6.33,9,0,personal work
1078,20,female,b.com,3rd year,graduate,rainy,4.65,5.38,46,0,personal work
1080,24,female,ba,4th year,post graduate,cloudy,5.17,8.99,42,0,sick
1082,24,male,b.tech,4th year,graduate,cloudy,3.22,5.54,58,0,sick
1083,21,female,ba,2nd year,high school,sunny,3.64,8.44,22,1,none
1085,23,male,nursing,4th year,post graduate,cloudy,3.41,9.66,81,1,none
1089,18,male,b.tech,2nd year,post graduate,cloudy,2.57,8.76,39,1,none
1092,23,male,ba,1st year,no formal,cloudy,1.1,8.66,73,0,personal work
1093,20,female,bca,3rd year,post graduate,cloudy,5.13,8.41,77,1,none
1094,19,male,b.sc,1st year,high school,cold,0.81,7.81,30,1,none
1095,17,female,bba,3rd year,no formal,cloudy,0.56,9.64,33,0,personal work
1096,23,male,bca,3rd year,post graduate,cold,4.28,6.56,15,0,none
1097,23,female,diploma,4th year,post graduate,sunny,4.05,8.87,31,0,none
1098,17,female,bba,1st year,no formal,sunny,4.93,9.41,40,1,none
1099,20,female,pharmacy,2nd year,post graduate,sunny,0.35,7.93,46,0,personal work
1102,24,male,b.tech,4th year,post graduate,sunny,1.04,9.4,83,0,no reason
1103,18,male,bba,3rd year,graduate,rainy,0.94,8.16,73,1,none
1104,19,male,nursing,2nd year,high school,sunny,5.56,9.92,64,1,none
1106,18,male,b.sc,3rd year,no formal,rainy,3.31,6.24,55,0,festival
1107,24,male,bca,2nd year,graduate,cold,0.25,9.83,11,0,personal work
1108,24,male,pharmacy,3rd year,post graduate,sunny,5.64,9.58,79,1,none
1110,22,female,bba,2nd year,no formal,sunny,0.52,4.48,82,0,travel
1112,18,male,ba,1st year,graduate,cloudy,4.91,5.02,86,1,none
1113,19,female,b.tech,1st year,graduate,cloudy,3.89,4.69,5,0,travel
1114,18,female,diploma,1st year,post graduate,hot,5.69,8.09,61,1,none
1115,20,male,diploma,2nd year,phd,cold,0.98,4.37,50,0,sick
1118,22,male,bca,4th year,no formal,cold,4.53,5.92,51,1,none
1120,17,female,b.tech,3rd year,no formal,hot,1.19,5.65,32,0,no reason
1121,17,female,pharmacy,1st year,post graduate,cold,4.75,8.06,74,1,none
1123,18,female,nursing,3rd year,high school,cloudy,5.92,6.76,69,1,none
1124,23,male,bba,3rd year,no formal,hot,1.63,5.14,38,1,none
1127,22,male,pharmacy,3rd year,graduate,hot,1.37,7.46,17,0,none
1129,22,female,nursing,2nd year,high school,hot,0.2,9.86,68,1,none
1130,20,male,nursing,2nd year,no formal,sunny,0.83,4.49,42,0,none
1131,22,female,b.sc,2nd year,no formal,cold,2.83,4.06,40,1,none
1133,23,male,bca,4th year,phd,cold,4.04,9.61,21,1,none
1137,19,male,bca,4th year,no formal,cloudy,1.07,6.72,5,0,no reason
1138,22,male,b.com,1st year,post graduate,cloudy,2.18,7.7,30,1,none
1140,24,female,b.com,1st year,post graduate,cloudy,5.36,6.32,28,1,none
1141,19,female,bba,4th year,post graduate,hot,0.86,6.28,34,0,sick
1142,24,female,nursing,2nd year,phd,hot,4.89,4.6,56,0,no reason
1143,23,female,b.tech,4th year,phd,rainy,0.94,8.77,45,0,none
1144,19,female,ba,2nd year,post graduate,cloudy,3.0,9.7,77,0,festival
1145,20,female,bba,1st year,phd,cloudy,4.62,4.06,49,0,festival
1146,21,female,diploma,2nd year,graduate,rainy,5.14,9.01,18,1,none
1147,23,female,nursing,2nd year,phd,sunny,1.12,5.11,70,0,travel
1148,22,female,nursing,3rd year,no formal,rainy,1.09,9.64,27,1,none
1150,19,female,bba,3rd year,post graduate,rainy,5.02,9.14,20,1,none
1152,20,female,nursing,1st year,phd,cloudy,5.86,8.17,87,0,project work
1154,19,female,bba,3rd year,post graduate,rainy,0.32,5.59,35,0,sick
1155,21,female,diploma,2nd year,no formal,cloudy,5.93,7.11,34,0,personal work
1156,17,male,diploma,4th year,no formal,cold,2.55,9.34,47,1,none
1157,23,male,b.tech,1st year,post graduate,hot,4.36,8.54,25,1,none
1159,19,male,ba,2nd year,graduate,sunny,2.24,5.36,27,0,festival
1160,21,male,ba,2nd year,high school,hot,5.93,7.81,81,0,travel
1163,21,female,bba,3rd year,post graduate,rainy,2.81,5.67,20,0,festival
1164,21,female,b.tech,3rd year,post graduate,hot,0.95,5.27,41,1,none
1165,17,female,b.sc,2nd year,phd,sunny,5.73,8.16,60,1,none
1167,20,female,b.tech,3rd year,high school,sunny,5.37,9.11,21,0,personal work
1168,24,male,bba,1st year,graduate,hot,1.3,9.94,53,0,travel
1169,24,female,diploma,4th year,high school,cold,5.93,6.3,71,1,none
1170,22,male,pharmacy,4th year,post graduate,sunny,0.61,9.33,5,1,none
1172,20,male,b.com,4th year,post graduate,cold,0.33,7.95,64,1,none
1173,18,female,b.sc,3rd year,graduate,hot,1.86,9.68,17,0,none
1174,17,male,nursing,4th year,post graduate,sunny,5.04,7.5,50,0,personal work
1176,19,female,pharmacy,1st year,no formal,rainy,1.73,5.41,67,0,personal work
1177,18,male,b.tech,1st year,high school,sunny,1.42,9.88,42,0,none
1179,17,female,b.tech,4th year,phd,rainy,5.53,9.48,38,1,none
1180,21,female,b.tech,2nd year,high school,rainy,3.17,8.18,81,0,sick
1181,24,male,ba,4th year,phd,rainy,4.82,9.54,51,1,none
1182,22,male,ba,1st year,graduate,cold,1.07,8.54,38,0,no reason
1184,20,female,b.tech,4th year,no formal,sunny,1.4,4.98,47,1,none
1185,19,female,bba,2nd year,post graduate,cloudy,0.99,9.94,34,1,none
1187,21,female,pharmacy,1st year,phd,sunny,0.62,9.14,35,0,festival
1188,21,female,nursing,4th year,no formal,rainy,4.34,7.62,51,0,no reason
1190,20,male,diploma,4th year,phd,hot,3.54,9.32,70,1,none
1191,19,female,bca,1st year,graduate,cold,4.35,8.19,36,1,none
1193,22,male,pharmacy,2nd year,graduate,sunny,2.96,5.8,78,1,none
1194,21,male,bca,1st year,high school,cold,1.1,6.63,20,0,none
1195,22,female,bba,1st year,phd,sunny,2.38,9.17,57,1,none
1196,22,male,bca,1st year,graduate,rainy,3.41,9.2,43,1,none
1197,24,male,nursing,3rd year,no formal,cold,2.02,8.73,52,1,none
1198,23,male,diploma,1st year,high school,hot,3.92,6.38,86,1,none
1200,24,male,b.sc,1st year,graduate,cold,3.33,6.86,25,0,no reason
1202,24,female,ba,4th year,no formal,sunny,5.25,6.24,39,1,none
1204,22,male,pharmacy,3rd year,high school,rainy,4.72,8.22,83,1,none
1206,21,female,pharmacy,3rd year,post graduate,cold,2.82,9.3,75,1,none
1209,24,female,bba,4th year,post graduate,cold,1.01,9.5,58,0,travel
1211,23,male,bca,3rd year,graduate,sunny,3.23,4.89,16,1,none
1212,20,female,nursing,1st year,graduate,sunny,2.54,9.16,28,1,none
1213,23,female,bba,3rd year,post graduate,sunny,4.18,6.79,70,0,no reason
1220,22,female,diploma,3rd year,phd,cloudy,5.07,8.52,14,0,project work
1221,21,male,bca,2nd year,phd,sunny,2.16,8.15,62,1,none
1223,22,male,nursing,3rd year,phd,cloudy,5.04,9.7,24,1,none
1224,20,male,b.sc,4th year,no formal,cold,5.64,9.79,88,1,none
1226,17,male,b.sc,1st year,post graduate,sunny,1.22,5.27,22,0,sick
1227,24,male,b.com,2nd year,high school,hot,3.86,9.56,32,0,sick
1228,18,female,bba,1st year,graduate,hot,5.53,6.26,84,1,none
1229,19,female,ba,2nd year,phd,rainy,1.75,6.71,81,0,no reason
1230,23,male,ba,3rd year,no formal,hot,2.46,4.38,16,1,none
1231,22,female,b.com,1st year,phd,cold,1.05,8.22,9,0,festival
1232,24,male,ba,2nd year,high school,rainy,5.44,4.64,83,1,none
1233,22,male,bba,4th year,phd,hot,5.09,9.61,26,0,no reason
1234,22,male,b.sc,1st year,graduate,cold,3.53,5.95,38,0,travel
1236,17,female,pharmacy,2nd year,no formal,rainy,3.65,8.79,72,0,travel
1238,19,male,b.tech,3rd year,post graduate,cloudy,2.37,4.06,6,1,none
1241,23,female,ba,1st year,graduate,cold,3.41,8.7,10,1,none
1243,20,female,bca,1st year,post graduate,rainy,1.17,8.05,32,1,none
1244,24,female,b.tech,3rd year,no formal,cloudy,4.67,4.12,30,0,none
1246,23,female,bba,3rd year,no formal,cold,5.29,4.52,17,0,none
1247,20,female,diploma,2nd year,high school,sunny,5.36,6.76,71,0,festival
1249,24,female,bba,4th year,graduate,cold,1.25,5.38,10,0,festival
1250,18,male,bca,4th year,post graduate,cloudy,5.06,5.56,15,1,none
1253,23,male,b.tech,1st year,post graduate,rainy,2.47,7.24,16,1,none
1255,17,male,pharmacy,3rd year,no formal,hot,5.31,6.69,30,0,travel
1256,18,male,diploma,2nd year,graduate,sunny,2.0,9.08,30,1,none
1258,21,female,b.tech,2nd year,no formal,rainy,1.78,5.08,31,0,project work
1259,23,female,pharmacy,3rd year,graduate,rainy,3.75,9.03,66,1,none
1260,19,female,bba,3rd year,graduate,cold,2.15,9.02,60,1,none
1261,24,male,ba,4th year,phd,cloudy,2.8,8.53,76,1,none
1263,23,male,bba,4th year,graduate,hot,5.3,4.36,30,1,none
1266,17,male,b.sc,1st year,high school,cold,1.96,8.08,34,0,personal work
1267,19,female,pharmacy,2nd year,phd,cold,3.65,8.87,46,1,none
1268,24,male,bca,1st year,high school,hot,5.48,4.89,85,0,none
1269,17,female,b.com,2nd year,phd,cloudy,0.28,6.71,12,0,travel
1270,19,female,diploma,4th year,phd,cloudy,2.16,7.43,44,1,none
1271,17,male,diploma,2nd year,post graduate,cloudy,5.93,6.64,17,1,none
1274,23,male,b.com,3rd year,post graduate,cloudy,0.76,9.05,33,1,none
1277,23,female,b.sc,1st year,post graduate,rainy,4.52,8.58,45,1,none
1279,23,male,bba,4th year,phd,hot,1.45,6.4,52,1,none
1282,20,female,b.sc,4th year,graduate,sunny,1.7,9.49,23,1,none
1286,24,female,b.com,2nd year,phd,cold,0.54,5.52,9,0,festival
1288,17,female,nursing,4th year,post graduate,sunny,0.25,5.82,24,1,none
1289,21,female,nursing,1st year,phd,rainy,1.88,8.97,60,0,festival
1290,18,male,b.com,3rd year,high school,hot,2.79,6.01,7,1,none
1291,23,male,b.tech,4th year,post graduate,cold,0.48,8.37,14,1,none
1293,17,female,nursing,4th year,no formal,rainy,3.8,9.23,71,1,none
1294,24,female,bba,3rd year,post graduate,hot,0.67,8.71,26,1,none
1296,19,male,bba,1st year,graduate,cloudy,0.97,7.25,51,1,none
1297,22,male,bba,4th year,graduate,hot,4.35,9.04,31,0,project work
1298,21,male,b.tech,4th year,post graduate,cloudy,4.84,4.62,85,0,festival
1299,17,male,b.tech,2nd year,high school,sunny,2.23,6.35,43,1,none
1300,23,female,diploma,1st year,high school,cloudy,5.61,9.69,59,0,project work
1302,22,male,ba,4th year,high school,cold,1.85,9.52,10,0,none
1303,24,female,ba,3rd year,high school,rainy,4.28,6.01,19,0,none
1304,21,male,bca,4th year,no formal,sunny,2.07,8.79,68,1,none
1306,19,female,diploma,2nd year,graduate,cold,1.42,4.34,39,0,no reason
1307,18,male,bca,2nd year,no formal,rainy,1.43,6.53,79,0,none
1308,20,female,nursing,4th year,phd,cold,2.15,4.36,6,1,none
1309,23,female,bba,3rd year,graduate,rainy,4.03,5.64,38,1,none
1311,19,male,bba,4th year,no formal,hot,4.61,8.19,23,1,none
1314,24,male,ba,2nd year,high school,hot,3.08,7.8,86,0,personal work
1317,21,female,b.tech,2nd year,post graduate,rainy,2.83,9.75,17,1,none
1318,20,male,pharmacy,4th year,high school,cold,3.6,5.01,56,1,none
1319,20,female,diploma,1st year,no formal,rainy,5.0,4.5,66,0,none
1320,17,female,nursing,4th year,high school,hot,5.56,8.7,69,0,festival
1321,19,male,b.com,3rd year,post graduate,cold,5.32,9.88,18,1,none
1322,21,female,bca,1st year,post graduate,cold,3.27,4.41,68,0,no reason
1324,23,female,b.tech,1st year,high school,sunny,5.89,5.61,42,0,festival
1326,22,male,pharmacy,3rd year,high school,sunny,0.81,5.48,33,0,none
1328,22,female,b.sc,3rd year,phd,rainy,4.79,8.64,67,1,none
1329,19,male,pharmacy,2nd year,phd,hot,3.68,9.71,57,1,none
1331,22,female,nursing,3rd year,no formal,cold,3.75,8.51,20,1,none
1332,20,female,pharmacy,1st year,high school,hot,1.81,7.6,14,1,none
1333,23,male,pharmacy,1st year,phd,cloudy,4.2,6.46,13,1,none
1335,24,male,pharmacy,1st year,post graduate,cloudy,5.57,8.17,23,0,none
1336,22,male,diploma,4th year,post graduate,rainy,4.9,4.34,26,1,none
1337,19,male,b.com,1st year,high school,sunny,3.59,4.39,89,0,travel
1338,23,female,bba,2nd year,graduate,hot,2.29,8.3,67,1,none
1339,20,male,ba,3rd year,phd,rainy,3.04,8.35,62,1,none
1341,18,male,diploma,4th year,graduate,sunny,3.39,6.32,8,0,no reason
1345,24,male,pharmacy,4th year,post graduate,rainy,3.05,7.02,68,0,personal work
1346,23,male,nursing,2nd year,no formal,hot,0.27,8.08,69,0,personal work
1348,22,female,bca,4th year,phd,hot,3.08,4.71,35,0,project work
1350,17,male,ba,2nd year,no formal,cloudy,1.49,9.14,43,1,none
1351,20,female,diploma,3rd year,phd,cloudy,2.54,8.31,65,1,none
1352,20,male,ba,3rd year,post graduate,rainy,4.76,5.7,20,1,none
1353,24,female,pharmacy,4th year,high school,cold,2.7,5.44,43,0,travel
1354,18,male,pharmacy,4th year,high school,cold,5.64,7.84,69,1,none
1356,19,female,bba,4th year,post graduate,sunny,3.94,5.01,84,0,no reason
1357,18,male,bca,3rd year,high school,sunny,0.63,4.06,77,1,none
1358,17,female,pharmacy,3rd year,no formal,rainy,2.55,9.34,73,0,travel
1359,19,female,b.com,2nd year,graduate,cold,1.7,9.07,59,1,none
1361,17,female,bca,1st year,graduate,sunny,4.76,7.05,12,1,none
1362,19,female,b.tech,2nd year,no formal,hot,5.16,5.14,68,0,none
1364,21,female,b.sc,3rd year,high school,cold,1.9,6.55,41,0,travel
1370,24,female,nursing,3rd year,post graduate,cold,4.41,8.65,80,1,none
1371,19,female,ba,1st year,high school,rainy,2.91,4.95,57,1,none
1372,20,male,b.tech,4th year,post graduate,cold,3.99,6.66,33,0,personal work
1377,23,female,bca,2nd year,graduate,hot,3.25,7.29,32,1,none
1378,21,male,nursing,2nd year,graduate,hot,2.59,4.41,68,0,personal work
1382,19,female,nursing,2nd year,post graduate,sunny,1.36,9.67,28,0,personal work
1383,24,female,b.sc,4th year,phd,rainy,5.31,8.92,53,1,none
1384,20,male,b.sc,3rd year,no formal,hot,5.83,9.88,61,0,festival
1385,18,male,b.com,1st year,high school,sunny,3.01,6.13,63,1,none
1387,19,male,nursing,1st year,phd,rainy,4.21,7.76,60,1,none
1388,24,male,b.com,3rd year,high school,sunny,0.55,6.47,34,1,none
1390,19,female,b.sc,1st year,graduate,hot,1.41,5.87,23,0,no reason
1391,21,male,bba,1st year,post graduate,cold,1.1,7.87,36,1,none
1392,24,female,nursing,4th year,high school,rainy,0.09,4.99,86,0,none
1393,22,female,ba,4th year,high school,cold,1.65,5.43,80,0,travel
1394,18,male,b.sc,3rd year,post graduate,hot,2.12,8.24,10,1,none
1395,21,female,ba,4th year,graduate,rainy,2.34,4.71,84,0,sick
1396,21,female,diploma,4th year,high school,hot,3.06,4.39,20,0,no reason
1398,17,male,bca,4th year,phd,rainy,2.31,7.32,63,0,sick
1400,23,male,ba,1st year,phd,sunny,5.07,5.14,30,1,none
1403,19,female,pharmacy,3rd year,post graduate,cold,0.12,9.75,45,0,none
1404,18,male,nursing,2nd year,graduate,cloudy,2.94,6.43,65,1,none
1405,18,male,bba,1st year,graduate,rainy,0.31,4.58,81,0,sick
1406,19,female,pharmacy,3rd year,high school,sunny,1.56,8.45,71,0,none
1409,19,male,bca,1st year,post graduate,rainy,5.93,5.62,65,1,none
1410,17,male,b.sc,1st year,high school,cold,4.46,4.97,29,1,none
1411,21,female,nursing,4th year,phd,rainy,5.12,4.2,29,0,travel
1412,19,female,ba,3rd year,graduate,cold,5.48,9.1,10,1,none
1415,23,female,b.sc,3rd year,post graduate,cloudy,1.45,5.09,19,0,sick
1416,22,female,b.com,1st year,no formal,cold,5.67,4.62,19,0,project work
1417,20,female,pharmacy,4th year,phd,cold,4.39,5.01,89,0,sick
1418,23,female,ba,3rd year,post graduate,rainy,3.61,4.78,64,0,festival
1420,24,male,bca,2nd year,no formal,sunny,2.59,8.17,68,1,none
1423,22,female,ba,2nd year,high school,rainy,5.01,4.73,25,0,none
1424,19,female,b.tech,1st year,phd,hot,5.16,4.53,69,0,none
1425,23,female,bba,3rd year,no formal,cloudy,0.67,6.33,53,0,none
1427,24,male,diploma,2nd year,high school,hot,2.14,8.39,71,0,travel
1428,19,female,nursing,3rd year,no formal,rainy,3.91,5.06,68,0,personal work
1429,23,female,diploma,1st year,post graduate,cloudy,2.41,6.09,16,1,none
1431,18,male,b.tech,1st year,high school,sunny,2.3,8.39,50,0,no reason
1432,18,male,b.com,3rd year,high school,cold,2.18,8.55,42,0,personal work
1433,21,female,ba,3rd year,graduate,hot,1.58,9.0,79,0,festival
1434,19,female,pharmacy,1st year,no formal,sunny,2.88,9.34,59,0,sick
1436,20,male,pharmacy,4th year,no formal,cloudy,3.77,4.35,82,0,festival
1437,22,male,pharmacy,1st year,high school,cloudy,2.9,7.3,27,1,none
1438,19,female,b.sc,1st year,graduate,cloudy,5.26,4.49,62,1,none
1439,24,female,b.tech,4th year,post graduate,cloudy,1.42,7.93,50,0,project work
1440,23,male,bca,2nd year,high school,sunny,1.89,5.32,24,0,sick
1441,21,male,b.com,2nd year,post graduate,hot,2.89,6.7,82,0,project work
1442,24,female,nursing,3rd year,phd,rainy,2.7,7.41,83,0,none
1443,20,male,bba,1st year,graduate,sunny,3.62,9.38,17,1,none
1445,17,male,b.com,2nd year,graduate,cold,1.45,5.57,48,0,no reason
1447,24,male,b.tech,3rd year,high school,sunny,5.71,8.25,8,0,none
1448,22,female,b.com,2nd year,high school,sunny,4.42,7.11,37,0,sick
1450,19,female,pharmacy,2nd year,no formal,rainy,2.59,5.0,79,0,festival
1452,17,male,b.tech,3rd year,no formal,cold,4.03,8.29,41,0,sick
1454,21,male,diploma,3rd year,graduate,cloudy,1.71,6.84,52,0,sick
1455,17,female,ba,2nd year,post graduate,sunny,0.49,8.77,77,1,none
1456,24,male,bca,3rd year,no formal,cold,5.77,4.42,17,1,none
1458,19,male,b.sc,4th year,high school,cloudy,5.36,7.83,21,1,none
1460,23,female,bca,1st year,high school,cold,2.8,7.25,75,0,sick
1461,19,female,nursing,2nd year,high school,cold,1.42,9.81,30,1,none
1462,17,female,nursing,1st year,no formal,sunny,4.17,9.47,51,1,none
1463,17,male,b.com,2nd year,high school,rainy,5.78,6.11,78,0,personal work
1464,23,male,bba,4th year,phd,sunny,0.79,6.46,26,1,none
1468,23,female,diploma,2nd year,phd,cloudy,2.11,9.91,38,1,none
1469,17,male,b.com,1st year,post graduate,cloudy,5.09,9.0,28,1,none
1470,24,female,ba,3rd year,post graduate,sunny,1.6,5.89,42,0,sick
1471,22,female,bca,3rd year,phd,hot,5.93,5.93,33,0,travel
1472,20,female,b.com,3rd year,post graduate,cold,4.76,7.98,54,1,none
1473,18,female,diploma,2nd year,graduate,cloudy,1.57,6.93,23,1,none
1475,19,female,ba,3rd year,phd,cloudy,1.34,4.1,12,0,project work
1476,20,male,ba,4th year,high school,rainy,4.79,8.39,88,0,sick
1478,18,female,bba,3rd year,no formal,rainy,1.87,7.56,59,1,none
1479,20,female,b.com,2nd year,post graduate,cloudy,0.75,9.07,54,1,none
1480,18,female,ba,1st year,no formal,cloudy,4.2,8.93,42,1,none
1484,20,female,ba,2nd year,phd,sunny,5.29,5.36,75,0,personal work
1485,23,male,b.sc,4th year,graduate,cold,2.66,9.84,39,1,none
1486,18,female,pharmacy,2nd year,post graduate,sunny,3.52,7.14,69,0,personal work
1491,20,female,pharmacy,2nd year,high school,cloudy,0.11,5.19,32,1,none
1492,17,male,b.sc,1st year,post graduate,cold,5.9,9.48,42,1,none
1493,19,female,b.sc,2nd year,no formal,sunny,4.27,6.26,73,0,festival
1494,20,male,bca,4th year,high school,cold,4.27,7.21,51,1,none
1497,23,female,diploma,4th year,graduate,sunny,2.12,8.0,6,1,none
1498,20,female,pharmacy,1st year,high school,sunny,3.9,5.94,43,0,sick
1499,23,male,diploma,2nd year,phd,rainy,3.2,4.79,55,1,none
1500,21,male,pharmacy,2nd year,graduate,hot,2.36,4.65,34,0,travel
1501,19,male,bba,1st year,graduate,cloudy,5.89,8.17,37,1,none
1502,18,male,bca,2nd year,phd,sunny,4.83,9.62,23,1,none
1503,19,male,pharmacy,2nd year,post graduate,cloudy,2.53,4.86,59,0,project work
1506,24,female,b.com,1st year,graduate,cloudy,0.88,6.27,35,0,festival
1507,20,male,bca,2nd year,post graduate,cloudy,1.05,8.92,49,1,none
1509,22,female,bca,1st year,high school,cloudy,1.39,6.52,51,0,project work
1510,19,female,ba,4th year,phd,rainy,1.77,7.08,63,0,festival
1511,18,female,b.com,1st year,graduate,cloudy,2.82,9.73,81,1,none
1512,22,female,diploma,1st year,graduate,cloudy,0.41,7.62,87,1,none
1515,24,female,bba,2nd year,post graduate,hot,2.11,9.24,86,1,none
1518,20,male,ba,3rd year,no formal,cloudy,0.39,6.72,54,0,project work
1520,23,female,bba,1st year,high school,rainy,4.58,9.18,16,0,travel
1521,22,male,b.tech,1st year,phd,hot,4.57,6.99,47,1,none
1524,21,female,b.sc,1st year,high school,cloudy,3.53,4.45,86,0,none
1525,17,male,b.com,1st year,high school,cloudy,1.11,5.33,47,0,no reason
1528,17,male,pharmacy,3rd year,no formal,rainy,3.81,6.88,46,1,none
1529,24,female,b.sc,3rd year,post graduate,cold,3.92,8.76,83,0,personal work
1530,17,male,b.com,2nd year,no formal,cloudy,3.56,5.64,48,1,none
1531,17,male,pharmacy,1st year,phd,cloudy,3.99,8.39,25,1,none
1532,24,female,bba,2nd year,high school,rainy,1.21,5.7,59,0,none
1533,18,male,nursing,4th year,post graduate,hot,3.83,8.43,40,1,none
1534,23,female,b.tech,3rd year,high school,cold,4.32,8.93,24,1,none
1535,17,female,b.sc,4th year,high school,rainy,5.19,4.3,21,1,none
1536,18,female,b.sc,3rd year,no formal,sunny,5.42,8.63,20,1,none
1538,22,male,pharmacy,1st year,graduate,cold,3.11,9.36,52,0,sick
1540,20,male,ba,3rd year,no formal,sunny,5.45,9.07,74,0,sick
1541,18,male,b.tech,1st year,high school,hot,5.81,5.43,21,1,none
1542,17,female,b.tech,2nd year,graduate,hot,3.22,7.53,9,1,none
1543,21,male,b.com,4th year,no formal,rainy,2.45,4.97,80,0,travel
1544,18,male,diploma,1st year,high school,sunny,1.61,8.39,63,1,none
1545,21,female,nursing,1st year,high school,cloudy,4.06,5.56,53,1,none
1547,23,female,pharmacy,4th year,graduate,cloudy,4.1,6.83,64,0,festival
1549,17,male,diploma,2nd year,high school,cold,4.73,4.12,70,0,project work
1550,19,male,b.tech,2nd year,phd,cold,3.97,7.08,29,0,personal work
1551,23,female,pharmacy,3rd year,no formal,sunny,1.77,8.61,54,1,none
1554,20,male,bca,4th year,no formal,cold,1.72,5.6,77,0,travel
1555,18,female,nursing,4th year,phd,rainy,0.72,7.78,75,1,none
1556,24,female,bca,2nd year,phd,rainy,1.24,8.64,17,0,project work
1558,24,male,diploma,3rd year,no formal,rainy,0.31,6.02,47,0,project work
1559,23,female,nursing,1st year,post graduate,sunny,5.83,6.23,23,1,none
1561,19,female,diploma,1st year,post graduate,sunny,3.0,9.39,32,1,none
1563,24,female,bca,2nd year,post graduate,cold,2.38,7.03,37,1,none
1564,21,female,b.tech,3rd year,graduate,hot,0.12,7.6,76,0,personal work
1565,20,male,pharmacy,3rd year,no formal,sunny,5.37,8.34,17,1,none
1567,21,male,bba,4th year,phd,sunny,4.07,9.17,12,1,none
1570,17,female,b.sc,3rd year,phd,cold,2.8,4.73,62,1,none
1574,18,male,bba,2nd year,phd,sunny,2.3,4.77,35,0,personal work
1575,19,male,b.com,4th year,high school,cloudy,4.85,4.12,53,0,sick
1576,21,male,b.sc,1st year,high school,hot,1.35,7.57,10,1,none
1577,23,male,pharmacy,4th year,high school,rainy,1.36,5.42,57,0,travel
1579,21,male,ba,3rd year,phd,cloudy,0.54,8.04,59,0,travel
1580,19,male,ba,3rd year,phd,cloudy,5.72,4.65,32,0,personal work
1582,21,male,b.tech,3rd year,post graduate,sunny,4.45,9.58,28,0,travel
1585,19,female,pharmacy,3rd year,phd,sunny,2.69,8.03,38,1,none
1588,23,male,b.sc,4th year,no formal,cold,2.24,6.57,80,1,none
1589,17,male,b.tech,2nd year,phd,sunny,4.15,4.55,7,1,none
1590,22,female,bba,3rd year,graduate,cloudy,1.22,4.22,18,1,none
1591,19,female,ba,3rd year,high school,cloudy,0.08,9.8,30,0,festival
1593,17,male,diploma,4th year,phd,sunny,2.4,4.15,51,1,none
1594,22,male,ba,1st year,no formal,rainy,1.21,4.74,63,0,no reason
1595,18,male,b.sc,4th year,post graduate,rainy,4.97,5.28,24,1,none
1596,22,male,b.com,4th year,phd,rainy,1.09,6.62,84,0,no reason
1598,23,female,b.com,4th year,graduate,cloudy,1.57,6.04,40,1,none
1600,19,male,b.com,4th year,graduate,cold,4.13,9.25,36,1,none
1601,22,male,b.tech,4th year,graduate,hot,1.4,7.27,71,0,festival
1603,19,male,pharmacy,4th year,high school,cold,1.07,6.56,66,1,none
1604,17,male,pharmacy,4th year,high school,hot,0.29,7.66,85,0,personal work
1605,24,female,pharmacy,1st year,phd,cold,0.52,4.06,53,0,project work
1606,18,male,bca,2nd year,phd,cloudy,2.48,6.6,31,1,none
1607,21,male,diploma,2nd year,graduate,hot,0.35,4.46,21,0,project work
1608,18,female,b.tech,4th year,graduate,cold,1.85,6.67,83,0,no reason
1609,18,female,b.sc,2nd year,post graduate,rainy,3.67,8.21,16,0,sick
1610,23,female,diploma,2nd year,no formal,rainy,3.8,9.94,15,1,none
1611,18,female,pharmacy,4th year,high school,hot,1.13,9.39,66,0,no reason
1612,22,male,pharmacy,3rd year,graduate,sunny,5.22,6.31,18,0,travel
1613,22,male,bca,3rd year,graduate,cloudy,0.8,4.06,14,1,none
1614,17,female,b.tech,4th year,no formal,sunny,4.57,8.98,53,1,none
1615,18,male,pharmacy,4th year,graduate,sunny,4.82,5.51,41,0,travel
1616,23,female,b.com,3rd year,post graduate,hot,1.0,7.63,66,0,festival
1617,21,male,b.tech,4th year,phd,cloudy,3.73,5.77,53,1,none
1618,17,female,diploma,1st year,post graduate,cold,5.25,7.03,60,1,none
1620,19,female,b.com,1st year,graduate,hot,0.53,9.16,65,0,none
1621,17,female,diploma,4th year,no formal,cold,1.29,9.51,5,0,sick
1622,24,female,pharmacy,1st year,high school,hot,4.87,9.93,16,1,none
1623,17,female,pharmacy,3rd year,graduate,cloudy,1.81,7.5,24,1,none
1625,24,male,b.sc,3rd year,high school,cloudy,2.13,5.4,77,0,sick
1626,21,male,nursing,1st year,post graduate,cloudy,5.12,6.36,26,1,none
1628,20,female,b.tech,4th year,high school,cold,4.26,4.82,14,1,none
1629,18,male,bca,4th year,graduate,rainy,4.17,6.46,12,1,none
1630,21,female,bca,4th year,post graduate,rainy,0.17,5.9,16,1,none
1631,24,male,pharmacy,4th year,no formal,hot,1.24,9.74,61,0,festival
1632,17,female,bba,2nd year,high school,hot,0.05,7.89,57,0,no reason
1634,20,male,bba,1st year,high school,cold,5.47,5.59,48,0,festival
1636,18,male,bba,2nd year,high school,cold,1.63,7.87,16,1,none
1637,21,male,diploma,2nd year,graduate,sunny,1.86,7.68,62,1,none
1639,19,female,nursing,4th year,no formal,sunny,2.03,5.52,22,0,none
1643,21,male,b.sc,4th year,graduate,sunny,1.97,9.94,69,0,no reason
1644,18,male,b.com,4th year,phd,sunny,2.4,4.29,78,1,none
1645,19,male,diploma,3rd year,no formal,rainy,4.95,6.31,51,1,none
1646,19,female,b.tech,1st year,phd,sunny,5.07,6.51,86,1,none
1647,22,female,bca,3rd year,no formal,cloudy,4.9,7.41,78,1,none
1649,23,male,bba,1st year,high school,sunny,5.74,6.28,44,0,festival
1650,18,male,nursing,1st year,high school,sunny,2.57,7.28,46,1,none
1651,17,female,b.com,4th year,post graduate,cloudy,4.27,5.72,54,0,sick
1652,17,female,nursing,1st year,no formal,hot,4.17,9.74,71,0,no reason
1654,18,male,pharmacy,3rd year,graduate,cloudy,4.61,5.54,15,1,none
1655,18,female,nursing,4th year,phd,cold,3.1,6.27,26,1,none
1657,23,female,ba,1st year,graduate,sunny,3.74,8.67,58,0,no reason
1659,19,female,pharmacy,4th year,post graduate,rainy,5.53,8.43,65,0,travel
1660,21,male,b.com,4th year,phd,cloudy,3.24,7.01,19,0,none
1662,18,female,bba,3rd year,high school,sunny,0.13,4.65,57,0,festival
1663,21,male,b.tech,1st year,high school,sunny,2.17,6.66,6,1,none
1664,21,male,b.com,3rd year,phd,cloudy,2.0,9.27,80,0,no reason
1665,20,male,b.sc,3rd year,graduate,cold,5.28,4.52,73,0,festival
1666,23,male,diploma,3rd year,high school,rainy,0.71,5.15,84,0,no reason
1668,21,female,bca,4th year,no formal,cloudy,0.96,6.1,62,1,none
1669,22,male,b.tech,4th year,no formal,rainy,2.49,9.65,57,1,none
1670,23,male,bca,1st year,high school,rainy,2.25,4.97,13,1,none
1671,21,male,diploma,3rd year,post graduate,rainy,4.67,5.65,35,1,none
1673,23,female,nursing,3rd year,no formal,rainy,0.43,8.31,52,1,none
1674,22,male,b.sc,3rd year,no formal,hot,1.41,5.43,73,1,none
1677,20,male,pharmacy,4th year,post graduate,hot,0.5,5.67,47,1,none
1680,24,male,b.tech,1st year,high school,cold,4.41,7.15,32,1,none
1682,17,female,diploma,1st year,post graduate,hot,4.87,4.97,74,0,personal work
1683,23,female,b.tech,1st year,phd,rainy,2.66,6.72,7,1,none
1684,19,male,bca,3rd year,graduate,cold,4.92,5.0,43,0,no reason
1685,21,male,b.com,4th year,no formal,sunny,0.72,7.21,22,0,festival
1688,24,male,ba,2nd year,phd,rainy,5.34,9.12,80,1,none
1689,17,male,ba,4th year,no formal,rainy,1.76,7.06,15,0,project work
1690,23,female,b.com,2nd year,phd,cold,0.38,8.75,21,0,travel
1694,18,female,nursing,2nd year,no formal,hot,5.76,5.05,56,1,none
1695,22,male,bca,1st year,high school,cloudy,3.81,9.06,71,0,project work
1698,19,female,pharmacy,1st year,graduate,cold,2.75,6.49,74,0,project work
1699,24,female,b.com,3rd year,post graduate,cold,4.62,9.59,79,1,none
1700,19,male,ba,3rd year,phd,cold,3.4,6.23,66,0,festival
1701,18,female,ba,3rd year,graduate,hot,0.54,4.61,48,1,none
1702,22,male,pharmacy,1st year,post graduate,rainy,5.29,8.72,41,1,none
1703,18,female,nursing,2nd year,phd,sunny,1.17,5.1,5,1,none
1704,24,male,bba,1st year,no formal,sunny,1.34,5.54,77,0,festival
1705,23,female,diploma,4th year,post graduate,hot,2.56,7.97,35,0,festival
1706,24,male,bba,4th year,phd,rainy,2.94,4.7,7,1,none
1708,18,female,pharmacy,3rd year,phd,hot,1.71,8.81,35,0,no reason
1710,19,male,b.sc,4th year,graduate,rainy,2.34,4.3,46,0,sick
1711,20,male,bba,4th year,phd,sunny,0.4,9.69,13,1,none
1712,24,male,nursing,1st year,high school,sunny,4.4,9.47,59,1,none
1713,22,female,b.tech,3rd year,no formal,rainy,5.39,8.07,10,1,none
1714,22,male,ba,1st year,no formal,rainy,1.55,7.45,39,0,no reason
1718,20,male,bca,2nd year,phd,rainy,0.31,4.56,48,0,travel
1719,21,female,b.tech,3rd year,high school,sunny,1.42,8.15,22,1,none
1720,17,female,pharmacy,1st year,post graduate,rainy,3.55,9.88,16,1,none
1721,22,female,b.com,1st year,phd,rainy,2.92,5.75,84,0,project work
1722,22,female,ba,2nd year,high school,sunny,4.28,5.91,35,1,none
1725,23,male,b.sc,2nd year,phd,sunny,0.85,8.39,50,1,none
1726,24,male,pharmacy,1st year,high school,cloudy,0.79,7.47,67,0,festival
1727,21,male,b.sc,3rd year,high school,cold,4.57,9.83,53,1,none
1728,20,female,bba,4th year,post graduate,cloudy,5.73,8.13,41,1,none
1729,17,female,b.sc,2nd year,phd,cold,0.14,6.95,48,0,no reason
1731,24,male,b.com,1st year,no formal,rainy,5.09,8.2,88,0,sick
1732,22,male,pharmacy,2nd year,phd,hot,2.85,7.08,52,1,none
1733,23,male,b.sc,2nd year,graduate,cold,1.0,4.27,44,1,none
1734,23,male,diploma,4th year,graduate,sunny,0.14,5.6,40,0,no reason
1735,23,male,b.tech,2nd year,phd,cloudy,1.25,6.49,37,1,none
1736,21,male,b.sc,3rd year,high school,sunny,2.12,8.24,65,1,none
1740,20,female,bca,1st year,post graduate,sunny,0.7,7.42,63,0,travel
1741,22,female,ba,2nd year,high school,hot,1.0,8.93,37,1,none
1743,17,male,b.sc,2nd year,phd,sunny,5.83,8.05,74,1,none
1744,18,female,ba,4th year,phd,hot,5.29,9.81,50,1,none
1746,24,female,diploma,3rd year,phd,cloudy,2.74,5.95,50,0,none
1747,20,male,b.com,2nd year,phd,cloudy,3.79,8.41,7,1,none
1748,23,female,b.tech,4th year,post graduate,hot,5.85,5.33,56,0,no reason
1750,24,male,b.com,3rd year,graduate,sunny,4.79,5.3,32,1,none
1751,24,female,ba,3rd year,post graduate,cloudy,4.84,7.04,5,1,none
1752,22,male,diploma,3rd year,phd,cloudy,4.14,7.45,24,1,none
1753,20,male,pharmacy,4th year,graduate,hot,2.51,9.91,71,0,travel
1755,19,female,pharmacy,3rd year,graduate,cold,5.43,6.68,68,1,none
1756,19,male,b.com,1st year,post graduate,hot,2.29,8.99,43,0,project work
1757,21,female,diploma,2nd year,post graduate,cold,3.19,9.24,67,1,none
1758,21,male,pharmacy,2nd year,no formal,sunny,0.3,5.12,87,1,none
1761,20,male,bba,2nd year,post graduate,cold,2.14,9.34,43,0,none
1762,17,male,nursing,2nd year,phd,hot,3.99,6.24,30,1,none
1768,17,female,b.tech,4th year,high school,cloudy,0.57,4.17,60,0,none
1771,20,male,b.com,3rd year,post graduate,cold,3.45,8.23,34,1,none
1772,19,male,nursing,4th year,high school,cold,2.41,9.4,31,1,none
1773,20,female,bba,4th year,phd,sunny,0.5,9.22,14,0,none
1776,19,male,pharmacy,1st year,phd,sunny,0.59,5.4,65,0,no reason
1777,18,female,ba,4th year,phd,hot,4.95,7.39,23,1,none
1779,22,male,diploma,3rd year,graduate,rainy,1.69,9.71,89,0,project work
1781,19,male,bca,4th year,high school,rainy,2.58,5.49,41,0,personal work
1782,17,male,bca,3rd year,phd,hot,5.93,4.42,38,0,no reason
1783,24,male,b.com,2nd year,post graduate,hot,0.36,9.13,54,1,none
1786,18,male,pharmacy,4th year,phd,cold,2.8,4.95,50,0,none
1787,17,female,nursing,1st year,phd,hot,0.66,6.8,57,0,no reason
1788,20,male,b.sc,1st year,phd,hot,1.97,7.63,10,0,project work
1792,19,female,ba,1st year,high school,cold,4.75,6.15,29,1,none
1793,19,male,bba,1st year,post graduate,rainy,4.83,6.87,70,1,none
1794,20,male,pharmacy,1st year,post graduate,cloudy,3.71,4.19,44,1,none
1796,24,female,nursing,4th year,high school,hot,4.44,8.39,19,1,none
1797,18,male,bca,4th year,no formal,rainy,4.14,4.06,21,1,none
1799,21,male,b.tech,2nd year,no formal,cold,3.11,8.08,64,1,none
1801,20,male,bba,2nd year,phd,cold,5.93,5.26,56,0,sick
1802,20,female,bba,1st year,post graduate,cold,3.63,6.25,70,0,project work
1803,19,male,bba,3rd year,no formal,cold,1.02,5.49,21,1,none
1805,17,female,b.tech,4th year,graduate,hot,2.11,6.15,59,0,no reason
1806,17,female,bca,4th year,post graduate,rainy,4.75,9.09,45,0,travel
1807,20,female,diploma,4th year,graduate,sunny,1.89,7.82,12,0,festival
1809,24,male,b.com,3rd year,phd,rainy,3.98,6.51,45,1,none
1810,18,male,ba,3rd year,phd,cloudy,2.39,5.12,76,1,none
1811,22,male,b.tech,1st year,phd,rainy,3.32,8.02,44,1,none
1814,24,female,bca,4th year,no formal,rainy,3.26,4.6,41,0,no reason
1815,17,male,nursing,2nd year,graduate,hot,5.41,9.08,72,1,none
1820,19,male,b.sc,4th year,high school,hot,1.47,5.08,43,0,sick
1822,19,female,diploma,1st year,no formal,hot,3.47,6.76,65,1,none
1823,24,female,diploma,2nd year,no formal,rainy,5.72,7.46,41,1,none
1824,23,male,b.tech,2nd year,post graduate,rainy,1.27,5.63,43,0,travel
1825,24,female,bba,3rd year,phd,rainy,5.19,6.95,89,0,project work
1827,24,female,nursing,1st year,no formal,hot,3.83,6.01,74,0,sick
1830,19,male,b.sc,2nd year,no formal,cloudy,4.48,8.8,46,0,travel
1833,17,female,nursing,2nd year,no formal,sunny,0.69,4.3,38,0,no reason
1834,20,female,bca,1st year,graduate,cold,1.77,5.62,80,0,no reason
1835,18,female,b.tech,2nd year,phd,rainy,0.58,8.71,65,0,project work
1838,18,male,bca,4th year,post graduate,cloudy,4.62,6.33,89,1,none
1839,21,male,ba,4th year,graduate,cloudy,5.72,8.11,57,1,none
1840,20,male,bba,3rd year,high school,hot,3.59,7.15,33,0,festival
1841,17,female,bca,2nd year,high school,hot,2.79,7.51,50,0,project work
1843,23,female,b.tech,1st year,graduate,cloudy,3.22,7.59,79,1,none
1844,22,male,pharmacy,4th year,graduate,cloudy,1.74,4.67,50,0,sick
1846,20,female,bba,1st year,high school,cloudy,4.7,5.91,75,1,none
1847,21,female,ba,3rd year,post graduate,cloudy,5.64,4.45,63,1,none
1849,18,male,bca,3rd year,graduate,hot,4.34,5.36,59,0,no reason
1850,17,female,ba,4th year,graduate,cloudy,1.85,9.05,27,0,travel
1851,19,male,pharmacy,2nd year,graduate,cold,1.78,5.33,50,1,none
1852,20,female,bca,3rd year,high school,cold,1.29,6.53,20,1,none
1853,18,female,ba,4th year,no formal,cloudy,5.4,4.63,18,1,none
1854,17,female,b.tech,1st year,phd,hot,3.7,4.09,79,1,none
1856,19,male,nursing,4th year,post graduate,cold,1.87,5.27,32,0,project work
1859,22,female,b.sc,3rd year,phd,sunny,4.09,7.1,66,1,none
1860,22,male,ba,2nd year,graduate,hot,0.85,4.34,85,0,sick
1861,19,male,nursing,2nd year,no formal,cold,1.33,9.44,15,1,none
1862,23,female,ba,2nd year,phd,cloudy,5.86,7.79,16,1,none
1864,23,female,ba,3rd year,graduate,rainy,1.8,5.27,9,1,none
1866,17,male,bca,2nd year,post graduate,hot,5.6,8.21,15,0,travel
1867,23,female,pharmacy,3rd year,phd,rainy,2.06,5.45,61,0,sick
1869,23,female,bba,4th year,phd,hot,5.41,9.69,31,1,none
1871,18,male,bca,3rd year,phd,cold,4.14,9.68,31,1,none
1874,20,female,pharmacy,2nd year,post graduate,rainy,4.46,4.86,24,0,project work
1875,17,female,pharmacy,2nd year,high school,cloudy,2.64,7.69,87,1,none
1877,24,female,bca,3rd year,phd,hot,3.28,4.71,37,0,sick
1878,22,male,nursing,4th year,graduate,sunny,5.47,4.06,29,1,none
1880,20,male,bca,3rd year,high school,sunny,5.48,8.93,56,1,none
1881,19,female,nursing,3rd year,post graduate,sunny,4.13,9.91,81,0,sick
1882,18,male,nursing,4th year,high school,sunny,1.08,8.96,83,0,no reason
1885,18,female,pharmacy,2nd year,high school,cold,4.4,8.47,57,1,none
1886,22,female,diploma,3rd year,post graduate,hot,0.43,4.94,68,0,festival
1887,20,female,diploma,1st year,phd,rainy,0.92,9.83,34,1,none
1888,17,female,bca,3rd year,post graduate,cold,3.36,9.61,65,0,none
1890,18,male,bba,4th year,no formal,rainy,3.09,8.31,73,1,none
1892,24,female,nursing,1st year,graduate,hot,5.68,9.94,74,1,none
1894,18,female,b.com,2nd year,high school,hot,3.09,9.94,10,0,travel
1896,21,female,ba,4th year,no formal,cloudy,3.63,7.92,36,0,travel
1897,23,female,b.tech,4th year,high school,hot,5.09,5.29,48,0,sick
1898,22,male,ba,1st year,high school,cold,2.36,6.66,84,1,none
1899,19,male,b.tech,3rd year,phd,rainy,3.36,8.9,84,0,none
1900,21,male,nursing,3rd year,high school,sunny,4.01,5.76,22,1,none
1901,21,female,pharmacy,4th year,high school,sunny,2.48,6.04,18,1,none
1905,18,female,pharmacy,4th year,high school,rainy,3.47,9.85,53,0,project work
1906,19,female,b.sc,3rd year,high school,hot,3.7,6.91,35,1,none
1908,17,male,pharmacy,1st year,post graduate,rainy,0.27,8.96,59,0,no reason
1912,17,male,ba,1st year,no formal,sunny,1.16,6.73,35,1,none
1914,19,female,nursing,4th year,post graduate,cloudy,2.03,5.45,76,0,personal work
1915,21,female,bba,3rd year,post graduate,rainy,2.2,9.11,58,1,none
1916,19,male,b.tech,3rd year,post graduate,sunny,2.49,8.45,15,1,none
1917,20,female,ba,3rd year,post graduate,rainy,0.81,9.18,36,1,none
1918,20,female,bba,2nd year,graduate,rainy,0.5,4.73,71,0,project work
1920,20,female,b.com,4th year,post graduate,hot,0.98,5.81,15,0,personal work
1921,21,male,bba,1st year,no formal,cloudy,5.29,4.99,52,1,none
1923,20,male,b.com,1st year,phd,rainy,3.26,6.02,59,1,none
1926,19,male,bca,3rd year,phd,rainy,5.05,9.78,83,1,none
1929,24,female,diploma,4th year,graduate,hot,1.1,4.78,47,0,festival
1931,20,male,bca,3rd year,high school,cloudy,2.75,8.39,36,0,festival
1932,23,female,b.tech,4th year,phd,cloudy,3.94,4.06,49,0,travel
1933,24,female,bca,1st year,high school,sunny,3.93,6.39,75,1,none
1934,18,female,pharmacy,3rd year,phd,cold,3.21,4.46,31,0,project work
1937,21,female,b.com,2nd year,phd,hot,3.6,5.05,9,1,none
1938,24,female,b.com,4th year,graduate,rainy,5.75,4.53,63,1,none
1939,18,female,b.tech,2nd year,high school,rainy,4.58,6.54,45,1,none
1940,18,male,bba,2nd year,no formal,rainy,4.34,8.32,69,1,none
1941,19,female,pharmacy,4th year,graduate,hot,0.94,6.14,64,0,no reason
1942,23,male,b.sc,4th year,phd,cloudy,0.44,4.98,47,1,none
1947,24,female,ba,3rd year,post graduate,hot,3.73,9.61,22,1,none
1948,17,female,bca,3rd year,post graduate,hot,4.12,4.77,71,0,travel
1949,19,female,pharmacy,2nd year,post graduate,sunny,0.51,9.94,26,0,personal work
1950,24,female,bca,3rd year,graduate,cloudy,2.67,7.52,64,0,none
1951,21,male,nursing,3rd year,phd,hot,5.68,7.39,59,1,none
1953,20,female,b.tech,1st year,no formal,hot,3.86,6.09,34,1,none
1955,20,male,bca,1st year,phd,hot,4.44,4.42,59,0,travel
1956,21,female,ba,2nd year,high school,rainy,5.39,7.97,25,0,none
1957,21,female,bba,2nd year,phd,sunny,4.79,5.59,35,0,no reason
1959,18,female,nursing,2nd year,phd,hot,0.22,9.62,23,1,none
1960,23,male,pharmacy,4th year,post graduate,hot,4.88,4.7,17,1,none
1961,24,female,pharmacy,1st year,no formal,hot,2.79,5.65,12,0,sick
1963,23,male,diploma,3rd year,graduate,sunny,3.21,6.67,86,0,no reason
1964,23,female,diploma,4th year,high school,cloudy,5.87,8.8,8,1,none
1965,22,male,nursing,3rd year,phd,hot,5.2,6.88,80,1,none
1967,20,male,bba,1st year,post graduate,hot,1.24,6.28,66,0,sick
1968,23,female,bba,3rd year,phd,sunny,3.7,7.94,83,1,none
1971,24,male,bca,1st year,phd,cold,3.74,6.24,54,0,none
1972,22,male,b.tech,3rd year,phd,hot,5.5,8.11,66,1,none
1973,19,male,diploma,3rd year,phd,hot,0.28,7.86,42,0,project work
1974,21,female,nursing,1st year,phd,rainy,2.37,4.97,58,1,none
1976,24,male,b.sc,2nd year,no formal,cold,1.92,7.72,16,0,festival
1977,19,male,bba,2nd year,graduate,rainy,0.4,7.7,34,1,none
1978,17,female,nursing,3rd year,phd,hot,4.35,9.33,52,1,none
1980,22,female,ba,3rd year,high school,rainy,0.85,4.83,40,0,project work
1981,21,female,b.sc,2nd year,post graduate,rainy,5.93,7.86,41,1,none
1984,22,female,b.tech,2nd year,post graduate,sunny,0.93,8.44,64,0,personal work
1985,23,female,b.sc,2nd year,post graduate,hot,5.45,7.73,30,1,none
1986,23,female,b.sc,2nd year,graduate,cold,4.82,8.54,31,1,none
1987,18,male,nursing,2nd year,high school,rainy,2.4,4.7,77,0,sick
1988,18,female,pharmacy,4th year,graduate,rainy,5.04,8.05,20,0,project work
1990,21,male,b.sc,3rd year,phd,cold,0.14,9.12,28,1,none
1992,19,female,pharmacy,1st year,post graduate,rainy,4.82,9.45,21,1,none
1993,22,female,pharmacy,1st year,high school,sunny,3.94,8.88,50,1,none
1994,23,male,bba,2nd year,no formal,sunny,3.6,5.61,57,0,project work
1996,21,male,pharmacy,2nd year,high school,sunny,1.26,9.27,20,1,none
1997,24,female,nursing,3rd year,phd,sunny,3.78,9.83,67,0,none
1998,19,male,bba,2nd year,high school,rainy,1.55,4.63,19,1,none
2000,24,male,ba,2nd year,no formal,cold,1.39,8.21,44,1,none
2002,20,female,pharmacy,4th year,no formal,hot,2.77,6.84,74,0,sick
2003,20,male,diploma,3rd year,high school,hot,4.17,5.74,26,1,none
2006,20,male,bba,4th year,no formal,rainy,1.53,4.9,55,0,personal work
2010,20,female,b.com,3rd year,high school,cold,2.41,4.12,58,1,none
2011,20,male,b.com,4th year,high school,hot,2.1,9.0,76,1,none
2012,18,female,b.sc,3rd year,phd,sunny,3.07,9.05,50,1,none
2014,22,female,pharmacy,4th year,graduate,cold,2.37,5.67,81,0,personal work
2015,19,female,pharmacy,4th year,post graduate,hot,4.71,8.85,68,0,travel
2017,22,female,bba,4th year,no formal,rainy,0.49,6.15,55,1,none
2018,22,male,pharmacy,4th year,no formal,cloudy,2.03,6.57,74,0,personal work
2020,19,female,bca,1st year,post graduate,cold,2.23,7.28,62,0,no reason
2021,22,female,bca,4th year,phd,rainy,1.4,8.12,32,0,none
2022,22,female,b.com,3rd year,phd,sunny,1.62,9.19,66,0,travel
2027,24,male,b.com,1st year,post graduate,cold,1.78,6.11,30,1,none
2030,21,male,bba,3rd year,phd,cold,5.27,6.31,67,0,project work
2031,18,female,b.com,1st year,graduate,rainy,0.43,7.56,24,0,none
2033,22,female,ba,1st year,post graduate,cold,3.67,4.51,70,0,sick
2035,23,female,nursing,2nd year,high school,sunny,2.12,8.13,59,1,none
2036,21,male,nursing,2nd year,phd,cold,0.18,4.64,41,1,none
2037,17,male,b.com,3rd year,post graduate,rainy,3.25,4.97,65,1,none
2040,19,female,ba,4th year,no formal,cloudy,2.19,6.8,72,0,no reason
2041,24,female,diploma,3rd year,no formal,hot,5.11,9.39,56,0,project work
2042,22,female,b.sc,1st year,high school,rainy,0.96,9.78,8,1,none
2048,23,female,bba,4th year,post graduate,cold,1.55,8.58,80,0,none
2049,22,male,bba,2nd year,post graduate,cloudy,3.54,4.49,10,0,travel
2050,18,female,b.tech,4th year,phd,cold,4.76,4.29,15,0,sick
2052,19,female,bca,2nd year,phd,cold,2.43,5.43,57,1,none
2053,24,male,diploma,4th year,phd,rainy,4.69,9.23,39,0,sick
2056,22,female,b.sc,2nd year,no formal,cold,3.5,8.56,66,0,personal work
2057,22,female,nursing,1st year,post graduate,hot,5.52,6.76,68,1,none
2058,20,male,diploma,3rd year,high school,cold,4.53,4.8,52,0,sick
2060,24,male,diploma,2nd year,post graduate,cloudy,1.62,5.09,40,1,none
2061,21,female,pharmacy,4th year,no formal,sunny,1.28,6.48,12,0,none
2062,18,female,nursing,1st year,no formal,rainy,0.42,4.96,74,0,no reason
2063,22,male,nursing,4th year,phd,cold,1.76,5.23,46,1,none
2064,21,female,ba,3rd year,no formal,cloudy,1.92,4.4,49,1,none
2067,24,female,nursing,4th year,high school,cold,0.44,4.62,50,1,none
2068,19,male,pharmacy,1st year,graduate,cloudy,2.63,9.07,43,1,none
2070,18,male,diploma,4th year,graduate,cold,1.86,4.56,78,1,none
2072,20,female,bca,1st year,phd,cold,2.76,9.18,21,0,personal work
2073,19,female,bca,1st year,high school,cold,4.44,4.84,66,0,travel
2074,22,female,b.sc,1st year,graduate,rainy,3.47,6.36,84,0,none
2075,20,female,diploma,1st year,phd,cloudy,0.26,4.32,89,0,no reason
2076,20,male,ba,4th year,no formal,hot,0.15,9.24,87,1,none
2077,20,female,b.sc,1st year,no formal,cloudy,5.66,8.2,42,1,none
2078,19,female,diploma,4th year,post graduate,cold,5.74,8.6,29,1,none
2080,23,female,bba,3rd year,phd,cloudy,3.98,9.94,16,1,none
2082,19,male,bca,3rd year,post graduate,rainy,4.37,6.48,58,1,none
2083,22,male,ba,4th year,high school,cloudy,1.35,8.32,66,0,festival
2084,18,male,nursing,1st year,phd,hot,0.86,6.26,34,0,project work
2086,22,male,bba,1st year,post graduate,sunny,2.8,7.39,64,0,sick
2087,22,male,b.sc,4th year,post graduate,sunny,1.44,5.4,67,0,personal work
2089,17,female,diploma,4th year,no formal,rainy,0.98,8.61,88,0,personal work
2090,24,female,b.com,4th year,high school,cloudy,5.63,6.06,38,1,none
2094,18,female,b.sc,1st year,graduate,cloudy,0.29,4.74,77,0,travel
2095,23,female,bba,2nd year,post graduate,sunny,0.82,8.69,59,1,none
2096,24,male,diploma,1st year,post graduate,cloudy,5.52,8.34,24,1,none
2097,23,female,b.sc,4th year,graduate,hot,2.79,6.2,19,0,festival
2099,18,male,b.sc,3rd year,no formal,cold,3.02,5.54,25,1,none
2101,22,male,bba,1st year,post graduate,cloudy,1.25,9.76,38,1,none
2102,18,male,diploma,2nd year,post graduate,cloudy,2.96,4.36,43,0,project work
2103,18,female,b.com,3rd year,post graduate,cold,2.23,6.23,46,0,travel
2104,23,male,ba,4th year,phd,cold,0.84,9.58,12,1,none
2106,23,female,b.com,1st year,no formal,cold,4.48,7.55,77,0,project work
2107,18,female,bca,2nd year,graduate,rainy,0.25,7.97,69,1,none
2108,19,female,ba,4th year,phd,sunny,0.29,7.36,60,0,project work
2109,19,male,b.tech,3rd year,high school,rainy,3.6,5.06,81,0,no reason
2112,24,male,b.com,4th year,post graduate,rainy,3.55,4.57,75,0,sick
2113,24,male,nursing,1st year,phd,rainy,0.66,5.49,58,0,travel
2114,22,male,diploma,2nd year,post graduate,hot,3.26,7.64,88,1,none
2115,18,male,b.com,4th year,no formal,rainy,4.72,6.09,81,1,none
2116,24,female,bba,3rd year,graduate,sunny,4.09,4.82,59,0,travel
2118,21,female,b.tech,2nd year,phd,sunny,5.67,4.91,13,1,none
2119,22,male,b.tech,4th year,graduate,sunny,3.69,7.25,56,1,none
2120,23,male,bba,2nd year,high school,rainy,1.57,4.31,16,0,project work
2121,24,female,pharmacy,3rd year,graduate,cloudy,0.12,4.58,24,0,project work
2122,21,male,pharmacy,2nd year,post graduate,cold,2.63,8.41,83,1,none
2123,21,female,bba,1st year,graduate,rainy,2.73,4.98,8,0,no reason
2124,22,male,diploma,2nd year,graduate,cold,0.41,6.47,50,0,no reason
2125,19,male,bba,3rd year,post graduate,cold,4.19,8.29,89,1,none
2126,19,female,pharmacy,4th year,high school,cold,2.3,8.68,49,0,none
2127,22,male,bca,1st year,no formal,sunny,2.66,4.8,72,0,festival
2128,17,female,pharmacy,4th year,phd,hot,0.34,6.29,68,1,none
2129,19,male,ba,1st year,post graduate,cloudy,0.82,5.84,70,0,personal work
2130,22,male,pharmacy,3rd year,post graduate,rainy,3.02,9.15,43,0,no reason
2131,24,female,diploma,2nd year,phd,cold,1.04,4.25,19,1,none
2132,21,male,diploma,2nd year,post graduate,cloudy,5.42,4.93,53,0,project work
2135,22,female,b.sc,4th year,no formal,rainy,3.95,4.49,68,1,none
2136,21,male,pharmacy,1st year,post graduate,rainy,0.79,6.98,11,1,none
2137,17,female,b.sc,2nd year,phd,cold,3.41,7.99,32,1,none
2138,21,female,nursing,1st year,graduate,sunny,3.59,5.9,16,1,none
2139,20,female,bca,2nd year,high school,hot,5.09,5.6,24,0,personal work
2142,24,female,ba,1st year,phd,rainy,3.21,6.58,51,1,none
2143,21,male,b.tech,3rd year,high school,sunny,5.02,4.64,32,1,none
2144,19,male,b.tech,4th year,no formal,sunny,0.9,5.69,10,1,none
2146,18,female,ba,2nd year,high school,rainy,3.19,4.88,23,1,none
2147,24,male,nursing,2nd year,post graduate,cloudy,3.32,8.19,47,0,no reason
2148,23,female,b.tech,1st year,high school,sunny,5.75,9.67,38,1,none
2150,19,female,pharmacy,2nd year,high school,rainy,2.35,7.74,56,1,none
2151,19,male,b.sc,2nd year,high school,cold,4.84,7.3,75,1,none
2153,21,male,ba,3rd year,high school,hot,3.3,7.93,34,0,project work
2155,20,female,b.sc,3rd year,graduate,rainy,0.2,9.0,54,0,festival
2156,20,male,b.com,2nd year,high school,hot,5.51,5.55,39,1,none
2157,22,male,diploma,3rd year,high school,hot,5.8,6.85,42,1,none
2160,23,male,pharmacy,4th year,high school,cold,1.03,6.59,27,0,festival
2161,18,female,ba,3rd year,post graduate,sunny,0.73,9.72,45,1,none
2165,24,male,b.com,4th year,no formal,cold,5.37,5.25,9,1,none
2166,19,female,ba,3rd year,no formal,cold,4.25,6.35,24,1,none
2168,24,male,b.com,1st year,no formal,cloudy,5.61,8.86,5,1,none
2169,24,male,bca,2nd year,post graduate,hot,4.71,8.41,38,1,none
2172,24,male,pharmacy,4th year,high school,sunny,2.4,9.3,8,1,none
2174,18,female,nursing,3rd year,no formal,cold,1.42,9.51,66,0,none
2175,23,female,b.com,3rd year,phd,hot,5.75,8.79,5,1,none
2176,17,female,diploma,2nd year,graduate,sunny,1.52,4.69,20,0,travel
2178,22,female,pharmacy,3rd year,no formal,cloudy,3.87,8.83,41,1,none
2179,20,female,ba,2nd year,graduate,cold,0.53,4.95,54,0,personal work
2181,18,female,pharmacy,3rd year,post graduate,hot,1.81,9.02,83,1,none
2183,22,male,pharmacy,3rd year,graduate,rainy,2.88,9.72,35,1,none
2187,19,female,diploma,4th year,high school,rainy,0.05,9.59,64,1,none
2188,20,female,b.sc,2nd year,post graduate,sunny,4.97,8.89,10,1,none
2189,21,male,bca,4th year,graduate,cloudy,3.96,6.18,63,0,travel
2192,19,male,b.sc,1st year,graduate,hot,4.83,6.56,61,1,none
2193,18,male,pharmacy,1st year,post graduate,sunny,5.91,4.23,80,1,none
2196,19,female,b.com,3rd year,graduate,hot,4.25,6.35,47,0,no reason
2197,23,male,pharmacy,2nd year,no formal,rainy,0.64,5.39,74,1,none
2199,18,female,bca,3rd year,post graduate,sunny,5.52,8.58,85,1,none
2202,17,female,pharmacy,4th year,phd,hot,3.43,7.43,68,1,none
2203,19,male,ba,2nd year,phd,hot,1.43,8.86,49,0,travel
2207,23,female,b.sc,1st year,graduate,rainy,3.94,6.9,21,0,personal work
2210,22,male,diploma,3rd year,high school,hot,4.92,8.01,15,1,none
2211,23,male,b.tech,2nd year,no formal,cloudy,3.32,5.01,20,1,none
2212,21,male,diploma,1st year,phd,hot,0.6,8.79,40,1,none
2214,17,male,ba,3rd year,phd,rainy,0.52,5.13,50,0,no reason
2215,20,female,bba,1st year,no formal,cold,2.1,9.46,62,1,none
2217,24,female,bba,1st year,post graduate,hot,2.65,6.72,55,0,travel
2218,19,male,diploma,2nd year,graduate,sunny,5.42,8.73,85,0,personal work
2219,18,female,b.com,1st year,no formal,cold,2.83,7.71,89,0,project work
2220,24,male,diploma,1st year,post graduate,rainy,2.37,9.48,71,1,none
2221,18,female,b.tech,4th year,graduate,rainy,3.34,6.73,63,0,no reason
2223,20,female,bca,1st year,no formal,sunny,4.29,4.06,34,1,none
2225,21,male,ba,4th year,no formal,cold,0.69,8.94,80,1,none
2227,24,female,bca,3rd year,graduate,cloudy,3.84,4.13,67,0,festival
2228,19,male,bca,4th year,no formal,hot,0.92,6.58,39,1,none
2229,24,female,bca,4th year,post graduate,rainy,0.19,4.57,17,1,none
2230,22,male,b.sc,2nd year,graduate,cloudy,4.56,5.44,44,0,project work
2231,17,female,b.sc,2nd year,high school,rainy,2.56,7.91,35,0,no reason
2232,24,female,nursing,1st year,high school,rainy,4.07,9.04,55,1,none
2233,18,male,bba,3rd year,graduate,hot,0.05,6.77,67,0,festival
2235,23,female,b.com,1st year,post graduate,cold,5.46,9.2,87,1,none
2236,18,male,pharmacy,3rd year,graduate,rainy,0.7,4.33,21,0,travel
2237,19,female,b.com,2nd year,graduate,hot,0.89,5.13,24,0,personal work
2240,18,female,b.com,2nd year,high school,cold,1.57,5.93,75,0,travel
2242,20,male,b.com,3rd year,graduate,sunny,4.5,8.97,76,0,personal work
2243,17,female,b.com,4th year,no formal,cold,5.72,8.45,53,1,none
2244,22,male,diploma,1st year,high school,rainy,5.35,5.53,76,0,no reason
2247,18,male,bba,2nd year,phd,hot,2.59,4.3,61,0,no reason
2248,18,male,pharmacy,3rd year,phd,sunny,3.3,9.85,44,1,none
2250,21,female,b.tech,2nd year,phd,cloudy,3.47,7.61,82,1,none
2251,21,male,nursing,2nd year,no formal,rainy,3.01,5.92,26,0,personal work
2252,18,male,ba,3rd year,phd,rainy,1.78,7.69,25,1,none
2253,21,female,diploma,1st year,high school,rainy,3.13,7.32,23,1,none
2254,19,male,pharmacy,1st year,no formal,cold,4.26,9.7,59,1,none
2255,22,male,bba,4th year,post graduate,cold,3.05,7.22,28,0,project work
2256,23,male,bca,1st year,phd,cloudy,5.0,7.76,12,1,none
2257,22,male,ba,1st year,high school,sunny,5.28,7.23,85,1,none
2261,24,male,nursing,1st year,graduate,cold,4.55,8.28,78,0,no reason
2262,17,male,ba,2nd year,post graduate,cloudy,2.83,7.07,60,1,none
2263,21,male,ba,1st year,post graduate,cold,4.24,8.14,35,1,none
2264,17,female,bba,3rd year,post graduate,rainy,2.52,4.77,85,0,sick
2265,17,male,b.com,2nd year,phd,cold,1.95,5.67,66,1,none
2266,22,male,bba,4th year,phd,cloudy,3.76,9.4,84,1,none
2268,17,female,nursing,2nd year,high school,sunny,1.0,4.52,88,0,festival
2270,19,male,nursing,3rd year,graduate,hot,2.45,8.42,38,0,personal work
2274,18,female,b.sc,4th year,no formal,rainy,2.33,9.45,78,0,travel
2276,18,female,bca,4th year,no formal,hot,4.88,5.5,27,1,none
2277,17,female,b.sc,1st year,post graduate,sunny,1.52,7.34,58,0,sick
2278,19,male,ba,4th year,no formal,hot,1.38,6.79,43,0,travel
2279,22,male,pharmacy,3rd year,phd,hot,3.92,8.19,46,0,travel
2281,19,male,ba,1st year,post graduate,cloudy,1.81,6.47,61,0,festival
2282,19,male,nursing,2nd year,graduate,sunny,4.57,7.53,44,0,sick
2283,23,male,pharmacy,1st year,post graduate,sunny,5.16,6.82,25,1,none
2284,22,female,ba,4th year,post graduate,hot,0.41,8.72,57,0,project work
2286,24,male,diploma,1st year,phd,cloudy,5.08,6.24,26,1,none
2287,23,male,ba,1st year,phd,rainy,4.4,9.45,72,0,project work
2289,20,male,nursing,3rd year,no formal,cold,3.36,6.3,28,1,none
2290,20,female,b.com,1st year,graduate,sunny,4.65,5.35,85,0,festival
2292,18,female,nursing,2nd year,post graduate,sunny,0.86,7.78,88,0,travel
2293,22,male,b.tech,4th year,high school,hot,0.57,8.01,5,1,none
2295,23,male,ba,1st year,post graduate,hot,4.09,6.35,46,1,none
2296,18,male,diploma,3rd year,graduate,cold,2.42,6.95,58,1,none
2297,20,male,bca,2nd year,post graduate,rainy,4.48,7.31,58,1,none
2298,18,female,b.tech,1st year,post graduate,rainy,5.17,5.58,50,1,none
2300,19,female,bca,2nd year,high school,rainy,0.21,9.77,63,0,project work
2301,18,male,bba,1st year,post graduate,sunny,1.7,4.99,34,0,travel
2302,21,female,b.tech,1st year,post graduate,cold,0.48,9.73,78,0,personal work
2303,24,male,pharmacy,1st year,phd,cloudy,4.39,5.64,11,1,none
2304,24,female,b.com,4th year,high school,cold,5.45,7.7,7,1,none
2305,17,male,nursing,1st year,no formal,sunny,2.85,6.83,44,1,none
2309,21,male,bba,2nd year,no formal,rainy,2.23,4.73,53,0,personal work
2310,19,male,bca,4th year,no formal,sunny,0.74,8.89,27,0,no reason
2311,17,male,b.sc,1st year,no formal,cloudy,3.16,5.5,76,1,none
2314,18,male,ba,1st year,high school,sunny,3.1,6.14,41,1,none
2316,17,female,bba,2nd year,graduate,cloudy,3.29,8.77,84,0,travel
2317,20,male,pharmacy,2nd year,post graduate,cloudy,4.92,9.27,59,1,none
2318,23,male,b.com,3rd year,high school,rainy,0.88,6.97,38,0,project work
2319,23,male,b.com,1st year,no formal,cloudy,1.65,7.52,10,1,none
2321,17,male,b.sc,2nd year,no formal,cloudy,5.93,6.23,67,1,none
2322,19,male,b.com,3rd year,no formal,cloudy,0.24,4.21,87,1,none
2324,22,male,diploma,2nd year,no formal,rainy,3.02,9.13,48,0,festival
2325,23,male,bba,4th year,high school,rainy,5.52,9.16,40,1,none
2328,17,female,pharmacy,2nd year,no formal,rainy,2.5,5.86,62,0,project work
2331,23,female,ba,4th year,post graduate,cloudy,2.44,9.12,31,1,none
2333,23,male,b.com,2nd year,post graduate,cloudy,1.7,8.46,21,0,project work
2334,21,male,b.sc,3rd year,phd,rainy,5.08,7.89,51,0,project work
2336,20,male,nursing,4th year,graduate,cloudy,0.41,5.15,69,0,personal work
2338,17,female,b.sc,1st year,high school,cloudy,5.51,5.73,73,1,none
2340,20,female,diploma,1st year,high school,cold,1.72,6.67,45,0,travel
2341,20,male,ba,3rd year,post graduate,cold,1.74,9.77,35,1,none
2342,21,female,b.sc,3rd year,phd,cold,3.18,7.23,16,1,none
2349,21,female,b.tech,4th year,no formal,sunny,4.95,5.08,49,1,none
2350,21,female,diploma,4th year,no formal,hot,1.0,4.91,8,1,none
2351,23,female,pharmacy,2nd year,high school,rainy,5.0,9.62,89,0,no reason
2353,20,female,b.sc,3rd year,high school,rainy,0.88,8.19,53,1,none
2356,20,male,bca,4th year,high school,cloudy,4.94,4.06,7,0,travel
2359,18,female,nursing,1st year,no formal,rainy,1.44,4.97,45,0,project work
2360,22,male,b.sc,1st year,phd,cloudy,0.51,7.62,36,0,festival
2361,23,male,bca,3rd year,no formal,cold,3.09,5.32,50,1,none
2363,17,male,b.tech,3rd year,no formal,hot,1.69,4.53,32,0,none
2364,23,female,ba,3rd year,high school,cloudy,5.39,6.58,67,0,travel
2365,17,female,diploma,4th year,phd,rainy,0.18,4.1,81,0,travel
2366,19,male,diploma,4th year,graduate,cold,5.02,4.91,6,1,none
2368,18,female,b.sc,2nd year,post graduate,rainy,4.92,4.71,54,1,none
2369,18,male,bba,3rd year,graduate,hot,1.51,8.84,50,0,sick
2370,17,male,b.com,2nd year,phd,cloudy,1.34,5.04,77,0,none
2371,23,female,b.com,3rd year,no formal,cold,2.22,4.9,10,1,none
2372,17,male,ba,1st year,no formal,cold,2.87,9.5,10,0,festival
2374,22,female,bca,1st year,phd,sunny,5.54,5.89,31,1,none
2375,24,female,nursing,3rd year,phd,cloudy,1.81,9.6,60,1,none
2376,23,female,b.tech,4th year,graduate,hot,1.15,8.77,75,1,none
2377,18,male,bba,3rd year,phd,hot,4.92,7.48,24,1,none
2378,24,female,bba,3rd year,post graduate,hot,1.72,5.64,89,0,travel
2379,22,female,diploma,3rd year,high school,rainy,5.45,9.56,54,1,none
2380,18,male,bba,4th year,no formal,cold,5.02,6.58,12,1,none
2381,20,female,pharmacy,3rd year,no formal,rainy,2.03,4.68,11,0,personal work
2382,24,female,nursing,3rd year,phd,rainy,5.02,9.54,32,0,project work
2383,20,male,diploma,2nd year,high school,sunny,2.72,7.88,28,1,none
2385,24,female,b.com,2nd year,high school,rainy,1.27,6.89,46,0,personal work
2386,24,male,bba,4th year,no formal,sunny,1.98,8.27,6,0,festival
2387,24,female,bba,4th year,no formal,hot,5.21,4.4,18,1,none
2388,24,male,b.tech,4th year,post graduate,rainy,4.29,5.68,49,0,no reason
2389,23,female,b.com,2nd year,post graduate,hot,3.92,6.56,53,0,none
2390,20,male,nursing,2nd year,high school,cold,2.82,4.75,12,1,none
2391,18,female,bba,4th year,no formal,rainy,4.77,9.5,56,1,none
2392,21,male,pharmacy,4th year,graduate,cloudy,2.11,7.31,70,0,no reason
2393,18,male,b.com,3rd year,no formal,hot,1.02,5.53,13,0,sick
2394,20,male,pharmacy,4th year,high school,cold,0.45,7.5,53,0,personal work
2395,22,male,nursing,2nd year,post graduate,hot,5.27,4.08,40,0,none
2396,24,female,ba,4th year,no formal,cold,0.05,8.72,25,0,travel
2397,19,male,bca,2nd year,post graduate,rainy,5.91,6.54,55,0,travel
2398,19,male,pharmacy,3rd year,phd,sunny,5.93,5.06,77,1,none
2399,22,male,bca,3rd year,no formal,sunny,1.49,8.93,45,0,sick
2402,22,male,b.sc,4th year,graduate,hot,5.44,6.51,17,1,none
2403,21,male,b.tech,1st year,high school,sunny,2.29,8.88,83,1,none
2407,22,male,bba,4th year,no formal,cold,1.26,4.52,30,1,none
2408,20,female,ba,3rd year,phd,cloudy,2.37,7.12,81,1,none
2409,17,male,pharmacy,2nd year,high school,hot,2.88,7.13,63,1,none
2410,21,female,bca,1st year,no formal,hot,4.4,4.1,71,1,none
2411,17,male,bba,1st year,no formal,sunny,0.23,9.84,64,1,none
2412,24,male,b.tech,4th year,high school,cloudy,5.84,6.72,53,1,none
2413,21,female,b.sc,1st year,post graduate,cold,2.55,5.25,21,0,travel
2415,20,female,diploma,1st year,phd,cold,5.22,9.6,58,0,none
2419,20,male,b.tech,1st year,high school,sunny,1.78,5.77,74,0,none
2420,19,male,nursing,3rd year,phd,rainy,5.88,9.01,35,1,none
2421,23,female,diploma,4th year,high school,hot,4.95,9.44,13,1,none
2425,21,male,b.com,4th year,phd,rainy,2.96,5.09,41,0,project work
2426,18,female,b.tech,3rd year,graduate,hot,0.41,4.85,60,0,personal work
2427,20,male,b.tech,3rd year,no formal,rainy,4.32,8.3,48,1,none
2428,23,male,b.com,2nd year,no formal,hot,2.12,5.56,73,0,none
2429,19,male,bca,3rd year,post graduate,rainy,2.36,5.48,24,1,none
2431,21,male,diploma,4th year,graduate,cloudy,3.73,7.27,57,1,none
2432,18,female,b.com,4th year,phd,sunny,5.06,4.46,63,1,none
2435,21,female,nursing,3rd year,high school,rainy,4.78,8.77,44,1,none
2436,22,female,bba,4th year,graduate,cloudy,3.78,4.45,60,0,none
2437,22,female,diploma,4th year,no formal,hot,1.21,9.55,59,1,none
2440,19,female,ba,2nd year,no formal,rainy,1.88,8.41,89,0,none
2441,17,female,b.tech,2nd year,post graduate,cloudy,2.5,5.13,49,0,none
2442,17,female,b.com,1st year,graduate,cold,3.88,4.18,32,0,none
2443,18,female,b.com,4th year,graduate,rainy,2.84,9.12,28,0,travel
2445,24,male,b.sc,3rd year,graduate,sunny,0.84,9.91,13,1,none
2447,22,female,pharmacy,2nd year,no formal,cloudy,5.62,8.27,49,1,none
2448,23,male,b.sc,3rd year,graduate,sunny,1.05,9.38,42,0,project work
2449,18,male,nursing,2nd year,no formal,cold,4.66,8.2,70,1,none
2450,23,female,bba,3rd year,no formal,hot,2.61,6.33,63,0,no reason
2451,24,male,b.tech,2nd year,graduate,sunny,1.45,5.6,34,0,project work
2452,17,male,ba,3rd year,post graduate,rainy,1.37,6.77,17,0,project work
2453,20,male,bba,2nd year,no formal,hot,5.34,6.85,22,1,none
2456,23,male,diploma,3rd year,post graduate,cloudy,3.27,9.73,12,1,none
2458,20,female,pharmacy,3rd year,post graduate,rainy,2.07,5.86,64,0,no reason
2460,19,male,ba,2nd year,high school,rainy,3.01,8.95,28,0,sick
2461,18,male,b.sc,4th year,graduate,sunny,4.71,5.57,72,0,festival
2462,20,male,nursing,2nd year,post graduate,cold,4.46,8.27,52,0,festival
2464,20,female,nursing,3rd year,phd,rainy,5.46,6.24,36,0,travel
2465,18,male,b.com,3rd year,phd,cloudy,5.87,6.63,89,1,none
2468,17,female,bba,3rd year,no formal,hot,2.19,7.94,53,0,travel
2470,24,male,pharmacy,4th year,phd,hot,3.96,7.67,18,0,none
2471,17,female,bba,2nd year,post graduate,rainy,2.13,8.67,56,1,none
2473,18,female,ba,2nd year,no formal,sunny,0.52,9.29,69,0,travel
2474,17,male,b.sc,4th year,phd,hot,1.39,5.86,5,1,none
2478,17,female,diploma,3rd year,post graduate,cold,3.84,8.21,17,1,none
2479,18,male,pharmacy,2nd year,high school,cold,2.44,5.15,59,1,none
2480,22,male,b.tech,1st year,post graduate,cold,0.4,5.16,70,0,personal work
2483,19,male,bca,1st year,phd,sunny,2.08,5.11,42,1,none
2484,19,female,b.tech,4th year,graduate,rainy,3.52,7.73,41,0,project work
2485,19,female,b.sc,1st year,graduate,sunny,4.17,9.22,45,1,none
2486,18,female,ba,4th year,post graduate,hot,3.95,7.48,41,1,none
2487,17,female,ba,2nd year,phd,cold,0.66,6.79,5,1,none
2490,19,male,nursing,3rd year,high school,hot,1.99,6.7,42,0,festival
2491,19,female,diploma,4th year,phd,cloudy,4.58,6.93,12,1,none
2493,21,male,pharmacy,3rd year,post graduate,rainy,0.93,7.99,71,1,none
2495,18,female,bba,2nd year,post graduate,sunny,0.58,5.76,87,1,none
2496,23,female,nursing,3rd year,phd,cloudy,3.42,6.97,83,0,no reason
2497,24,male,b.com,3rd year,phd,cold,3.23,5.24,77,1,none
2499,24,female,nursing,2nd year,graduate,hot,4.04,4.09,33,0,festival
2500,22,female,nursing,3rd year,phd,sunny,3.01,5.47,73,1,none
2501,17,female,b.sc,1st year,post graduate,rainy,0.51,9.73,23,0,travel
2502,23,male,diploma,2nd year,graduate,cloudy,3.59,5.31,33,0,sick
2504,17,male,bca,3rd year,no formal,sunny,3.53,6.34,46,1,none
2505,17,male,nursing,2nd year,no formal,sunny,3.67,6.35,88,0,festival
2507,21,male,ba,3rd year,no formal,sunny,0.77,9.49,46,0,none
2509,17,female,bca,4th year,phd,sunny,5.93,6.52,9,1,none
2511,23,male,b.sc,2nd year,phd,hot,4.75,4.95,24,1,none
2513,23,male,b.tech,3rd year,graduate,sunny,3.83,9.09,27,1,none
2515,23,female,pharmacy,3rd year,post graduate,cold,4.01,6.36,59,1,none
2516,22,male,pharmacy,4th year,phd,sunny,1.88,9.85,27,1,none
2517,21,female,b.sc,2nd year,phd,sunny,1.1,5.12,76,1,none
2518,18,male,pharmacy,2nd year,post graduate,sunny,3.94,9.74,25,1,none
2519,24,male,ba,2nd year,graduate,cold,4.21,7.03,24,1,none
2521,17,female,bba,2nd year,no formal,hot,4.25,8.79,45,1,none
2524,17,female,ba,2nd year,no formal,cold,5.87,8.85,13,1,none
2525,19,female,b.tech,2nd year,high school,sunny,3.64,8.04,23,1,none
2526,20,male,b.com,2nd year,post graduate,cloudy,2.7,5.39,86,1,none
2527,24,male,b.sc,2nd year,no formal,cloudy,3.68,9.63,29,0,project work
2529,21,male,bba,2nd year,phd,rainy,5.24,6.48,86,0,no reason
2530,24,female,bba,1st year,high school,rainy,1.19,9.01,57,0,sick
2531,23,male,ba,4th year,post graduate,cloudy,0.69,8.94,54,0,no reason
2533,18,female,nursing,2nd year,post graduate,sunny,4.52,6.81,75,1,none
2534,23,female,diploma,3rd year,post graduate,cold,0.56,4.14,64,0,personal work
2536,19,male,b.com,2nd year,phd,cloudy,5.73,5.26,17,0,sick
2537,20,male,pharmacy,1st year,high school,rainy,5.93,5.41,14,1,none
2538,21,female,pharmacy,2nd year,high school,rainy,3.81,9.16,36,1,none
2539,20,male,b.com,2nd year,graduate,cold,4.42,4.99,86,0,personal work
2540,19,male,ba,2nd year,post graduate,hot,2.2,7.09,77,0,festival
2541,24,male,b.com,3rd year,post graduate,cloudy,5.49,6.46,43,1,none
2543,20,male,pharmacy,3rd year,graduate,hot,2.01,5.17,62,0,project work
2544,23,male,nursing,1st year,post graduate,cloudy,5.67,7.77,30,1,none
2546,23,male,ba,2nd year,no formal,sunny,4.3,5.88,33,1,none
2547,21,male,b.com,2nd year,phd,hot,3.12,8.92,63,1,none
2548,20,female,pharmacy,1st year,graduate,cloudy,0.05,8.13,83,0,personal work
2549,18,male,ba,2nd year,high school,hot,1.5,4.91,40,0,personal work
2551,19,female,nursing,3rd year,high school,rainy,1.09,4.33,5,0,project work
2553,18,male,b.tech,3rd year,graduate,sunny,4.61,4.98,36,0,personal work
2554,24,female,pharmacy,2nd year,no formal,sunny,2.85,5.78,60,0,project work
2555,17,male,b.com,4th year,phd,cloudy,4.98,9.08,56,1,none
2556,23,male,b.com,2nd year,high school,sunny,1.7,4.81,84,0,personal work
2557,23,female,bba,4th year,high school,rainy,2.1,5.39,43,1,none
2559,21,male,nursing,1st year,no formal,sunny,4.38,7.13,61,1,none
2561,19,male,bca,4th year,phd,cold,2.98,8.26,19,1,none
2562,22,male,b.sc,1st year,no formal,sunny,0.31,6.28,71,0,travel
2563,20,female,bba,3rd year,phd,hot,4.65,6.96,19,0,personal work
2564,20,female,b.com,1st year,post graduate,cloudy,2.86,4.69,88,0,personal work
2565,20,female,pharmacy,3rd year,no formal,rainy,3.87,7.7,24,1,none
2567,22,male,b.sc,2nd year,phd,sunny,0.19,4.54,63,0,personal work
2571,24,male,b.sc,3rd year,no formal,cold,1.92,5.08,88,0,project work
2572,22,female,b.sc,3rd year,post graduate,hot,1.83,5.86,26,0,festival
2577,20,female,b.com,3rd year,phd,sunny,2.34,7.95,52,1,none
2578,24,male,ba,1st year,no formal,rainy,1.23,4.07,55,0,travel
2579,21,male,bba,4th year,no formal,hot,4.19,7.38,69,1,none
2580,20,male,bba,2nd year,no formal,cold,1.27,5.63,50,0,travel
2582,19,male,b.sc,3rd year,high school,hot,4.57,4.71,57,0,travel
2583,22,female,bba,4th year,phd,cold,3.41,5.49,47,0,sick
2585,21,male,b.tech,2nd year,no formal,hot,5.63,7.28,41,1,none
2586,19,female,ba,3rd year,post graduate,sunny,2.27,8.73,35,0,no reason
2587,19,female,b.tech,2nd year,post graduate,sunny,4.03,4.8,9,0,festival
2589,19,female,bca,3rd year,no formal,hot,5.44,6.8,13,0,no reason
2590,17,female,ba,3rd year,phd,rainy,2.19,7.59,20,0,project work
2598,24,male,ba,2nd year,post graduate,hot,1.66,7.37,47,0,travel
2599,20,female,b.com,1st year,phd,hot,1.83,9.88,5,0,sick
2600,23,male,diploma,4th year,high school,hot,0.18,9.21,33,0,personal work
2601,18,female,b.tech,1st year,no formal,sunny,3.59,8.45,77,1,none
2602,23,female,b.com,1st year,high school,hot,1.45,9.82,44,0,travel
2604,23,female,b.sc,1st year,graduate,hot,4.36,7.72,18,1,none
2608,21,male,bca,1st year,post graduate,cloudy,5.83,4.07,67,0,none
2610,24,male,diploma,4th year,phd,cloudy,2.34,6.3,19,1,none
2611,24,female,b.sc,3rd year,high school,hot,2.1,4.79,16,0,none
2612,18,female,bba,3rd year,phd,hot,2.16,6.82,52,0,festival
2613,21,male,nursing,3rd year,post graduate,cold,1.7,6.74,76,1,none
2616,24,female,b.sc,3rd year,phd,sunny,1.09,7.53,88,0,travel
2617,17,male,pharmacy,1st year,post graduate,hot,0.46,9.83,19,0,festival
2618,22,male,ba,2nd year,no formal,sunny,4.29,8.97,23,1,none
2619,24,male,b.com,4th year,high school,rainy,3.34,9.43,12,1,none
2621,20,female,pharmacy,3rd year,graduate,hot,4.99,7.05,35,1,none
2622,17,male,b.tech,1st year,high school,sunny,4.4,4.43,41,1,none
2623,24,female,nursing,4th year,no formal,rainy,2.77,4.96,48,0,sick
2625,21,female,nursing,2nd year,post graduate,cloudy,0.38,7.42,85,0,festival
2626,24,female,b.tech,2nd year,post graduate,sunny,3.11,4.44,48,0,no reason
2627,17,male,b.tech,3rd year,phd,cloudy,1.03,8.7,20,1,none
2629,17,male,nursing,3rd year,graduate,cloudy,2.48,4.07,27,1,none
2631,22,male,diploma,1st year,phd,cloudy,3.72,9.27,26,1,none
2632,24,male,b.com,3rd year,graduate,rainy,4.21,8.52,19,1,none
2633,21,female,ba,4th year,graduate,sunny,2.34,5.21,22,0,none
2634,17,male,nursing,3rd year,post graduate,rainy,2.22,9.23,69,1,none
2635,17,male,bba,2nd year,high school,hot,1.99,9.41,6,1,none
2636,19,male,nursing,2nd year,high school,rainy,0.7,5.09,37,0,no reason
2639,23,male,pharmacy,1st year,no formal,cloudy,1.44,7.52,38,1,none
2640,18,female,pharmacy,1st year,phd,sunny,1.05,6.08,10,0,project work
2641,20,female,nursing,3rd year,high school,rainy,4.73,8.98,35,0,travel
2642,18,female,bba,1st year,post graduate,rainy,2.76,8.53,87,0,personal work
2643,20,female,ba,4th year,post graduate,rainy,0.05,5.56,62,0,no reason
2645,17,female,bca,2nd year,no formal,hot,1.58,6.8,32,1,none
2646,21,female,b.com,2nd year,phd,hot,1.06,6.82,36,0,travel
2648,24,female,b.tech,1st year,high school,hot,5.32,8.02,23,1,none
2649,19,male,ba,2nd year,graduate,cold,0.05,6.17,27,1,none
2650,24,male,nursing,3rd year,phd,sunny,0.93,5.08,48,1,none
2651,24,female,nursing,4th year,high school,hot,2.02,9.35,42,0,personal work
2652,24,male,nursing,2nd year,post graduate,rainy,2.6,6.39,51,1,none
2654,23,female,nursing,1st year,phd,sunny,2.99,6.93,72,1,none
2655,21,male,nursing,4th year,high school,cold,2.31,9.5,78,1,none
2656,17,female,nursing,3rd year,graduate,rainy,5.52,9.66,53,0,none
2661,23,female,diploma,2nd year,phd,rainy,2.9,5.2,51,0,project work
2664,18,female,bca,1st year,post graduate,hot,3.13,6.26,70,0,travel
2665,21,female,pharmacy,4th year,high school,sunny,5.13,4.91,60,0,travel
2667,24,female,pharmacy,3rd year,post graduate,sunny,3.86,6.34,31,1,none
2668,17,male,b.tech,2nd year,post graduate,cold,1.08,6.04,70,0,project work
2669,24,male,nursing,3rd year,high school,cold,0.33,9.06,16,1,none
2670,23,female,b.sc,2nd year,phd,rainy,4.78,9.41,18,1,none
2671,23,male,nursing,2nd year,graduate,cold,3.8,7.74,30,0,no reason
2672,23,male,pharmacy,3rd year,phd,sunny,5.17,5.42,69,1,none
2673,18,male,bba,1st year,graduate,rainy,5.84,8.99,47,0,travel
2674,24,female,bba,2nd year,high school,cold,1.01,6.67,43,0,travel
2675,21,female,bba,1st year,high school,cold,1.51,7.29,24,1,none
2676,24,female,bba,1st year,no formal,rainy,0.16,9.43,58,0,personal work
2677,24,female,nursing,3rd year,graduate,hot,3.57,9.65,73,1,none
2679,19,male,b.com,3rd year,phd,rainy,0.73,9.45,52,0,project work
2680,17,female,pharmacy,4th year,high school,rainy,1.53,9.3,9,0,sick
2681,17,female,nursing,3rd year,no formal,hot,3.76,9.78,66,1,none
2682,20,male,bba,2nd year,phd,sunny,1.71,7.8,44,0,no reason
2683,23,male,b.sc,3rd year,graduate,rainy,2.28,5.59,65,1,none
2684,21,male,pharmacy,4th year,no formal,cold,0.38,9.55,41,0,festival
2685,20,male,nursing,2nd year,high school,cloudy,1.2,6.43,26,1,none
2686,18,male,b.com,2nd year,phd,sunny,2.88,8.42,30,0,project work
2687,21,male,bba,1st year,phd,sunny,3.09,8.25,52,0,project work
2688,22,male,ba,1st year,graduate,hot,1.44,7.61,60,1,none
2691,21,female,bba,1st year,no formal,sunny,4.61,9.49,7,0,travel
2692,24,male,pharmacy,4th year,high school,rainy,0.05,4.67,77,0,personal work
2694,24,male,bba,1st year,post graduate,cold,1.04,7.69,54,0,project work
2695,19,male,pharmacy,4th year,post graduate,cloudy,4.23,7.95,13,1,none
2696,18,female,bba,4th year,graduate,cloudy,0.55,8.48,70,0,festival
2697,20,female,ba,4th year,no formal,cold,0.87,5.38,12,1,none
2698,18,male,ba,4th year,no formal,sunny,0.45,5.0,67,0,project work
2700,24,male,b.com,3rd year,post graduate,rainy,0.73,8.24,52,0,no reason
2701,23,male,b.tech,4th year,high school,cold,4.11,9.42,87,0,none
2702,18,female,diploma,1st year,post graduate,rainy,0.59,5.38,15,0,none
2703,23,female,bca,3rd year,phd,sunny,2.31,9.14,41,1,none
2705,19,male,bca,2nd year,phd,rainy,1.92,4.4,79,0,sick
2706,22,female,b.tech,4th year,high school,sunny,3.21,6.55,77,0,travel
2707,19,male,bca,3rd year,post graduate,cloudy,3.34,6.15,57,0,project work
2708,22,male,b.sc,2nd year,graduate,cold,3.56,7.35,55,1,none
2709,23,female,b.tech,4th year,post graduate,rainy,1.69,8.65,30,0,festival
2711,17,male,b.tech,2nd year,post graduate,rainy,5.05,8.64,82,0,no reason
2713,21,female,pharmacy,3rd year,post graduate,hot,5.51,9.93,70,1,none
2714,21,female,b.com,2nd year,post graduate,cloudy,0.37,6.81,39,0,personal work
2716,20,male,ba,3rd year,high school,rainy,4.01,8.32,18,0,project work
2717,22,male,b.sc,1st year,phd,cloudy,1.01,5.21,39,0,none
2719,18,male,b.tech,1st year,graduate,cold,5.06,7.34,23,0,project work
2723,20,female,nursing,3rd year,graduate,hot,4.38,6.41,89,0,none
2724,23,female,ba,3rd year,phd,rainy,3.7,7.27,79,0,none
2726,18,male,b.sc,2nd year,graduate,rainy,4.17,7.54,50,1,none
2727,17,male,bca,3rd year,high school,sunny,2.04,7.24,63,1,none
2728,21,female,b.sc,4th year,post graduate,hot,2.91,7.93,17,1,none
2729,20,female,bca,4th year,graduate,rainy,1.62,7.65,64,0,sick
2732,24,female,nursing,2nd year,high school,rainy,0.15,7.18,18,0,no reason
2733,18,male,ba,2nd year,post graduate,cold,1.18,6.59,11,1,none
2734,20,male,b.tech,3rd year,graduate,cloudy,5.43,7.52,89,1,none
2736,21,female,b.com,2nd year,no formal,sunny,3.05,5.08,21,0,travel
2737,18,female,ba,2nd year,phd,cloudy,3.33,5.29,56,1,none
2738,20,female,bca,3rd year,phd,sunny,3.29,8.41,57,0,festival
2740,18,male,b.tech,1st year,post graduate,cold,3.31,4.43,29,1,none
2741,17,male,bba,2nd year,phd,rainy,3.39,5.3,72,0,festival
2743,24,female,bba,3rd year,phd,cloudy,2.92,4.96,77,1,none
2745,20,male,nursing,3rd year,graduate,cold,5.57,6.55,84,0,no reason
2746,18,male,bca,3rd year,high school,cold,1.83,8.51,23,0,festival
2749,24,male,ba,1st year,graduate,cold,2.19,4.64,62,0,no reason
2751,17,male,bca,4th year,no formal,sunny,5.86,7.42,76,0,festival
2752,21,male,b.com,3rd year,phd,cloudy,2.68,9.94,54,0,travel
2754,24,male,b.tech,1st year,no formal,cloudy,3.85,6.89,50,0,festival
2755,23,male,b.sc,3rd year,no formal,cloudy,0.71,5.79,41,0,personal work
2756,24,male,pharmacy,1st year,no formal,sunny,0.9,6.95,18,0,project work
2757,22,female,bba,3rd year,no formal,cold,4.45,9.66,61,1,none
2758,19,male,pharmacy,1st year,high school,cold,3.25,4.73,47,1,none
2759,20,male,pharmacy,3rd year,high school,hot,1.89,4.5,22,0,no reason
2760,18,male,pharmacy,2nd year,graduate,cold,1.32,4.56,21,0,project work
2761,20,female,diploma,1st year,phd,cold,5.43,5.91,71,0,festival
2762,19,female,diploma,4th year,graduate,hot,1.16,7.42,88,0,no reason
2763,17,male,bca,4th year,high school,rainy,5.56,9.07,84,0,travel
2764,18,female,diploma,1st year,no formal,sunny,4.17,5.71,53,0,personal work
2765,21,female,b.com,1st year,phd,rainy,1.76,8.59,26,0,personal work
2766,19,female,nursing,1st year,high school,rainy,3.53,7.44,5,1,none
2767,24,female,b.sc,3rd year,phd,rainy,4.07,7.38,56,1,none
2768,20,male,bba,4th year,post graduate,hot,2.12,6.08,18,1,none
2769,24,female,ba,1st year,phd,sunny,4.03,9.38,15,1,none
2771,17,male,b.com,3rd year,post graduate,hot,1.29,4.7,85,0,project work
2772,18,male,b.sc,2nd year,post graduate,cold,5.33,5.87,31,1,none
2773,22,male,nursing,4th year,phd,sunny,1.19,5.63,39,1,none
2777,24,male,nursing,2nd year,graduate,sunny,0.64,4.57,83,1,none
2778,20,female,ba,2nd year,graduate,rainy,3.59,5.54,63,1,none
2779,17,male,b.sc,3rd year,high school,cloudy,3.64,6.14,18,0,festival
2781,24,female,b.com,3rd year,high school,hot,5.88,8.92,22,1,none
2782,23,female,diploma,1st year,graduate,cloudy,0.05,6.14,17,0,festival
2783,23,female,diploma,3rd year,graduate,sunny,3.81,8.69,48,0,festival
2787,17,female,b.sc,3rd year,phd,hot,0.32,9.65,23,0,no reason
2790,24,female,bba,4th year,post graduate,rainy,0.06,6.57,68,0,none
2794,17,male,pharmacy,1st year,no formal,cloudy,1.44,6.7,67,0,project work
2796,23,female,bba,2nd year,high school,hot,4.14,5.47,69,0,project work
2797,21,male,nursing,3rd year,high school,hot,2.62,7.25,11,1,none
2798,22,female,bca,1st year,no formal,sunny,5.22,5.49,75,0,travel
2803,17,female,bca,1st year,no formal,sunny,0.73,6.27,66,0,festival
2805,24,male,bba,2nd year,phd,sunny,5.05,8.01,24,1,none
2806,19,male,b.sc,2nd year,graduate,rainy,1.22,5.38,67,0,personal work
2807,19,male,bba,1st year,high school,sunny,0.2,9.01,25,1,none
2809,18,female,b.tech,4th year,phd,sunny,1.21,6.02,55,0,no reason
2811,19,female,b.tech,1st year,no formal,hot,5.64,6.09,44,1,none
2812,18,female,nursing,2nd year,post graduate,hot,4.49,6.13,45,0,sick
2814,18,female,diploma,2nd year,phd,cold,5.33,7.16,60,1,none
2815,17,female,pharmacy,1st year,high school,sunny,0.16,4.84,24,0,project work
2816,22,male,nursing,1st year,post graduate,cold,2.2,9.79,78,1,none
2817,23,female,ba,4th year,post graduate,cold,3.42,8.0,40,0,festival
2818,18,male,pharmacy,1st year,graduate,cloudy,3.9,5.97,7,0,personal work
2819,22,male,bba,2nd year,post graduate,sunny,5.56,6.59,58,1,none
2820,21,male,pharmacy,4th year,phd,rainy,2.57,6.13,46,0,festival
2821,23,male,pharmacy,3rd year,post graduate,hot,2.57,4.28,26,0,project work
2822,18,male,b.sc,1st year,post graduate,cloudy,3.88,7.71,83,0,no reason
2823,24,male,nursing,1st year,no formal,rainy,0.12,4.06,49,0,no reason
2824,21,male,diploma,2nd year,high school,cold,4.04,4.72,15,1,none
2826,19,male,b.sc,4th year,no formal,sunny,1.23,4.4,27,1,none
2827,24,female,bba,1st year,graduate,rainy,1.39,6.75,63,0,personal work
2828,22,male,b.sc,1st year,no formal,cloudy,0.66,6.0,50,1,none
2830,24,male,nursing,4th year,no formal,cloudy,3.94,9.73,64,1,none
2832,19,female,b.sc,4th year,graduate,sunny,1.72,4.86,78,1,none
2834,20,female,ba,2nd year,phd,rainy,3.5,6.54,37,0,sick
2835,21,female,nursing,2nd year,graduate,rainy,3.08,9.56,34,0,none
2838,18,female,ba,3rd year,phd,cloudy,5.61,8.32,66,0,travel
2843,20,male,bca,4th year,phd,rainy,5.31,4.91,78,0,no reason
2844,20,female,b.sc,3rd year,graduate,rainy,4.46,8.86,19,1,none
2845,20,female,b.sc,4th year,post graduate,cloudy,1.52,6.3,23,0,personal work
2847,20,male,diploma,3rd year,phd,rainy,1.51,6.38,67,0,sick
2849,19,male,b.com,4th year,graduate,cloudy,5.11,4.23,26,0,festival
2850,18,female,diploma,3rd year,high school,sunny,5.76,4.18,10,1,none
2852,17,male,nursing,1st year,no formal,cloudy,1.03,6.91,36,1,none
2855,17,male,nursing,2nd year,graduate,sunny,3.78,6.39,67,0,no reason
2856,21,male,ba,4th year,high school,cold,2.07,9.87,42,1,none
2857,23,male,pharmacy,4th year,phd,cold,5.67,5.38,52,1,none
2860,18,female,ba,2nd year,no formal,cloudy,4.06,7.56,7,0,none
2861,24,male,diploma,2nd year,graduate,rainy,2.38,5.46,33,1,none
2862,23,male,b.sc,4th year,graduate,sunny,4.26,6.46,55,1,none
2863,21,male,nursing,3rd year,phd,cloudy,2.71,8.02,81,1,none
2864,17,female,b.tech,2nd year,post graduate,hot,4.63,9.23,30,1,none
2866,19,male,bba,2nd year,phd,hot,5.22,8.68,61,1,none
2868,23,male,bca,3rd year,phd,rainy,1.42,5.86,85,0,travel
2869,18,female,ba,2nd year,phd,hot,1.47,9.4,50,1,none
2871,24,female,nursing,3rd year,graduate,rainy,2.14,5.45,27,1,none
2872,23,female,b.sc,3rd year,no formal,hot,4.82,7.08,12,0,travel
2873,18,female,bba,2nd year,phd,cold,4.18,6.0,75,0,travel
2874,20,female,b.sc,2nd year,graduate,hot,5.74,7.57,14,1,none
2875,21,male,b.sc,2nd year,phd,rainy,2.73,5.31,59,0,none
2876,22,male,b.sc,4th year,no formal,cloudy,3.05,5.34,33,1,none
2880,17,male,b.sc,4th year,no formal,sunny,5.93,8.83,15,1,none
2881,18,male,b.tech,3rd year,no formal,rainy,4.15,5.04,6,1,none
2882,21,male,b.tech,4th year,graduate,cold,1.9,8.26,7,1,none
2883,17,male,bca,4th year,phd,hot,5.2,7.32,23,1,none
2884,19,female,pharmacy,3rd year,no formal,cloudy,4.0,9.64,81,0,festival
2885,18,male,b.tech,1st year,post graduate,rainy,1.47,6.6,74,0,project work
2887,17,male,nursing,1st year,post graduate,sunny,2.91,6.58,84,0,travel
2888,18,female,diploma,3rd year,post graduate,hot,5.72,5.8,86,1,none
2889,18,male,diploma,1st year,phd,hot,0.05,8.75,57,0,travel
2890,18,female,b.sc,2nd year,no formal,hot,0.23,8.38,53,0,none
2891,21,male,nursing,2nd year,post graduate,cloudy,0.55,9.06,16,0,no reason
2892,19,female,bca,2nd year,graduate,hot,5.06,8.17,48,1,none
2895,21,male,bca,1st year,graduate,hot,1.85,9.94,48,1,none
2896,22,female,nursing,4th year,graduate,sunny,1.46,8.15,72,0,project work
2898,23,female,bca,1st year,graduate,hot,5.83,7.39,29,1,none
2899,18,female,bba,3rd year,high school,rainy,2.16,7.7,53,0,none
2900,21,female,diploma,2nd year,high school,hot,3.41,5.72,76,0,none
2902,23,female,ba,4th year,high school,rainy,5.74,8.83,86,1,none
2905,23,female,bca,3rd year,phd,cold,0.93,4.86,28,0,project work
2906,21,male,diploma,2nd year,graduate,sunny,1.88,6.5,76,1,none
2907,24,male,bba,4th year,post graduate,rainy,0.25,5.29,14,1,none
2908,18,female,pharmacy,3rd year,graduate,cloudy,2.82,4.58,26,1,none
2910,17,female,bca,2nd year,phd,sunny,0.94,5.14,10,0,festival
2911,17,male,nursing,4th year,graduate,cloudy,2.25,8.73,27,0,personal work
2913,18,male,diploma,4th year,phd,cold,1.26,6.12,59,0,travel
2914,20,female,b.com,2nd year,graduate,cloudy,0.41,4.64,10,0,personal work
2915,20,male,pharmacy,4th year,post graduate,cloudy,4.53,4.06,36,0,travel
2916,21,male,b.sc,3rd year,no formal,cold,4.03,8.8,60,0,no reason
2919,20,male,b.tech,3rd year,graduate,cloudy,5.55,4.41,34,0,none
2920,19,male,diploma,3rd year,graduate,rainy,4.47,8.34,14,0,project work
2921,23,female,b.tech,2nd year,phd,cold,5.24,8.28,83,1,none
2923,21,female,nursing,1st year,phd,hot,3.33,7.31,51,0,project work
2925,18,female,ba,3rd year,graduate,hot,2.87,5.53,54,1,none
2926,21,female,bba,1st year,high school,sunny,4.38,8.24,76,1,none
2927,19,male,pharmacy,1st year,phd,rainy,2.72,6.71,48,0,none
2930,18,male,b.sc,4th year,phd,hot,2.27,9.72,26,0,project work
2933,20,female,diploma,2nd year,graduate,hot,3.4,9.94,32,1,none
2935,18,female,nursing,4th year,post graduate,cold,4.08,9.89,55,0,festival
2936,23,male,pharmacy,1st year,phd,hot,5.93,5.63,81,0,sick
2938,24,male,b.tech,1st year,phd,cloudy,0.56,4.11,20,0,sick
2940,22,male,diploma,2nd year,post graduate,rainy,3.58,6.24,36,0,sick
2941,24,female,ba,1st year,high school,sunny,4.75,7.51,14,1,none
2943,18,female,bca,4th year,graduate,cloudy,3.07,7.54,84,0,project work
2945,17,male,pharmacy,1st year,high school,cold,4.54,5.78,32,1,none
2946,21,male,bca,4th year,graduate,hot,4.07,8.04,88,1,none
2947,20,male,b.com,4th year,post graduate,rainy,5.13,5.54,59,1,none
2948,21,male,pharmacy,3rd year,high school,cloudy,5.32,7.74,86,1,none
2949,21,male,bca,1st year,high school,rainy,1.57,6.64,85,0,festival
2950,17,female,b.com,2nd year,high school,cloudy,1.79,6.29,60,0,project work
2951,21,male,b.sc,1st year,graduate,sunny,0.39,8.31,5,0,none
2953,20,male,diploma,2nd year,high school,hot,4.16,4.97,17,1,none
2960,24,female,pharmacy,4th year,post graduate,cold,5.42,8.84,42,1,none
2961,20,female,diploma,3rd year,high school,hot,2.01,9.1,60,0,sick
2962,24,female,bba,4th year,no formal,cloudy,1.98,4.69,86,1,none
2963,17,female,diploma,2nd year,no formal,cloudy,5.34,9.24,41,0,none
2964,22,female,bca,3rd year,graduate,hot,4.03,5.46,46,1,none
2965,21,male,b.com,4th year,graduate,cloudy,2.38,9.2,20,1,none
2969,22,male,bca,4th year,graduate,sunny,0.41,4.27,36,0,none
2971,17,female,bca,4th year,post graduate,cloudy,1.71,7.71,12,0,personal work
2972,21,male,bba,4th year,phd,cloudy,4.28,6.07,8,0,none
2976,20,female,ba,2nd year,post graduate,cloudy,0.71,6.73,51,0,travel
2977,24,male,b.sc,3rd year,high school,cold,5.37,5.33,23,1,none
2978,19,male,bba,2nd year,no formal,cloudy,3.7,8.3,30,1,none
2981,17,male,b.sc,3rd year,no formal,rainy,2.86,6.03,6,0,personal work
2983,23,male,bca,4th year,post graduate,sunny,4.29,7.01,61,1,none
2985,22,male,pharmacy,4th year,phd,cloudy,0.47,6.04,70,0,no reason
2987,23,male,pharmacy,2nd year,no formal,sunny,3.0,9.28,62,0,travel
2988,24,female,b.tech,1st year,post graduate,cloudy,0.11,4.37,70,0,personal work
2991,22,female,b.com,3rd year,post graduate,hot,4.16,5.91,22,1,none
2993,23,male,bca,1st year,phd,cold,3.11,9.04,85,0,project work
2994,23,female,pharmacy,4th year,phd,sunny,4.27,6.6,86,1,none
2996,19,male,diploma,1st year,post graduate,cloudy,1.79,9.23,80,1,none
2997,19,female,diploma,2nd year,post graduate,rainy,5.19,9.62,37,1,none
2998,20,female,diploma,4th year,no formal,rainy,1.04,9.11,22,1,none
2999,22,female,bba,3rd year,post graduate,sunny,2.12,4.4,42,1,none
3001,22,female,b.com,3rd year,graduate,cold,1.58,5.08,39,1,none
3003,24,female,ba,4th year,post graduate,hot,5.28,6.05,74,0,travel
3005,19,female,diploma,3rd year,graduate,hot,3.43,4.92,63,0,travel
3007,20,female,nursing,3rd year,phd,sunny,3.49,6.88,43,1,none
3010,19,male,b.tech,2nd year,no formal,sunny,4.72,4.89,82,1,none
3011,21,male,b.tech,4th year,graduate,sunny,4.78,9.52,8,1,none
3012,17,male,bba,1st year,phd,sunny,1.11,9.47,79,0,no reason
3013,22,female,ba,2nd year,post graduate,hot,3.8,6.04,19,1,none
3014,20,female,diploma,4th year,post graduate,sunny,1.14,8.94,28,0,personal work
3015,20,male,bca,3rd year,no formal,sunny,0.56,9.49,24,0,sick
3018,21,female,bca,1st year,graduate,sunny,0.41,6.57,22,0,project work
3019,22,male,nursing,2nd year,no formal,sunny,0.06,6.78,59,0,travel
3021,18,male,pharmacy,2nd year,post graduate,sunny,5.24,7.05,46,1,none
3022,20,male,b.sc,2nd year,high school,hot,5.05,8.9,77,1,none
3025,22,female,nursing,3rd year,phd,cold,3.19,5.2,63,1,none
3026,17,male,diploma,2nd year,high school,rainy,0.91,7.26,43,1,none
3027,22,male,b.com,2nd year,post graduate,cold,0.76,4.06,69,0,festival
3029,24,male,bca,2nd year,graduate,sunny,3.29,4.39,27,0,project work
3031,19,female,bba,1st year,post graduate,rainy,2.53,8.86,40,0,personal work
3032,21,female,pharmacy,3rd year,no formal,cold,3.05,6.81,20,0,festival
3034,17,female,ba,2nd year,high school,rainy,0.54,6.94,30,0,festival
3035,24,female,diploma,2nd year,high school,rainy,2.13,8.32,77,0,sick
3036,23,female,b.sc,1st year,post graduate,hot,5.46,6.06,16,1,none
3037,18,male,b.com,3rd year,no formal,sunny,2.38,4.08,20,0,travel
3038,19,female,b.sc,3rd year,post graduate,cold,3.43,7.99,23,1,none
3039,18,female,nursing,3rd year,no formal,cold,4.86,6.96,9,1,none
3040,20,male,b.tech,1st year,graduate,sunny,4.43,5.03,18,1,none
3041,19,female,pharmacy,3rd year,phd,rainy,4.07,5.91,83,0,no reason
3042,19,female,nursing,1st year,phd,cloudy,1.23,8.55,55,0,travel
3043,21,male,pharmacy,2nd year,phd,sunny,3.98,6.96,30,1,none
3046,22,female,nursing,4th year,phd,cold,5.4,5.62,27,1,none
3047,23,male,pharmacy,3rd year,no formal,cloudy,3.39,5.79,66,1,none
3048,18,female,pharmacy,1st year,phd,sunny,4.72,7.34,24,0,none
3050,23,male,diploma,2nd year,no formal,cloudy,1.1,7.61,18,1,none
3053,19,male,ba,2nd year,phd,rainy,0.37,8.73,17,1,none
3054,23,male,bba,2nd year,high school,sunny,5.68,4.38,88,1,none
3058,20,female,b.tech,3rd year,graduate,rainy,3.36,4.4,68,0,sick
3059,19,female,bca,4th year,high school,rainy,3.86,9.7,73,1,none
3060,18,female,b.tech,1st year,graduate,sunny,0.47,9.56,80,0,sick
3061,19,female,pharmacy,3rd year,graduate,cold,4.93,4.96,41,1,none
3063,18,male,b.com,1st year,post graduate,sunny,4.23,9.11,63,1,none
3064,22,male,b.sc,3rd year,phd,cloudy,4.14,8.29,60,1,none
3065,21,male,bca,2nd year,no formal,cloudy,2.82,8.65,68,0,project work
3068,18,male,pharmacy,1st year,no formal,rainy,3.92,4.06,61,0,project work
3069,17,male,bba,1st year,post graduate,hot,2.97,8.35,40,1,none
3070,20,male,ba,2nd year,graduate,cloudy,0.05,8.25,5,0,festival
3071,20,male,ba,2nd year,no formal,hot,5.65,9.08,13,1,none
3072,18,female,b.com,2nd year,no formal,sunny,0.05,8.26,21,0,personal work
3073,23,female,ba,4th year,no formal,hot,1.25,6.78,37,0,project work
3074,21,female,b.sc,3rd year,graduate,cold,5.38,4.44,28,1,none
3075,22,male,ba,2nd year,graduate,cloudy,0.55,7.05,40,0,none
3076,17,female,b.com,3rd year,high school,cloudy,4.09,7.88,37,1,none
3078,18,female,ba,1st year,no formal,rainy,0.4,8.91,26,0,none
3082,19,female,b.tech,3rd year,graduate,cloudy,0.35,8.87,81,0,project work
3083,18,male,b.com,3rd year,post graduate,cloudy,2.09,6.33,77,0,festival
3084,19,female,diploma,1st year,post graduate,cold,4.59,4.36,89,1,none
3085,19,female,b.tech,3rd year,post graduate,hot,4.42,4.5,59,1,none
3088,18,female,b.tech,1st year,post graduate,sunny,5.91,8.63,42,1,none
3089,20,female,b.sc,1st year,no formal,cold,1.74,9.82,8,0,sick
3093,18,female,pharmacy,1st year,phd,sunny,0.58,5.31,44,1,none
3094,24,female,bca,3rd year,post graduate,hot,3.29,7.09,64,1,none
3095,23,female,bca,2nd year,post graduate,hot,0.26,4.36,72,0,none
3096,18,female,b.tech,4th year,high school,cold,0.67,7.37,53,1,none
3097,19,male,ba,1st year,no formal,cloudy,3.44,6.5,43,1,none
3098,18,male,bca,4th year,high school,cold,4.22,5.98,62,0,sick
3099,19,female,bba,2nd year,high school,cloudy,5.37,4.94,43,0,personal work
3100,19,female,bba,3rd year,post graduate,cloudy,2.97,6.62,17,0,travel
3101,18,male,b.sc,4th year,high school,cold,3.77,8.67,48,0,no reason
3102,17,male,pharmacy,2nd year,high school,sunny,5.2,6.78,83,0,project work
3104,22,female,b.com,1st year,no formal,cold,4.71,9.35,65,0,festival
3105,19,female,pharmacy,4th year,post graduate,cloudy,0.26,7.54,59,0,no reason
3107,19,male,b.sc,4th year,phd,rainy,0.7,4.23,49,0,no reason
3110,21,female,b.tech,2nd year,post graduate,cloudy,0.62,8.44,19,0,personal work
3111,23,female,bca,4th year,phd,sunny,3.98,7.63,70,0,none
3113,24,male,b.sc,3rd year,phd,rainy,2.29,4.78,52,0,none
3114,19,male,b.tech,1st year,post graduate,hot,0.51,8.05,5,1,none
3116,22,male,pharmacy,1st year,post graduate,cloudy,0.71,6.58,70,0,project work
3119,23,female,bca,1st year,post graduate,cold,5.38,4.12,71,1,none
3120,21,male,bba,2nd year,no formal,cloudy,3.7,5.56,59,0,project work
3123,21,female,nursing,4th year,high school,cold,1.68,6.45,60,1,none
3124,20,male,bba,2nd year,post graduate,sunny,0.17,8.08,53,1,none
3125,24,female,b.tech,3rd year,post graduate,hot,4.59,7.37,73,1,none
3126,23,female,diploma,4th year,no formal,cloudy,1.77,5.4,81,1,none
3127,24,male,b.com,2nd year,high school,sunny,2.05,4.18,64,0,project work
3128,21,female,b.sc,4th year,no formal,sunny,3.62,6.43,62,0,none
3129,23,male,diploma,3rd year,post graduate,cloudy,3.74,5.86,36,0,sick
3131,20,female,bca,4th year,phd,sunny,1.18,6.99,63,0,none
3133,17,female,bca,1st year,high school,sunny,5.39,4.33,47,0,no reason
3136,21,male,b.com,1st year,high school,cloudy,1.57,8.45,78,0,festival
3137,20,female,bca,1st year,post graduate,hot,2.03,4.85,40,0,festival
3139,20,female,nursing,4th year,post graduate,rainy,4.12,6.1,42,1,none
3140,20,male,nursing,2nd year,phd,rainy,0.55,8.62,42,0,project work
3142,20,male,b.sc,1st year,post graduate,cold,4.36,8.51,15,0,none
3145,21,male,diploma,3rd year,graduate,rainy,0.11,4.06,8,1,none
3146,22,male,diploma,1st year,graduate,sunny,2.73,5.29,17,0,none
3148,24,female,nursing,3rd year,high school,rainy,2.37,6.78,65,1,none
3151,18,male,b.com,4th year,high school,rainy,3.3,5.01,60,0,project work
3153,23,female,bba,3rd year,high school,rainy,1.69,7.87,88,0,no reason
3155,23,male,diploma,1st year,high school,cold,5.5,6.65,16,0,none
3156,23,male,ba,4th year,post graduate,rainy,0.55,9.43,39,0,no reason
3157,24,female,bca,4th year,no formal,sunny,5.45,6.27,37,1,none
3158,22,female,b.sc,3rd year,phd,rainy,3.17,9.25,9,1,none
3159,23,female,b.tech,1st year,no formal,sunny,0.12,9.67,69,0,personal work
3160,17,male,pharmacy,4th year,high school,hot,0.38,6.81,72,0,travel
3161,24,female,bba,1st year,phd,sunny,4.64,8.3,77,1,none
3165,20,male,pharmacy,1st year,high school,sunny,4.23,5.74,6,1,none
3167,19,female,bba,3rd year,phd,hot,2.04,5.05,15,1,none
3170,22,male,ba,3rd year,no formal,cloudy,4.59,5.43,15,0,none
3172,20,female,bba,2nd year,post graduate,hot,0.2,4.86,86,0,festival
3174,24,female,bca,4th year,post graduate,hot,1.23,9.08,77,0,travel
3175,21,male,b.tech,2nd year,high school,cloudy,3.64,8.01,48,1,none
3177,19,male,nursing,2nd year,post graduate,cold,5.36,5.48,13,1,none
3179,18,male,bba,2nd year,high school,cloudy,4.09,5.81,25,1,none
3181,18,female,ba,4th year,phd,sunny,4.42,9.94,80,1,none
3182,22,male,nursing,1st year,phd,cloudy,2.16,6.0,27,0,project work
3183,17,male,ba,1st year,high school,cloudy,2.74,5.75,28,1,none
3184,22,male,pharmacy,3rd year,no formal,rainy,5.04,5.52,10,0,none
3188,17,female,bba,2nd year,graduate,cloudy,2.01,8.41,17,1,none
3189,23,female,bba,1st year,high school,sunny,1.23,9.57,50,0,sick
3191,22,male,ba,4th year,high school,hot,3.37,5.74,19,1,none
3193,18,female,bca,3rd year,post graduate,cold,5.84,4.47,54,1,none
3194,22,female,bca,1st year,post graduate,hot,5.68,5.8,74,1,none
3195,18,female,ba,4th year,high school,cold,1.48,9.6,43,0,none
3199,19,male,nursing,4th year,no formal,rainy,1.43,8.05,32,0,no reason
3200,24,male,pharmacy,1st year,graduate,hot,0.43,6.13,57,0,sick
3203,18,male,ba,1st year,high school,sunny,0.65,8.83,53,1,none
3205,22,male,nursing,4th year,graduate,sunny,4.76,4.73,66,0,no reason
3208,20,female,bca,1st year,phd,rainy,3.38,4.69,79,1,none
3209,18,male,ba,2nd year,phd,sunny,3.0,4.06,80,1,none
3211,19,male,nursing,3rd year,graduate,hot,4.11,9.01,53,0,none
3212,19,female,ba,2nd year,graduate,hot,0.35,6.02,14,0,travel
3213,24,female,bca,1st year,no formal,cloudy,2.82,9.43,18,1,none
3214,21,male,bca,1st year,graduate,cold,1.48,9.73,24,0,no reason
3215,19,female,pharmacy,1st year,phd,sunny,1.97,7.15,47,1,none
3217,20,male,bba,2nd year,no formal,cloudy,1.96,5.0,22,0,festival
3218,24,female,pharmacy,4th year,no formal,cloudy,0.91,7.7,38,0,none
3219,20,male,bba,2nd year,phd,rainy,2.01,7.12,49,0,travel
3220,22,female,b.com,2nd year,post graduate,rainy,4.66,7.02,83,0,travel
3221,19,male,b.tech,3rd year,graduate,hot,3.74,7.6,17,1,none
3222,23,male,b.com,1st year,phd,sunny,1.61,7.99,39,0,project work
3223,23,female,b.sc,3rd year,no formal,hot,5.03,5.77,10,0,none
3224,21,male,b.com,1st year,post graduate,cold,5.52,7.69,34,0,no reason
3225,23,male,bba,2nd year,phd,sunny,1.57,9.79,68,1,none
3228,22,male,bba,3rd year,high school,hot,5.72,4.24,77,1,none
3230,23,female,b.tech,4th year,post graduate,rainy,5.31,9.81,33,1,none
3231,18,male,b.com,2nd year,graduate,cloudy,3.23,7.91,57,0,project work
3233,17,female,b.tech,1st year,graduate,cold,5.9,9.16,76,1,none
3234,21,male,b.com,2nd year,graduate,cloudy,4.64,4.1,82,1,none
3235,21,male,bba,3rd year,high school,hot,4.41,5.31,67,1,none
3237,24,male,bca,1st year,high school,hot,3.94,5.57,23,1,none
3238,24,female,diploma,2nd year,no formal,cold,3.79,8.92,77,1,none
3239,17,male,ba,3rd year,post graduate,cloudy,4.88,7.09,88,0,festival
3242,24,female,b.sc,1st year,post graduate,rainy,3.19,8.72,57,0,festival
3243,21,female,b.sc,1st year,graduate,hot,5.39,6.36,53,0,none
3244,22,female,b.tech,2nd year,post graduate,cloudy,3.61,4.88,86,0,project work
3245,23,female,b.tech,2nd year,high school,cloudy,3.67,8.04,65,1,none
3248,18,male,bba,3rd year,no formal,cloudy,0.92,4.5,55,0,project work
3250,19,male,diploma,4th year,no formal,hot,2.07,7.12,53,0,personal work
3251,22,male,ba,3rd year,high school,sunny,5.1,5.35,11,1,none
3252,18,female,diploma,4th year,phd,rainy,4.13,5.13,62,0,travel
3253,19,male,ba,4th year,graduate,rainy,4.25,6.59,73,0,travel
3256,18,male,nursing,1st year,no formal,cloudy,3.98,6.73,82,0,festival
3257,18,male,bba,1st year,phd,hot,4.66,6.25,12,1,none
3258,21,female,bba,4th year,no formal,cloudy,5.78,4.06,49,1,none
3260,20,female,bca,2nd year,post graduate,sunny,3.96,8.5,21,1,none
3262,22,male,bba,2nd year,high school,cloudy,5.7,6.86,41,1,none
3263,23,female,b.sc,1st year,high school,cold,2.28,6.05,14,0,none
3264,21,male,bba,3rd year,graduate,cloudy,2.71,7.31,60,0,none
3265,22,male,nursing,1st year,post graduate,sunny,1.41,6.15,23,1,none
3267,22,male,bca,2nd year,high school,sunny,3.27,4.18,52,1,none
3268,18,male,b.com,1st year,high school,cloudy,2.6,8.01,40,1,none
3269,24,female,b.com,2nd year,no formal,sunny,1.38,7.56,57,0,sick
3271,20,female,b.sc,3rd year,post graduate,cold,3.7,6.54,77,1,none
3272,22,male,ba,1st year,high school,hot,4.2,4.23,16,0,no reason
3274,18,female,pharmacy,4th year,phd,cloudy,2.43,5.86,45,1,none
3276,17,male,b.sc,4th year,no formal,cold,4.5,8.27,65,1,none
3278,24,male,ba,2nd year,high school,cloudy,3.7,8.94,59,0,festival
3280,17,female,diploma,4th year,graduate,hot,0.21,7.01,27,0,personal work
3282,24,female,b.tech,4th year,phd,hot,5.51,9.18,39,0,none
3283,17,male,b.com,3rd year,no formal,cloudy,1.06,4.14,37,0,project work
3284,20,male,ba,1st year,high school,sunny,4.04,5.49,69,1,none
3285,20,female,bca,4th year,high school,rainy,3.51,9.31,89,1,none
3286,18,male,nursing,1st year,post graduate,cloudy,1.46,7.87,35,1,none
3287,18,female,ba,1st year,high school,hot,0.91,9.14,80,1,none
3288,18,male,bba,2nd year,phd,cold,0.85,8.44,69,0,none
3289,18,female,b.tech,3rd year,post graduate,cloudy,0.05,8.97,58,0,personal work
3290,20,male,bba,2nd year,phd,sunny,2.32,6.02,35,1,none
3291,20,male,bba,1st year,phd,rainy,2.62,8.76,9,0,travel
3292,18,female,bca,3rd year,post graduate,hot,3.11,4.17,77,0,personal work
3293,19,female,nursing,2nd year,high school,sunny,5.93,5.53,11,1,none
3294,18,female,bca,1st year,post graduate,cloudy,0.92,9.55,69,0,travel
3295,23,female,b.tech,4th year,graduate,hot,4.53,8.44,86,1,none
3296,18,female,nursing,2nd year,high school,sunny,5.71,5.1,38,1,none
3297,24,female,bba,3rd year,high school,cold,4.93,7.86,33,0,sick
3298,21,female,bba,2nd year,phd,cold,2.04,6.42,18,0,none
3300,22,female,bca,2nd year,no formal,hot,3.12,7.34,55,1,none
3301,19,female,nursing,1st year,high school,cloudy,4.75,4.06,16,0,no reason
3303,19,female,bba,4th year,post graduate,hot,2.24,9.31,33,1,none
3305,19,female,b.sc,3rd year,post graduate,rainy,3.65,9.56,80,0,none
3306,19,male,nursing,3rd year,high school,hot,4.19,5.8,67,0,project work
3307,18,female,nursing,1st year,no formal,rainy,2.76,8.66,18,0,festival
3309,24,male,b.sc,4th year,phd,rainy,0.29,8.36,19,0,sick
3310,21,male,b.tech,2nd year,post graduate,hot,3.08,4.29,14,0,festival
3311,20,female,b.com,1st year,phd,cloudy,4.26,6.73,76,1,none
3313,18,female,b.sc,1st year,graduate,hot,4.21,9.79,11,1,none
3314,20,female,b.tech,3rd year,high school,sunny,4.29,9.01,30,0,none
3315,23,female,bba,4th year,no formal,hot,4.15,9.33,85,0,project work
3316,22,female,ba,3rd year,post graduate,hot,5.86,8.95,23,1,none
3317,20,male,bca,1st year,no formal,cloudy,5.42,6.45,65,1,none
3318,19,female,bca,4th year,phd,cold,5.13,8.42,68,1,none
3322,23,male,b.tech,2nd year,high school,hot,3.44,6.58,8,0,project work
3323,22,female,pharmacy,4th year,high school,sunny,4.71,4.92,33,1,none
3324,20,male,b.sc,2nd year,post graduate,rainy,4.72,4.92,79,0,sick
3325,23,male,bca,1st year,phd,sunny,4.81,5.69,62,0,project work
3327,18,female,bca,2nd year,graduate,cloudy,3.72,4.81,27,1,none
3328,20,male,bca,2nd year,phd,cloudy,3.38,5.38,39,0,travel
3331,23,female,b.sc,2nd year,phd,sunny,3.01,8.26,16,0,project work
3334,17,female,bba,2nd year,no formal,cloudy,1.77,6.29,89,0,sick
3336,21,male,diploma,4th year,phd,cold,0.61,6.4,88,1,none
3337,17,female,b.sc,4th year,phd,rainy,2.76,7.45,24,1,none
3338,23,female,ba,2nd year,post graduate,cloudy,0.64,8.29,15,0,personal work
3340,21,female,b.sc,2nd year,phd,rainy,4.73,6.0,89,0,project work
3341,19,female,ba,3rd year,graduate,rainy,1.71,9.38,82,0,sick
3342,17,male,b.tech,4th year,no formal,rainy,2.01,9.79,50,0,travel
3343,21,female,ba,2nd year,high school,sunny,2.47,8.56,68,1,none
3344,21,male,b.sc,3rd year,high school,cold,0.47,7.52,41,0,project work
3345,23,female,b.sc,1st year,post graduate,cloudy,1.37,5.48,69,0,personal work
3346,21,female,nursing,2nd year,high school,cloudy,0.05,9.33,21,1,none
3348,17,female,b.sc,3rd year,high school,cold,0.29,9.88,61,0,none
3349,23,male,b.com,2nd year,post graduate,sunny,1.24,8.07,78,0,travel
3350,18,female,b.tech,3rd year,high school,cloudy,4.73,9.02,8,1,none
3351,24,male,nursing,3rd year,high school,cold,2.78,9.83,12,1,none
3352,17,female,pharmacy,4th year,post graduate,sunny,3.4,7.91,64,1,none
3353,22,male,nursing,1st year,phd,hot,4.17,7.65,18,1,none
3354,24,male,nursing,3rd year,post graduate,cloudy,5.93,7.89,57,1,none
3356,17,male,bba,2nd year,phd,sunny,2.61,5.31,81,0,travel
3357,24,female,b.tech,2nd year,phd,rainy,3.74,6.76,32,1,none
3359,21,female,bba,2nd year,no formal,hot,0.06,8.35,7,0,project work
3361,22,female,b.com,4th year,graduate,hot,3.99,9.67,51,0,travel
3363,23,female,nursing,1st year,phd,cold,3.86,8.44,66,1,none
3364,18,male,b.com,1st year,graduate,hot,4.03,9.94,43,0,no reason
3368,20,male,bba,1st year,post graduate,cold,2.34,9.4,34,0,travel
3370,24,female,b.sc,1st year,no formal,rainy,0.54,7.33,70,0,travel
3373,21,male,diploma,4th year,high school,sunny,3.04,9.8,47,1,none
3374,22,female,b.tech,4th year,high school,cold,4.85,8.93,57,1,none
3375,21,male,diploma,4th year,high school,hot,2.76,6.49,19,0,festival
3376,21,male,bca,1st year,graduate,cold,2.43,4.96,58,0,festival
3377,21,female,pharmacy,3rd year,high school,cloudy,3.58,4.46,28,0,no reason
3378,23,female,bba,1st year,no formal,rainy,5.44,6.57,21,0,none
3379,20,female,bba,3rd year,no formal,cold,5.4,5.99,77,1,none
3381,23,male,b.sc,2nd year,post graduate,sunny,3.2,7.2,64,0,no reason
3382,24,male,diploma,2nd year,graduate,cloudy,2.96,4.23,48,1,none
3384,23,male,b.sc,1st year,graduate,cloudy,5.62,6.84,49,1,none
3385,18,male,nursing,3rd year,high school,cold,4.55,7.52,88,1,none
3386,23,female,b.com,2nd year,phd,sunny,1.6,4.08,11,1,none
3387,22,male,nursing,1st year,graduate,hot,5.43,6.28,66,0,festival
3388,19,male,b.com,3rd year,post graduate,hot,0.46,6.18,62,0,no reason
3389,22,male,bba,4th year,graduate,sunny,0.71,5.44,13,1,none
3390,19,female,ba,3rd year,graduate,sunny,3.88,6.4,51,1,none
3395,23,female,b.com,3rd year,phd,cloudy,4.13,5.76,29,1,none
3396,20,female,bba,3rd year,post graduate,cold,1.23,6.13,45,0,no reason
3398,17,male,nursing,1st year,high school,hot,3.63,4.07,71,1,none
3401,24,female,b.sc,2nd year,no formal,cloudy,0.48,4.36,88,0,project work
3402,18,female,b.tech,3rd year,post graduate,cloudy,2.96,5.86,24,1,none
3405,19,male,bba,2nd year,post graduate,rainy,2.36,5.68,6,1,none
3407,22,female,bba,1st year,high school,cold,2.25,9.59,64,1,none
3408,22,male,nursing,4th year,post graduate,cold,4.67,4.51,53,1,none
3409,20,male,b.sc,2nd year,high school,sunny,2.34,9.78,6,0,no reason
3411,24,female,b.com,1st year,graduate,rainy,4.57,9.72,46,1,none
3412,18,male,b.tech,2nd year,phd,cold,3.88,9.63,13,1,none
3413,17,female,diploma,3rd year,high school,sunny,1.08,5.51,18,0,none
3414,21,female,diploma,2nd year,high school,sunny,4.77,9.19,54,0,festival
3415,20,male,nursing,2nd year,phd,cloudy,3.92,7.59,30,1,none
3416,21,female,b.tech,1st year,phd,cold,3.09,9.87,15,1,none
3417,24,female,b.sc,1st year,no formal,cold,3.46,9.14,41,1,none
3419,19,female,nursing,1st year,no formal,cloudy,2.86,4.11,75,0,no reason
3420,21,male,pharmacy,1st year,post graduate,rainy,1.01,6.92,22,0,travel
3421,23,female,nursing,2nd year,no formal,cold,2.58,5.35,34,1,none
3423,20,male,nursing,2nd year,graduate,cloudy,5.28,6.84,29,0,none
3425,24,male,bca,4th year,post graduate,sunny,4.92,7.7,79,0,no reason
3426,20,female,bca,2nd year,post graduate,rainy,4.88,7.59,5,1,none
3427,24,female,ba,1st year,graduate,cold,1.02,5.74,73,1,none
3433,19,male,b.sc,3rd year,high school,cloudy,3.35,8.17,56,0,festival
3434,18,female,b.sc,4th year,no formal,sunny,4.35,6.34,27,0,no reason
3436,19,male,b.sc,2nd year,high school,rainy,5.42,9.67,69,0,no reason
3437,22,female,bba,3rd year,no formal,sunny,2.84,7.06,88,1,none
3438,24,female,ba,3rd year,high school,cloudy,4.84,9.5,76,0,sick
3440,24,male,bba,1st year,post graduate,sunny,2.79,5.49,17,1,none
3441,17,male,pharmacy,1st year,graduate,rainy,4.96,8.5,54,0,festival
3442,20,male,b.com,3rd year,graduate,cloudy,1.66,9.91,53,0,personal work
3443,18,female,ba,2nd year,post graduate,sunny,0.82,9.28,15,1,none
3444,24,female,diploma,2nd year,high school,cloudy,5.67,8.76,39,0,festival
3445,22,female,b.com,4th year,no formal,hot,3.37,9.39,41,0,project work
3446,19,male,bca,1st year,no formal,rainy,2.02,7.07,79,0,none
3447,21,male,pharmacy,2nd year,phd,hot,3.01,8.64,50,1,none
3448,21,female,ba,3rd year,phd,hot,3.24,7.9,74,0,no reason
3449,20,male,b.com,3rd year,high school,hot,4.36,6.39,78,1,none
3451,17,male,b.tech,3rd year,high school,cloudy,1.91,8.18,36,0,travel
3453,19,female,nursing,2nd year,post graduate,cloudy,0.61,7.13,18,0,none
3456,23,female,pharmacy,1st year,phd,cloudy,1.62,6.21,70,1,none
3458,23,male,pharmacy,4th year,no formal,cloudy,4.0,8.67,52,0,project work
3459,20,male,ba,1st year,graduate,rainy,0.05,6.88,17,1,none
3460,20,female,pharmacy,1st year,graduate,cold,4.92,6.44,81,1,none
3463,17,female,nursing,4th year,phd,hot,2.75,5.65,6,1,none
3464,19,male,pharmacy,4th year,no formal,cold,1.54,8.86,54,1,none
3466,21,female,ba,1st year,graduate,hot,2.17,9.22,70,0,festival
3467,19,male,b.tech,3rd year,post graduate,sunny,5.65,7.94,25,0,personal work
3468,21,male,bca,2nd year,graduate,cold,5.07,4.34,15,1,none
3472,22,male,nursing,4th year,no formal,cloudy,0.92,6.77,23,1,none
3474,19,male,bca,4th year,graduate,hot,3.01,8.88,74,1,none
3477,21,female,b.tech,4th year,phd,sunny,1.93,8.26,48,1,none
3478,20,male,bca,4th year,high school,sunny,5.84,7.12,86,1,none
3480,23,male,b.sc,4th year,no formal,cloudy,0.32,9.92,89,0,festival
3481,18,female,ba,1st year,graduate,sunny,3.54,5.9,86,1,none
3482,23,male,b.tech,4th year,phd,hot,4.73,4.43,55,0,project work
3483,18,female,diploma,4th year,graduate,cloudy,3.68,4.43,13,0,project work
3486,19,female,bba,2nd year,graduate,rainy,4.45,8.18,58,1,none
3487,24,male,nursing,3rd year,post graduate,sunny,1.21,9.28,42,0,no reason
3489,22,female,bba,3rd year,post graduate,hot,0.3,8.88,66,0,none
3490,17,male,b.sc,2nd year,graduate,hot,4.38,4.62,21,1,none
3493,22,male,bba,2nd year,high school,cold,2.03,5.91,32,1,none
3494,24,male,pharmacy,1st year,high school,cloudy,2.95,7.62,45,1,none
3495,21,male,nursing,3rd year,high school,sunny,4.41,9.56,89,1,none
3496,17,female,b.com,3rd year,post graduate,cloudy,0.18,6.03,30,0,none
3497,20,male,bca,3rd year,phd,sunny,5.4,6.7,30,1,none
3498,17,female,b.com,1st year,no formal,cloudy,2.77,5.9,55,0,no reason
3500,17,male,nursing,4th year,no formal,sunny,2.51,8.21,58,0,sick
3502,19,male,pharmacy,2nd year,graduate,rainy,4.5,9.46,71,1,none
3503,18,male,bba,2nd year,no formal,cloudy,5.05,5.48,16,1,none
3505,24,female,pharmacy,1st year,phd,hot,5.53,8.82,62,1,none
3507,23,female,b.tech,3rd year,post graduate,cloudy,5.7,7.21,20,1,none
3508,17,female,b.sc,4th year,phd,cloudy,1.15,6.89,64,1,none
3512,18,female,b.com,2nd year,graduate,cold,0.8,4.89,64,0,no reason
3514,19,male,nursing,2nd year,post graduate,cloudy,1.37,6.04,52,0,travel
3515,24,female,bba,2nd year,post graduate,rainy,2.28,5.57,78,1,none
3516,18,male,ba,4th year,high school,hot,1.5,7.51,66,0,project work
3517,24,male,bba,3rd year,post graduate,cloudy,5.38,4.96,22,1,none
3518,22,male,diploma,1st year,high school,hot,4.85,9.85,77,0,no reason
3519,24,female,nursing,4th year,graduate,rainy,3.38,8.76,35,0,no reason
3521,19,female,ba,3rd year,high school,cloudy,1.34,8.64,53,0,festival
3523,18,female,pharmacy,1st year,high school,cloudy,2.64,4.29,89,1,none
3524,19,female,ba,2nd year,no formal,rainy,2.33,4.73,11,1,none
3525,18,male,b.com,2nd year,post graduate,rainy,2.97,5.41,10,1,none
3527,17,male,b.tech,4th year,high school,hot,0.82,6.37,39,1,none
3528,18,male,bba,4th year,graduate,sunny,4.1,8.31,25,0,no reason
3530,20,female,b.com,1st year,high school,rainy,0.22,6.8,46,0,festival
3531,17,male,ba,3rd year,graduate,cloudy,3.56,9.07,7,1,none
3532,17,female,bca,3rd year,post graduate,hot,2.28,5.43,43,0,festival
3533,24,female,ba,3rd year,post graduate,cloudy,1.17,4.69,72,1,none
3534,17,male,diploma,4th year,no formal,rainy,5.4,8.18,21,1,none
3537,18,male,pharmacy,2nd year,graduate,cold,5.86,7.94,70,1,none
3538,21,female,nursing,3rd year,post graduate,sunny,0.21,5.54,59,0,no reason
3539,23,male,bca,2nd year,high school,rainy,5.35,7.06,28,0,travel
3541,21,female,pharmacy,1st year,post graduate,cold,1.96,4.93,42,1,none
3542,17,male,bba,3rd year,graduate,sunny,5.86,4.68,82,1,none
3543,23,female,ba,1st year,no formal,rainy,5.93,7.33,24,0,festival
3544,17,female,bca,2nd year,graduate,sunny,3.23,8.06,63,1,none
3545,22,female,ba,3rd year,graduate,hot,2.03,8.65,59,0,no reason
3547,24,female,b.sc,3rd year,phd,cold,3.24,9.07,14,1,none
3548,19,female,b.tech,2nd year,no formal,sunny,3.48,8.8,52,0,none
3549,22,male,ba,1st year,post graduate,sunny,2.71,5.04,28,1,none
3550,20,female,pharmacy,4th year,no formal,hot,3.27,9.24,52,1,none
3551,21,male,b.tech,4th year,post graduate,hot,2.06,6.96,29,1,none
3553,22,male,b.tech,1st year,post graduate,cloudy,3.33,4.87,14,0,personal work
3555,20,female,bba,3rd year,post graduate,sunny,5.09,8.86,51,1,none
3557,19,female,diploma,4th year,high school,sunny,4.38,9.32,49,0,travel
3558,18,male,b.sc,1st year,high school,rainy,0.46,4.8,64,1,none
3561,18,male,bba,4th year,no formal,cloudy,0.67,8.59,54,0,travel
3562,20,male,b.tech,4th year,post graduate,cloudy,0.17,8.04,5,0,none
3563,23,female,bba,4th year,no formal,hot,1.57,6.66,73,0,none
3565,19,female,bba,2nd year,graduate,hot,2.2,9.21,44,0,project work
3566,20,male,diploma,3rd year,no formal,hot,5.16,8.18,48,0,project work
3568,23,female,b.sc,1st year,post graduate,sunny,4.77,8.29,80,1,none
3569,18,female,nursing,4th year,post graduate,sunny,0.96,8.75,38,0,none
3570,23,female,pharmacy,3rd year,phd,sunny,5.18,6.67,21,0,no reason
3571,23,male,nursing,2nd year,high school,hot,5.87,8.6,27,1,none
3572,22,male,nursing,1st year,no formal,sunny,2.49,6.8,55,0,none
3573,19,female,b.sc,3rd year,phd,cold,3.1,4.61,82,0,personal work
3574,24,female,bca,4th year,post graduate,hot,2.57,5.02,54,0,festival
3575,22,male,bba,1st year,graduate,rainy,1.26,9.03,29,0,none
3576,22,male,pharmacy,4th year,no formal,rainy,1.21,5.66,79,0,sick
3578,24,male,b.sc,4th year,graduate,sunny,2.14,6.61,57,1,none
3579,17,male,pharmacy,1st year,no formal,hot,0.58,7.82,52,0,personal work
3580,24,female,diploma,1st year,graduate,hot,0.66,8.07,44,1,none
3583,19,female,bba,2nd year,post graduate,sunny,1.04,7.23,27,1,none
3585,18,female,diploma,1st year,graduate,sunny,3.17,5.88,37,1,none
3587,22,male,pharmacy,2nd year,post graduate,hot,5.67,7.99,27,1,none
3588,22,male,b.com,2nd year,graduate,sunny,5.47,9.77,6,1,none
3592,24,female,bba,3rd year,post graduate,hot,5.28,9.68,66,1,none
3593,21,female,nursing,1st year,post graduate,rainy,1.23,6.45,10,1,none
3594,18,male,diploma,3rd year,post graduate,cold,4.55,6.57,38,1,none
3595,19,female,diploma,1st year,no formal,sunny,1.75,9.48,44,1,none
3597,21,male,b.sc,3rd year,high school,hot,2.76,9.67,70,0,sick
3598,19,female,ba,1st year,high school,hot,4.41,5.96,40,1,none
3599,21,male,b.com,3rd year,graduate,cold,4.05,4.38,32,0,festival
3600,20,female,b.tech,2nd year,graduate,cold,3.16,8.3,10,1,none
3603,21,female,diploma,3rd year,phd,hot,4.95,6.07,57,1,none
3608,21,female,bba,1st year,post graduate,cloudy,4.61,9.91,70,1,none
3610,21,male,diploma,3rd year,no formal,rainy,0.95,8.46,12,1,none
3613,17,female,b.sc,4th year,no formal,cloudy,0.27,5.0,65,0,no reason
3614,23,male,ba,1st year,high school,cold,2.67,5.78,80,0,none
3615,20,female,bba,4th year,phd,rainy,4.65,5.14,8,1,none
3617,20,male,bba,3rd year,graduate,sunny,1.21,6.79,45,1,none
3620,24,female,b.com,3rd year,no formal,cold,4.27,7.79,12,1,none
3623,20,female,b.tech,3rd year,phd,cloudy,5.51,7.19,19,0,none
3626,23,male,b.sc,4th year,graduate,hot,4.07,6.61,35,1,none
3628,23,male,bba,3rd year,graduate,hot,4.58,6.22,18,0,festival
3629,23,female,bba,3rd year,no formal,sunny,3.13,7.18,42,1,none
3632,17,male,b.tech,2nd year,phd,cold,1.58,5.63,39,1,none
3633,23,female,b.sc,1st year,high school,cloudy,1.06,6.26,47,0,no reason
3634,24,male,ba,2nd year,post graduate,hot,4.2,8.31,65,1,none
3635,20,male,nursing,1st year,no formal,sunny,1.24,8.2,11,1,none
3637,20,male,b.sc,4th year,post graduate,sunny,2.24,7.31,57,1,none
3639,21,female,pharmacy,2nd year,phd,cold,4.69,5.13,78,0,project work
3640,22,male,b.sc,1st year,no formal,rainy,4.78,8.01,13,1,none
3642,24,male,ba,1st year,graduate,hot,0.05,8.46,9,0,festival
3643,20,male,bba,1st year,high school,cloudy,1.0,6.3,45,0,project work
3644,24,male,b.com,1st year,high school,sunny,5.77,8.82,63,1,none
3646,22,female,b.tech,3rd year,no formal,cold,2.37,4.51,66,0,project work
3647,21,female,ba,2nd year,phd,cold,3.98,8.96,30,1,none
3648,24,male,pharmacy,4th year,high school,cold,0.39,6.63,34,1,none
3651,17,male,b.sc,2nd year,no formal,sunny,1.0,5.56,50,0,project work
3653,21,female,b.tech,1st year,post graduate,sunny,1.95,7.87,38,0,project work
3655,20,male,b.tech,1st year,graduate,cloudy,3.11,9.47,80,0,project work
3657,24,male,diploma,4th year,no formal,cold,3.11,4.94,50,0,travel
3658,19,female,b.sc,3rd year,post graduate,hot,0.13,8.54,22,1,none
3659,20,male,bba,3rd year,phd,cold,4.7,9.28,88,1,none
3660,21,male,b.com,2nd year,post graduate,cold,4.41,8.7,67,0,project work
3661,20,male,b.tech,3rd year,no formal,sunny,4.45,4.06,43,1,none
3663,24,male,pharmacy,4th year,graduate,sunny,5.24,9.55,41,1,none
3665,20,female,bca,3rd year,post graduate,sunny,2.9,7.12,70,0,personal work
3666,21,male,b.com,4th year,phd,hot,0.35,7.2,29,0,personal work
3667,18,female,b.com,3rd year,graduate,hot,3.87,6.99,61,1,none
3668,20,female,nursing,4th year,high school,sunny,2.21,5.11,7,0,sick
3669,18,male,ba,3rd year,no formal,sunny,4.45,4.93,89,0,project work
3670,18,female,b.tech,4th year,phd,cold,3.48,8.83,75,0,project work
3673,17,female,bca,2nd year,post graduate,cloudy,1.7,9.03,11,0,festival
3676,19,male,b.com,2nd year,phd,hot,4.94,4.9,55,1,none
3677,23,female,bca,2nd year,no formal,rainy,0.77,9.74,81,1,none
3679,22,male,pharmacy,1st year,no formal,rainy,0.77,4.54,44,0,project work
3680,22,female,pharmacy,3rd year,no formal,hot,2.65,7.33,76,1,none
3682,18,male,b.tech,4th year,graduate,cloudy,5.53,9.61,18,1,none
3685,18,female,bba,3rd year,graduate,sunny,4.22,7.01,67,1,none
3686,17,female,bba,3rd year,no formal,sunny,3.76,9.68,19,1,none
3687,24,female,diploma,3rd year,post graduate,cloudy,0.51,8.97,21,1,none
3688,24,female,nursing,3rd year,post graduate,cold,3.57,8.79,75,1,none
3689,18,female,diploma,2nd year,no formal,sunny,4.8,7.39,68,0,sick
3690,20,female,b.com,2nd year,high school,sunny,5.68,8.6,51,1,none
3691,22,female,diploma,1st year,phd,hot,0.8,7.8,59,0,no reason
3694,20,female,bca,2nd year,phd,hot,1.04,7.23,64,0,none
3695,22,female,b.sc,4th year,phd,cloudy,0.37,9.35,59,0,travel
3696,19,male,bca,4th year,post graduate,hot,3.71,7.79,8,0,project work
3697,20,male,b.com,4th year,graduate,hot,2.0,9.57,84,0,festival
3698,19,female,ba,1st year,post graduate,rainy,5.57,6.37,35,0,personal work
3699,23,male,b.com,4th year,phd,rainy,0.13,8.4,37,0,festival
3701,18,male,pharmacy,1st year,high school,cloudy,0.6,7.3,62,0,travel
3702,18,male,nursing,2nd year,high school,sunny,4.49,5.59,29,1,none
3703,24,male,diploma,1st year,no formal,rainy,5.93,9.66,19,0,festival
3704,24,male,ba,2nd year,no formal,cold,4.46,6.91,83,1,none
3705,21,female,b.sc,3rd year,high school,sunny,1.53,6.18,47,0,travel
3708,20,male,b.com,4th year,graduate,rainy,4.18,9.26,12,0,festival
3709,23,male,b.com,1st year,post graduate,hot,3.9,6.71,9,1,none
3710,19,female,b.sc,4th year,high school,rainy,4.06,5.76,34,0,project work
3711,24,male,nursing,1st year,graduate,sunny,5.43,9.94,69,0,travel
3713,18,male,pharmacy,1st year,high school,cold,4.85,5.24,43,1,none
3714,22,female,diploma,1st year,high school,cold,4.03,7.62,12,1,none
3715,19,female,b.sc,2nd year,graduate,cold,2.74,5.24,67,1,none
3716,19,female,b.tech,4th year,high school,cloudy,0.4,9.34,29,1,none
3717,19,female,ba,3rd year,graduate,cold,2.54,5.47,21,0,personal work
3719,19,female,pharmacy,4th year,graduate,cloudy,4.86,7.5,15,1,none
3720,22,female,pharmacy,2nd year,no formal,hot,4.12,6.78,7,1,none
3724,17,male,bca,1st year,no formal,rainy,3.12,4.11,40,0,sick
3729,22,female,diploma,1st year,high school,cloudy,2.79,5.75,19,1,none
3731,23,female,b.sc,2nd year,high school,cloudy,1.47,7.69,72,0,no reason
3733,24,female,nursing,2nd year,phd,sunny,0.55,9.61,76,0,project work
3737,21,male,b.com,3rd year,high school,sunny,3.89,9.0,38,1,none
3739,23,male,bba,3rd year,graduate,rainy,4.62,8.28,61,1,none
3741,19,male,nursing,3rd year,graduate,rainy,3.03,4.71,88,1,none
3742,24,male,b.sc,4th year,high school,cold,3.24,9.82,83,1,none
3743,20,female,pharmacy,2nd year,phd,cloudy,3.07,7.82,18,1,none
3744,18,female,nursing,2nd year,high school,hot,0.48,7.1,28,0,none
3746,20,female,b.tech,4th year,no formal,rainy,5.2,4.97,22,0,none
3747,24,male,nursing,1st year,post graduate,rainy,0.98,4.65,51,0,personal work
3748,24,female,bba,1st year,phd,cloudy,1.28,8.63,20,0,none
3749,24,female,b.sc,1st year,high school,sunny,2.28,9.17,55,0,none
3750,21,female,ba,2nd year,phd,sunny,4.91,4.08,16,1,none
3751,23,female,pharmacy,1st year,no formal,sunny,1.95,4.11,19,0,none
3754,17,male,bba,2nd year,high school,cold,5.26,9.01,21,1,none
3755,19,male,b.sc,4th year,post graduate,cold,0.06,8.78,10,1,none
3756,22,male,pharmacy,2nd year,phd,cold,3.11,6.1,12,1,none
3757,21,male,diploma,4th year,no formal,hot,3.23,5.37,65,0,festival
3759,21,female,diploma,3rd year,phd,hot,1.93,5.96,86,1,none
3760,18,female,ba,4th year,graduate,sunny,4.26,4.06,63,1,none
3761,21,female,diploma,3rd year,phd,cloudy,2.27,4.94,76,0,no reason
3764,20,female,b.tech,3rd year,graduate,cloudy,1.57,9.54,68,1,none
3765,20,female,diploma,3rd year,graduate,rainy,1.98,5.18,35,1,none
3766,22,female,nursing,2nd year,post graduate,sunny,0.14,5.5,74,0,no reason
3769,19,male,ba,4th year,high school,hot,1.03,7.48,15,0,travel
3771,19,female,b.sc,4th year,phd,rainy,5.89,4.51,66,0,festival
3775,18,male,bca,3rd year,post graduate,cloudy,2.04,6.66,73,0,project work
3776,21,male,bba,1st year,no formal,rainy,0.17,8.95,69,0,travel
3778,24,male,nursing,1st year,graduate,cloudy,3.68,4.78,56,0,personal work
3779,20,male,nursing,4th year,post graduate,hot,0.58,9.79,57,1,none
3780,17,male,b.com,2nd year,graduate,hot,2.36,4.84,55,1,none
3781,18,female,b.sc,2nd year,high school,cold,3.4,6.75,65,0,none
3782,17,male,nursing,2nd year,post graduate,hot,2.0,9.62,73,0,travel
3783,23,male,nursing,2nd year,no formal,cloudy,4.44,4.57,69,0,personal work
3784,24,female,b.tech,3rd year,post graduate,cloudy,0.11,6.4,60,0,personal work
3785,21,female,bba,2nd year,graduate,cold,2.85,7.82,54,1,none
3786,18,female,bba,2nd year,high school,cold,5.69,4.11,26,1,none
3789,19,male,pharmacy,1st year,no formal,cold,0.77,4.57,35,1,none
3791,18,male,nursing,1st year,phd,rainy,4.3,5.38,73,1,none
3792,19,female,b.tech,2nd year,post graduate,hot,4.52,5.12,88,0,no reason
3793,22,female,b.sc,2nd year,no formal,hot,1.27,9.15,72,1,none
3795,19,male,pharmacy,2nd year,post graduate,sunny,4.61,8.75,43,1,none
3797,17,female,pharmacy,4th year,no formal,cold,4.17,5.35,84,0,no reason
3800,24,female,ba,1st year,phd,cold,4.55,6.54,9,1,none
3801,21,male,b.sc,2nd year,phd,sunny,3.86,9.81,78,1,none
3803,17,female,b.sc,2nd year,graduate,rainy,5.57,6.2,10,1,none
3804,17,female,bba,4th year,phd,cloudy,3.41,4.06,43,0,travel
3805,23,female,diploma,4th year,phd,cloudy,0.94,9.38,6,1,none
3806,17,male,b.tech,4th year,phd,cloudy,3.65,9.84,76,0,personal work
3807,18,male,pharmacy,2nd year,post graduate,sunny,4.43,8.63,50,0,project work
3809,21,male,b.sc,3rd year,graduate,rainy,1.87,9.09,84,0,festival
3810,18,female,ba,4th year,graduate,cold,2.11,7.86,77,1,none
3812,22,male,bba,4th year,graduate,hot,5.64,7.22,81,0,travel
3813,20,female,b.sc,1st year,phd,sunny,5.86,5.48,82,0,travel
3816,20,male,b.com,1st year,post graduate,hot,1.14,8.47,17,1,none
3817,23,female,bca,2nd year,no formal,sunny,0.05,7.94,34,0,festival
3818,22,male,pharmacy,4th year,high school,cloudy,5.21,4.92,76,0,none
3819,24,female,b.tech,2nd year,no formal,hot,5.78,5.74,53,1,none
3820,18,male,b.tech,3rd year,post graduate,hot,4.55,6.13,61,1,none
3822,21,male,b.tech,3rd year,no formal,cold,3.77,5.97,29,1,none
3824,21,female,bba,3rd year,graduate,cold,2.04,5.11,62,0,sick
3826,19,male,bca,2nd year,phd,sunny,0.74,8.25,23,1,none
3827,21,male,pharmacy,3rd year,phd,hot,4.53,5.66,48,1,none
3828,22,female,b.sc,2nd year,high school,rainy,5.34,9.19,46,0,sick
3832,23,female,ba,4th year,graduate,rainy,0.92,4.97,20,0,travel
3834,18,female,ba,4th year,post graduate,hot,0.21,9.78,21,1,none
3838,24,female,b.tech,2nd year,phd,cloudy,2.44,9.35,76,1,none
3839,24,female,pharmacy,4th year,post graduate,hot,5.85,6.95,18,1,none
3840,23,female,nursing,2nd year,high school,sunny,3.7,4.92,19,1,none
3849,18,male,bba,3rd year,phd,cold,0.93,8.77,20,1,none
3851,17,female,b.tech,2nd year,post graduate,cloudy,0.32,5.34,48,0,none
3853,19,female,ba,3rd year,post graduate,cold,4.04,4.26,68,1,none
3854,20,female,b.sc,2nd year,no formal,cloudy,1.86,5.84,71,1,none
3856,19,female,pharmacy,3rd year,post graduate,rainy,4.62,5.74,79,1,none
3858,19,male,b.tech,3rd year,phd,cold,4.27,8.04,27,0,none
3860,21,female,bca,3rd year,graduate,cloudy,4.27,6.63,70,1,none
3862,18,male,ba,3rd year,no formal,sunny,2.87,5.5,16,1,none
3863,21,female,bba,2nd year,graduate,hot,2.51,4.67,19,1,none
3864,22,female,pharmacy,3rd year,post graduate,rainy,1.75,7.74,66,0,none
3865,23,male,diploma,1st year,no formal,cold,0.07,9.14,13,1,none
3866,21,female,ba,3rd year,graduate,sunny,0.57,7.77,50,1,none
3867,23,female,b.com,3rd year,post graduate,cloudy,0.34,9.46,20,1,none
3870,17,female,b.sc,2nd year,phd,hot,3.86,9.7,54,1,none
3871,17,female,nursing,3rd year,post graduate,sunny,1.36,4.49,29,0,no reason
3872,23,male,bca,3rd year,graduate,cold,1.86,8.99,41,1,none
3876,22,female,bca,2nd year,graduate,sunny,4.12,8.99,78,1,none
3877,18,female,b.tech,4th year,phd,cold,4.55,4.96,47,0,no reason
3880,23,male,pharmacy,2nd year,post graduate,hot,1.67,9.66,80,1,none
3881,18,female,bca,2nd year,phd,hot,3.8,7.43,84,1,none
3882,21,female,bba,3rd year,post graduate,hot,5.73,4.98,5,0,festival
3883,20,female,bba,3rd year,post graduate,cold,1.23,5.41,41,0,personal work
3884,18,female,bca,1st year,post graduate,rainy,5.9,7.05,7,1,none
3885,20,male,ba,1st year,phd,hot,4.35,7.41,66,0,festival
3886,17,female,diploma,4th year,no formal,sunny,5.5,8.88,78,0,festival
3887,18,male,bba,1st year,phd,rainy,3.48,9.29,36,1,none
3888,18,male,pharmacy,2nd year,phd,sunny,3.87,8.34,73,0,sick
3889,23,male,b.sc,2nd year,no formal,cold,4.56,5.33,85,0,none
3890,21,female,diploma,2nd year,post graduate,cloudy,2.8,4.11,33,1,none
3891,24,female,nursing,2nd year,graduate,rainy,4.79,6.66,54,1,none
3892,20,female,diploma,4th year,high school,hot,4.02,4.41,31,1,none
3893,18,male,pharmacy,3rd year,no formal,sunny,4.25,7.69,11,1,none
3895,24,female,bba,2nd year,post graduate,cloudy,1.8,7.19,14,1,none
3896,21,female,b.sc,2nd year,graduate,rainy,5.43,6.32,12,1,none
3897,17,female,ba,3rd year,no formal,cloudy,5.72,7.95,16,1,none
3898,19,female,b.sc,1st year,high school,cloudy,0.49,8.34,89,0,festival
3899,24,female,nursing,4th year,no formal,hot,1.77,9.13,43,1,none
3903,17,female,b.com,2nd year,phd,rainy,1.6,6.2,16,1,none
3904,23,female,diploma,1st year,no formal,rainy,4.63,5.37,66,0,personal work
3905,23,male,pharmacy,1st year,post graduate,cold,0.48,8.59,73,0,project work
3906,22,female,nursing,4th year,high school,cloudy,4.94,4.61,47,1,none
3908,18,male,b.sc,2nd year,phd,hot,3.38,6.05,72,1,none
3911,24,female,bba,1st year,phd,rainy,4.5,5.08,79,0,sick
3912,18,female,b.sc,1st year,graduate,cold,2.97,4.15,72,0,sick
3914,23,male,bba,3rd year,phd,cold,1.7,4.08,86,0,project work
3915,17,male,bca,2nd year,no formal,cloudy,1.65,4.13,63,1,none
3916,17,male,bca,1st year,high school,rainy,1.25,6.44,18,1,none
3918,17,female,ba,2nd year,phd,cloudy,2.41,9.68,88,1,none
3919,21,male,diploma,3rd year,no formal,cold,4.96,7.68,43,1,none
3920,24,male,pharmacy,2nd year,phd,hot,5.39,5.1,62,0,travel
3921,21,female,b.com,4th year,post graduate,cold,3.17,7.94,21,1,none
3922,20,female,bca,2nd year,no formal,cloudy,3.3,6.18,39,0,none
3923,20,male,pharmacy,3rd year,graduate,rainy,1.25,6.48,83,0,travel
3924,22,male,bca,3rd year,high school,cloudy,3.52,6.5,11,1,none
3927,18,male,b.tech,3rd year,no formal,rainy,3.74,5.23,47,0,personal work
3928,22,female,bba,4th year,post graduate,hot,5.9,5.66,5,1,none
3929,22,male,bca,4th year,post graduate,cold,2.7,5.15,51,1,none
3930,22,female,b.tech,4th year,no formal,cloudy,3.1,8.16,30,1,none
3931,17,male,b.sc,1st year,post graduate,cloudy,2.97,7.19,64,1,none
3935,23,male,b.com,3rd year,graduate,rainy,5.69,4.98,31,1,none
3937,20,female,ba,3rd year,phd,hot,5.49,4.21,83,0,none
3938,22,male,bba,3rd year,post graduate,hot,2.39,9.25,44,1,none
3939,21,male,b.sc,1st year,no formal,hot,0.36,9.94,58,0,none
3943,24,male,b.sc,4th year,phd,cloudy,0.69,7.19,5,0,sick
3944,18,female,nursing,2nd year,post graduate,rainy,2.07,5.81,38,0,travel
3946,17,male,ba,3rd year,no formal,rainy,5.93,8.12,62,1,none
3947,19,male,b.sc,1st year,high school,sunny,1.12,8.11,53,1,none
3948,24,male,nursing,4th year,no formal,hot,5.17,6.75,49,1,none
3949,18,male,nursing,1st year,no formal,cloudy,0.56,5.63,71,0,travel
3951,18,male,diploma,3rd year,post graduate,cloudy,4.99,6.82,18,1,none
3952,22,male,bba,4th year,post graduate,cold,2.65,9.37,59,0,personal work
3953,20,male,b.sc,3rd year,post graduate,hot,3.19,5.39,27,1,none
3955,24,female,b.tech,4th year,phd,rainy,0.98,9.27,59,1,none
3957,22,male,b.tech,2nd year,no formal,rainy,0.83,8.13,31,1,none
3958,17,female,b.com,4th year,no formal,sunny,1.49,6.19,61,1,none
3961,23,female,bba,4th year,high school,cloudy,0.85,6.41,12,0,sick
3962,22,male,diploma,3rd year,post graduate,cold,2.77,8.61,32,1,none
3963,20,male,ba,3rd year,phd,cloudy,0.72,6.18,72,0,none
3964,18,female,bba,3rd year,no formal,sunny,3.05,7.33,72,1,none
3965,23,female,pharmacy,3rd year,graduate,cold,2.45,6.93,55,0,travel
3966,23,male,bba,1st year,high school,rainy,0.31,4.48,39,0,none
3967,18,male,nursing,3rd year,high school,rainy,3.44,8.14,55,1,none
3968,21,female,ba,4th year,post graduate,sunny,0.42,8.42,87,0,travel
3969,21,male,b.tech,2nd year,high school,hot,0.95,4.31,58,0,none
3970,20,female,b.com,4th year,graduate,cold,2.93,6.34,43,0,travel
3971,24,male,b.sc,1st year,high school,rainy,0.05,5.63,14,1,none
3972,17,male,pharmacy,1st year,high school,cold,5.55,6.02,75,1,none
3973,19,male,b.tech,1st year,post graduate,cloudy,1.61,5.56,85,0,festival
3974,17,female,nursing,3rd year,high school,cloudy,1.21,5.83,86,1,none
3975,22,male,b.sc,2nd year,graduate,cloudy,5.61,5.79,7,0,no reason
3976,22,female,b.sc,3rd year,post graduate,cloudy,1.05,6.81,42,0,project work
3983,22,male,b.sc,1st year,post graduate,cloudy,1.79,5.2,43,0,no reason
3984,23,female,b.tech,4th year,graduate,hot,3.64,6.7,28,1,none
3987,17,female,b.tech,3rd year,no formal,hot,5.65,7.0,36,1,none
3988,20,male,diploma,3rd year,high school,cold,0.43,4.82,11,1,none
3989,20,male,pharmacy,1st year,post graduate,rainy,1.39,9.72,16,0,festival
3990,23,female,bca,4th year,no formal,hot,3.61,5.74,14,1,none
3992,18,female,nursing,1st year,high school,cold,0.16,7.18,20,1,none
3993,19,male,ba,4th year,post graduate,sunny,0.1,4.12,47,0,travel
3995,19,female,bba,4th year,post graduate,hot,2.96,7.16,42,1,none
3996,17,female,diploma,3rd year,high school,hot,5.79,6.94,53,0,personal work
3998,22,female,bba,3rd year,no formal,rainy,2.67,9.3,25,1,none
3999,21,female,ba,3rd year,high school,cold,0.05,6.58,12,0,none
4001,23,female,bba,1st year,no formal,rainy,4.83,8.87,28,1,none
4002,17,female,b.tech,2nd year,no formal,cold,4.35,8.45,32,0,festival
4003,20,female,ba,2nd year,graduate,hot,4.8,5.95,6,1,none
4005,24,male,b.com,2nd year,high school,sunny,3.55,6.41,25,1,none
4006,19,male,ba,3rd year,graduate,sunny,5.44,7.36,5,1,none
4008,18,female,b.com,2nd year,no formal,hot,3.22,9.0,46,1,none
4009,17,male,diploma,3rd year,post graduate,cold,3.85,6.18,20,1,none
4010,19,female,pharmacy,1st year,graduate,cold,2.98,4.41,85,0,project work
4011,24,male,bca,1st year,no formal,hot,3.78,4.16,16,1,none
4012,22,female,diploma,1st year,no formal,hot,3.06,8.45,86,0,travel
4013,20,male,diploma,4th year,phd,cloudy,5.71,7.59,11,1,none
4014,19,female,pharmacy,2nd year,graduate,rainy,4.63,8.35,33,1,none
4016,19,male,b.sc,3rd year,graduate,cold,2.16,4.54,79,0,project work
4018,18,male,pharmacy,1st year,post graduate,cold,3.26,9.46,12,1,none
4019,22,female,nursing,4th year,graduate,cold,2.3,8.91,64,0,none
4022,21,male,b.tech,2nd year,graduate,cloudy,4.75,6.83,64,0,travel
4023,19,male,bba,2nd year,phd,hot,2.56,8.91,50,1,none
4026,18,female,bba,1st year,no formal,sunny,5.93,6.23,83,0,no reason
4027,20,male,b.sc,2nd year,post graduate,hot,1.6,5.99,6,0,project work
4028,22,female,pharmacy,1st year,phd,sunny,3.02,5.68,32,0,none
4029,20,female,b.sc,1st year,phd,cloudy,5.85,5.57,75,1,none
4030,21,female,ba,2nd year,phd,rainy,1.85,6.65,33,0,festival
4031,21,male,bba,4th year,post graduate,rainy,0.13,4.25,12,1,none
4032,19,male,b.com,3rd year,graduate,cold,0.8,6.89,26,0,sick
4034,20,male,bca,2nd year,no formal,cold,3.47,5.6,41,1,none
4036,22,female,nursing,2nd year,no formal,cold,5.88,6.94,32,0,personal work
4037,21,female,nursing,4th year,high school,rainy,5.82,7.38,73,1,none
4039,19,male,bba,4th year,graduate,rainy,3.41,6.24,80,0,sick
4041,22,male,b.tech,4th year,phd,cloudy,0.53,5.42,53,0,personal work
4042,23,female,ba,3rd year,graduate,hot,1.73,6.27,68,0,festival
4043,17,female,b.tech,4th year,no formal,cloudy,0.99,6.44,55,0,project work
4044,20,female,b.sc,1st year,no formal,hot,3.38,4.87,38,1,none
4045,17,male,pharmacy,4th year,graduate,hot,4.41,9.21,34,0,project work
4047,18,male,pharmacy,4th year,phd,cold,0.47,4.73,62,0,festival
4048,19,female,nursing,3rd year,high school,sunny,1.26,6.61,43,1,none
4049,20,female,bca,2nd year,no formal,rainy,4.21,5.09,65,0,no reason
4050,19,female,diploma,1st year,no formal,hot,1.44,5.17,80,1,none
4051,20,female,b.sc,1st year,post graduate,sunny,5.04,9.78,34,0,festival
4054,17,male,diploma,2nd year,no formal,cloudy,2.55,8.79,52,0,project work
4055,20,female,b.com,2nd year,no formal,rainy,4.89,4.42,69,1,none
4056,23,female,b.sc,3rd year,graduate,cloudy,4.46,7.88,24,1,none
4057,21,female,nursing,2nd year,high school,hot,3.66,8.06,70,1,none
4059,21,female,bba,2nd year,phd,sunny,5.45,6.23,32,1,none
4060,18,female,ba,2nd year,graduate,rainy,0.33,7.46,63,0,sick
4061,17,male,nursing,1st year,no formal,cloudy,1.83,7.49,32,1,none
4062,22,female,diploma,2nd year,graduate,sunny,3.3,7.94,22,0,personal work
4063,21,female,ba,3rd year,high school,cold,2.07,7.82,5,0,personal work
4064,23,female,b.sc,2nd year,phd,hot,4.84,8.7,33,0,travel
4066,23,male,b.sc,4th year,phd,sunny,1.67,4.59,79,0,personal work
4067,20,male,ba,2nd year,high school,sunny,2.9,5.72,68,0,personal work
4068,22,female,pharmacy,4th year,high school,cloudy,1.33,8.96,20,1,none
4069,17,male,ba,3rd year,graduate,rainy,2.11,4.95,29,0,none
4072,23,female,diploma,4th year,high school,hot,3.55,5.06,76,0,personal work
4073,24,female,bca,2nd year,phd,cloudy,3.55,4.32,42,0,project work
4074,19,male,b.com,3rd year,high school,rainy,4.91,7.61,38,0,festival
4075,17,female,pharmacy,1st year,phd,rainy,1.86,5.89,31,0,none
4079,23,female,pharmacy,4th year,post graduate,hot,0.28,7.39,50,0,festival
4080,24,female,nursing,1st year,phd,rainy,4.91,6.04,24,1,none
4081,19,male,ba,1st year,graduate,sunny,0.2,9.01,73,0,festival
4084,21,female,b.com,1st year,phd,cold,4.93,7.3,72,1,none
4086,19,male,ba,4th year,high school,sunny,0.51,6.34,13,1,none
4087,24,male,b.tech,4th year,phd,cold,1.07,8.17,73,1,none
4088,24,female,bba,1st year,graduate,hot,4.26,5.88,37,0,travel
4089,24,male,nursing,4th year,post graduate,sunny,3.88,4.1,49,1,none
4090,22,male,ba,2nd year,no formal,cloudy,0.25,6.5,50,0,no reason
4092,19,female,ba,2nd year,no formal,sunny,2.38,9.59,15,1,none
4093,20,female,ba,1st year,no formal,cold,1.2,7.25,67,0,festival
4095,21,female,b.com,1st year,post graduate,hot,2.25,7.36,66,0,travel
4096,21,female,b.com,2nd year,no formal,rainy,0.86,7.15,76,1,none
4097,18,female,diploma,1st year,graduate,rainy,5.44,7.65,8,0,festival
4098,23,female,b.sc,4th year,graduate,sunny,1.85,9.63,24,0,project work
4100,17,female,b.com,1st year,phd,rainy,4.87,7.27,30,0,sick
4101,24,female,nursing,4th year,phd,sunny,4.94,8.11,17,1,none
4102,18,female,b.tech,3rd year,no formal,hot,5.93,7.6,46,0,none
4103,17,male,b.com,1st year,phd,hot,0.94,4.89,72,1,none
4104,17,male,ba,2nd year,no formal,cloudy,5.09,9.94,81,1,none
4105,20,male,bba,3rd year,phd,sunny,2.67,9.94,49,0,sick
4106,17,male,b.tech,4th year,post graduate,cloudy,1.85,8.82,21,0,personal work
4107,23,female,b.com,4th year,post graduate,rainy,1.66,4.45,76,0,no reason
4111,20,female,b.sc,1st year,high school,rainy,0.18,4.79,23,0,travel
4112,18,male,b.com,2nd year,graduate,cloudy,1.68,4.18,68,1,none
4113,24,female,pharmacy,2nd year,phd,hot,0.23,6.1,82,0,project work
4117,18,female,diploma,2nd year,high school,rainy,0.71,8.17,33,0,travel
4118,18,female,bca,4th year,graduate,rainy,4.61,8.53,29,0,personal work
4119,17,female,diploma,2nd year,no formal,hot,3.39,6.72,70,1,none
4120,22,male,bca,1st year,no formal,hot,2.92,9.94,11,1,none
4121,24,male,ba,3rd year,phd,cloudy,5.65,9.4,5,1,none
4122,24,male,bca,2nd year,high school,sunny,0.26,8.1,7,1,none
4124,23,male,bca,3rd year,post graduate,rainy,4.59,8.66,41,0,none
4126,17,female,bba,2nd year,phd,cold,3.63,5.05,12,1,none
4128,21,male,pharmacy,2nd year,high school,hot,2.53,8.14,45,0,personal work
4129,20,male,diploma,2nd year,high school,hot,4.21,5.72,88,0,none
4130,17,male,b.tech,4th year,post graduate,cloudy,4.98,5.98,55,0,none
4131,24,female,bba,1st year,phd,hot,5.69,6.09,15,1,none
4132,22,female,bba,1st year,phd,cold,5.44,9.1,12,1,none
4133,21,male,nursing,4th year,phd,sunny,4.54,4.19,68,1,none
4136,24,male,bba,2nd year,graduate,sunny,5.93,4.45,77,1,none
4137,19,male,b.sc,1st year,no formal,cloudy,0.77,5.26,84,0,sick
4139,21,female,b.sc,3rd year,post graduate,hot,4.57,4.06,60,0,personal work
4143,20,male,b.sc,4th year,high school,cold,0.5,4.7,44,0,project work
4144,18,female,nursing,1st year,post graduate,cold,3.07,8.28,66,1,none
4145,19,female,diploma,4th year,phd,sunny,0.81,8.86,31,1,none
4147,23,male,diploma,1st year,no formal,hot,0.29,7.93,48,0,project work
4148,23,male,pharmacy,1st year,phd,cold,0.77,6.83,19,0,none
4149,20,female,diploma,2nd year,graduate,cloudy,4.53,5.5,63,1,none
4152,24,female,ba,4th year,graduate,sunny,3.14,9.41,52,1,none
4153,24,female,nursing,3rd year,high school,cloudy,2.91,9.13,9,0,personal work
4154,18,male,bca,2nd year,phd,sunny,3.07,4.06,12,0,festival
4156,22,male,bca,1st year,graduate,cloudy,3.98,9.19,74,1,none
4157,19,male,pharmacy,3rd year,high school,rainy,1.6,7.23,19,1,none
4158,18,female,diploma,2nd year,post graduate,rainy,4.73,8.56,25,0,none
4159,17,female,nursing,4th year,post graduate,hot,2.68,7.41,88,1,none
4160,20,female,b.tech,2nd year,graduate,cloudy,3.26,4.29,44,0,personal work
4162,21,male,b.com,3rd year,high school,rainy,1.51,8.69,45,0,sick
4164,22,male,b.com,4th year,post graduate,rainy,5.71,8.95,22,1,none
4165,22,male,nursing,1st year,phd,hot,1.6,5.05,24,0,sick
4166,20,male,nursing,2nd year,high school,cold,3.97,6.72,28,1,none
4170,19,male,b.com,1st year,no formal,hot,4.79,7.3,26,0,personal work
4172,21,male,nursing,4th year,graduate,cold,3.71,7.48,79,0,festival
4173,19,female,b.com,1st year,post graduate,sunny,3.05,8.94,82,1,none
4175,19,male,b.tech,3rd year,phd,sunny,5.69,5.17,40,0,none
4176,19,male,diploma,3rd year,graduate,rainy,4.2,7.68,44,0,project work
4177,22,male,b.sc,3rd year,graduate,hot,3.75,4.63,49,1,none
4179,20,female,nursing,1st year,phd,cold,0.76,5.52,32,1,none
4180,22,male,b.tech,2nd year,post graduate,cloudy,2.55,4.62,68,0,project work
4181,19,female,bca,4th year,no formal,hot,0.06,7.06,41,1,none
4183,23,male,pharmacy,4th year,no formal,sunny,1.59,9.51,39,1,none
4184,17,female,diploma,1st year,graduate,cold,1.65,4.3,79,1,none
4185,21,male,nursing,4th year,high school,cloudy,2.49,7.9,7,1,none
4186,19,male,bca,3rd year,graduate,cloudy,0.86,8.13,45,1,none
4187,18,female,ba,2nd year,phd,sunny,4.6,7.42,55,0,festival
4188,17,female,pharmacy,3rd year,no formal,rainy,5.08,7.12,21,1,none
4189,24,female,nursing,2nd year,no formal,hot,5.33,4.06,66,1,none
4190,20,male,b.tech,2nd year,phd,rainy,1.69,8.74,70,0,personal work
4191,19,female,bca,1st year,high school,hot,0.23,7.36,79,0,sick
4192,22,female,bba,3rd year,graduate,hot,1.72,6.61,54,1,none
4193,17,female,b.com,2nd year,phd,cold,3.17,8.0,74,0,no reason
4194,21,female,bba,4th year,post graduate,cloudy,4.98,8.23,49,1,none
4195,20,male,pharmacy,1st year,post graduate,rainy,5.28,5.0,25,1,none
4196,21,male,b.tech,2nd year,no formal,hot,5.22,9.18,67,1,none
4198,24,female,diploma,1st year,graduate,rainy,1.5,7.27,85,0,festival
4199,18,female,b.sc,3rd year,no formal,hot,4.7,9.94,87,1,none
4201,22,male,nursing,1st year,post graduate,cold,2.38,5.69,18,1,none
4203,18,female,b.tech,1st year,phd,sunny,2.05,8.05,7,0,personal work
4205,23,female,pharmacy,3rd year,post graduate,hot,3.2,8.78,59,0,project work
4206,24,female,b.sc,2nd year,high school,sunny,2.78,6.93,8,1,none
4207,24,female,bca,3rd year,no formal,rainy,0.88,5.87,22,0,travel
4208,18,male,pharmacy,1st year,post graduate,cold,5.73,5.93,64,0,sick
4209,21,female,b.sc,4th year,graduate,sunny,3.29,8.64,73,1,none
4211,22,female,nursing,3rd year,graduate,cloudy,4.65,8.61,76,0,none
4212,20,male,pharmacy,1st year,no formal,cloudy,1.66,7.98,14,1,none
4214,22,male,b.com,3rd year,phd,hot,0.74,4.06,66,0,no reason
4215,24,male,b.tech,3rd year,post graduate,sunny,3.96,6.2,63,0,festival
4216,20,male,pharmacy,2nd year,no formal,cold,4.16,9.79,53,1,none
4217,19,male,nursing,3rd year,phd,rainy,2.0,5.09,17,1,none
4218,21,male,pharmacy,4th year,phd,hot,0.41,4.85,43,0,travel
4219,18,male,nursing,2nd year,graduate,hot,1.04,5.68,78,0,no reason
4221,21,female,bba,1st year,no formal,sunny,5.3,8.0,12,0,project work
4222,23,male,ba,4th year,post graduate,cloudy,3.0,8.67,82,1,none
4223,21,female,diploma,4th year,post graduate,cloudy,0.81,4.37,19,0,festival
4226,20,male,pharmacy,2nd year,high school,cold,2.65,6.65,75,1,none
4227,21,male,b.com,2nd year,no formal,hot,3.68,8.96,72,1,none
4229,17,female,diploma,1st year,post graduate,cloudy,1.64,4.36,39,1,none
4231,24,male,b.com,4th year,no formal,cloudy,0.94,4.22,12,1,none
4232,21,male,ba,4th year,phd,cold,5.93,4.78,7,0,none
4233,19,female,bba,3rd year,post graduate,cloudy,3.17,6.16,26,0,none
4234,19,male,bca,4th year,high school,sunny,3.32,4.68,81,0,none
4237,17,male,nursing,4th year,no formal,cloudy,3.19,9.14,6,0,sick
4238,23,female,bba,1st year,high school,sunny,3.98,5.98,24,1,none
4239,18,female,bca,4th year,post graduate,hot,3.51,6.8,49,1,none
4240,19,female,b.sc,4th year,post graduate,cold,3.48,4.87,42,1,none
4241,19,female,bca,1st year,graduate,cloudy,0.08,5.47,37,0,no reason
4242,23,female,diploma,1st year,phd,rainy,4.18,6.03,66,1,none
4244,19,male,b.tech,4th year,no formal,hot,0.41,8.22,55,1,none
4245,19,male,nursing,4th year,phd,cloudy,0.98,9.86,25,1,none
4248,24,female,pharmacy,1st year,no formal,sunny,1.47,9.94,21,0,no reason
4250,20,male,ba,4th year,no formal,sunny,4.74,4.44,37,0,project work
4253,19,male,b.tech,3rd year,graduate,hot,4.1,9.76,6,0,sick
4254,19,male,b.com,2nd year,no formal,cloudy,2.61,4.48,27,0,travel
4255,19,female,b.com,2nd year,phd,cold,5.4,9.37,39,1,none
4257,17,male,bca,3rd year,high school,hot,3.47,9.71,52,1,none
4258,21,female,pharmacy,4th year,no formal,cloudy,4.07,9.29,70,0,project work
4260,18,male,bba,1st year,post graduate,cloudy,3.67,7.33,85,1,none
4261,18,female,pharmacy,1st year,no formal,rainy,3.18,4.77,82,0,travel
4262,19,male,bca,3rd year,graduate,cold,2.98,6.86,56,1,none
4263,23,male,ba,2nd year,phd,sunny,2.6,4.82,20,1,none
4264,21,female,b.sc,2nd year,phd,rainy,3.64,6.23,67,0,festival
4265,24,male,ba,1st year,phd,cloudy,1.29,9.32,59,1,none
4266,19,male,b.tech,4th year,phd,hot,3.45,5.8,54,1,none
4268,17,male,pharmacy,3rd year,no formal,cloudy,4.24,7.02,5,0,sick
4270,23,male,bca,4th year,post graduate,rainy,5.32,9.81,51,1,none
4271,21,female,b.tech,3rd year,high school,sunny,1.52,7.8,23,0,sick
4273,19,female,pharmacy,3rd year,no formal,hot,3.78,5.48,60,1,none
4274,17,female,bba,1st year,graduate,rainy,0.92,5.26,68,0,festival
4276,17,male,b.tech,1st year,post graduate,rainy,3.14,8.93,43,0,none
4280,20,female,nursing,4th year,no formal,hot,1.63,4.84,62,0,no reason
4281,24,female,bba,2nd year,graduate,sunny,2.24,5.59,21,0,none
4282,18,female,nursing,1st year,post graduate,rainy,2.46,5.08,45,0,personal work
4283,20,female,nursing,3rd year,phd,rainy,5.69,7.71,55,0,festival
4286,22,male,b.tech,2nd year,no formal,rainy,2.84,5.68,21,0,festival
4287,23,male,b.com,3rd year,graduate,cloudy,1.29,5.27,21,1,none
4289,19,female,pharmacy,4th year,phd,sunny,3.65,9.56,68,1,none
4290,17,female,bca,1st year,high school,cold,0.15,5.32,62,0,travel
4291,24,male,b.com,2nd year,phd,hot,5.07,8.54,63,1,none
4292,20,male,b.sc,3rd year,high school,sunny,3.16,4.41,15,1,none
4293,17,female,nursing,4th year,high school,sunny,4.68,5.81,24,0,sick
4297,23,male,bba,3rd year,post graduate,rainy,3.39,9.26,55,1,none
4298,17,male,b.com,1st year,post graduate,sunny,4.65,9.13,18,1,none
4299,17,female,diploma,4th year,no formal,hot,4.5,9.14,62,1,none
4300,19,female,diploma,1st year,high school,hot,3.36,9.27,32,1,none
4301,22,male,nursing,3rd year,graduate,sunny,4.42,6.95,37,1,none
4302,18,female,nursing,4th year,phd,cloudy,2.83,5.36,24,1,none
4304,22,male,ba,4th year,no formal,cold,0.65,4.81,86,0,no reason
4306,22,female,b.com,3rd year,graduate,rainy,3.4,5.5,79,0,festival
4307,23,female,nursing,1st year,high school,hot,2.74,8.11,36,0,festival
4308,23,female,bca,1st year,high school,rainy,0.77,9.49,75,0,travel
4310,21,female,diploma,3rd year,graduate,sunny,5.93,8.78,88,1,none
4311,23,male,b.com,3rd year,post graduate,sunny,1.91,6.97,46,0,none
4312,19,male,b.com,1st year,post graduate,cold,5.93,8.72,48,1,none
4314,23,male,pharmacy,1st year,no formal,hot,1.99,6.09,14,0,personal work
4316,24,female,diploma,1st year,phd,rainy,1.18,5.84,16,1,none
4317,20,male,b.sc,4th year,phd,cloudy,0.67,7.86,83,0,project work
4318,23,male,b.tech,4th year,phd,sunny,4.76,9.88,59,1,none
4320,22,male,b.tech,2nd year,high school,sunny,2.82,7.51,73,1,none
4321,20,male,b.sc,4th year,no formal,cloudy,4.24,5.32,37,0,sick
4322,20,male,b.com,2nd year,post graduate,sunny,2.9,7.35,37,1,none
4323,19,female,bca,2nd year,phd,hot,3.86,6.23,81,1,none
4325,20,male,b.sc,2nd year,no formal,rainy,3.62,8.53,20,0,personal work
4328,17,male,b.tech,3rd year,post graduate,sunny,5.36,7.28,28,0,none
4329,24,male,b.com,3rd year,no formal,cloudy,2.18,4.53,18,0,sick
4330,18,female,b.sc,2nd year,high school,hot,2.11,4.17,26,0,festival
4331,19,male,b.com,2nd year,post graduate,rainy,4.17,7.61,10,1,none
4332,23,male,b.com,4th year,phd,sunny,5.39,7.69,55,1,none
4333,24,female,bca,2nd year,high school,rainy,0.95,5.36,30,1,none
4336,23,female,b.com,2nd year,post graduate,sunny,1.45,8.38,13,0,none
4337,19,male,pharmacy,3rd year,graduate,hot,3.33,7.26,39,0,sick
4338,22,male,diploma,2nd year,post graduate,cloudy,5.83,5.96,73,1,none
4339,21,female,ba,2nd year,high school,cold,2.04,9.39,23,1,none
4340,17,male,b.com,2nd year,no formal,cold,0.18,8.52,85,1,none
4341,20,female,pharmacy,3rd year,post graduate,sunny,4.51,9.64,68,1,none
4344,19,male,b.tech,4th year,no formal,hot,3.48,8.51,18,1,none
4345,21,male,pharmacy,2nd year,graduate,hot,0.27,7.14,26,0,none
4346,17,male,bba,3rd year,no formal,cloudy,4.14,9.3,16,1,none
4347,18,female,b.tech,2nd year,no formal,cloudy,1.94,5.91,33,0,no reason
4348,23,male,nursing,4th year,phd,cold,1.15,7.88,16,1,none
4351,21,male,b.tech,4th year,high school,cloudy,0.96,7.02,54,1,none
4352,21,female,ba,2nd year,post graduate,cold,5.49,8.67,74,1,none
4353,20,female,nursing,4th year,high school,hot,0.47,8.36,15,1,none
4354,20,male,b.sc,4th year,no formal,cloudy,1.89,7.45,18,1,none
4357,19,male,b.sc,1st year,phd,cold,0.05,5.04,62,1,none
4358,22,female,b.sc,4th year,post graduate,sunny,0.63,4.3,83,0,festival
4359,24,female,bca,4th year,post graduate,cold,2.44,8.95,42,1,none
4360,17,male,b.com,2nd year,post graduate,cold,5.66,5.84,83,0,project work
4361,23,male,pharmacy,2nd year,no formal,hot,0.25,9.85,59,1,none
4362,20,male,b.sc,4th year,post graduate,cold,5.44,8.21,34,0,no reason
4364,21,female,pharmacy,3rd year,graduate,rainy,3.37,5.14,8,1,none
4366,18,male,b.tech,2nd year,post graduate,cold,2.61,7.02,53,0,sick
4367,18,female,b.sc,2nd year,no formal,cloudy,3.8,4.25,83,0,festival
4368,24,female,b.sc,4th year,phd,sunny,3.57,6.39,8,1,none
4369,21,female,pharmacy,2nd year,post graduate,cold,4.06,7.82,12,0,sick
4371,18,female,b.tech,4th year,high school,cold,5.17,8.13,66,1,none
4372,18,male,ba,3rd year,no formal,cold,4.75,5.12,69,1,none
4373,23,male,b.com,3rd year,high school,cloudy,0.44,6.43,48,0,travel
4374,19,female,b.sc,2nd year,no formal,sunny,2.29,5.3,7,1,none
4375,21,male,bba,3rd year,post graduate,hot,1.66,6.99,73,0,project work
4376,19,male,pharmacy,1st year,post graduate,hot,0.75,5.38,22,0,no reason
4377,19,male,b.com,1st year,graduate,rainy,4.15,8.61,24,0,sick
4378,18,male,pharmacy,4th year,phd,sunny,5.76,4.06,45,1,none
4379,24,male,bca,2nd year,no formal,hot,0.7,9.91,66,1,none
4380,24,female,ba,4th year,phd,rainy,1.08,4.68,89,0,project work
4381,17,female,diploma,4th year,high school,sunny,3.27,8.44,83,0,personal work
4382,19,male,ba,2nd year,post graduate,cold,5.22,7.63,15,1,none
4383,21,male,b.sc,4th year,phd,hot,5.49,8.92,64,1,none
4384,20,female,b.com,3rd year,no formal,sunny,2.62,9.48,51,1,none
4385,22,male,b.tech,4th year,phd,cloudy,1.58,7.61,46,1,none
4387,17,female,b.tech,1st year,post graduate,cloudy,4.67,5.78,30,1,none
4388,19,female,b.sc,3rd year,no formal,hot,0.32,6.37,85,0,personal work
4389,21,male,b.tech,4th year,phd,rainy,4.81,6.45,41,1,none
4390,18,male,b.tech,1st year,high school,rainy,0.24,8.95,29,1,none
4391,23,male,pharmacy,1st year,no formal,cloudy,2.57,9.45,75,0,personal work
4392,17,female,b.tech,4th year,post graduate,sunny,5.89,7.48,17,1,none
4393,17,male,bca,3rd year,no formal,cloudy,5.32,5.74,73,1,none
4395,21,male,b.sc,3rd year,no formal,hot,4.62,8.27,36,1,none
4396,19,female,b.com,3rd year,post graduate,hot,0.3,9.64,38,1,none
4397,19,female,b.tech,2nd year,no formal,cold,5.51,6.23,43,1,none
4398,17,female,b.com,3rd year,post graduate,cold,2.49,9.32,51,1,none
4400,20,female,bca,1st year,no formal,hot,0.98,9.24,62,0,personal work
4402,20,male,diploma,2nd year,phd,cloudy,0.4,5.71,32,1,none
4404,19,female,b.tech,2nd year,graduate,sunny,4.81,4.84,34,1,none
4405,24,female,b.sc,1st year,high school,hot,2.71,7.92,18,1,none
4406,19,female,ba,4th year,graduate,cold,5.26,5.27,35,0,project work
4408,19,male,nursing,4th year,phd,cold,2.37,5.66,69,0,no reason
4409,19,female,b.sc,3rd year,phd,rainy,5.16,9.93,53,1,none
4410,17,male,b.tech,2nd year,high school,hot,2.41,7.08,81,0,personal work
4411,21,female,nursing,1st year,post graduate,cold,4.42,6.07,77,1,none
4412,19,male,bba,1st year,graduate,rainy,5.39,6.98,34,0,sick
4413,22,female,ba,1st year,high school,hot,3.97,8.37,84,0,festival
4414,20,male,b.sc,4th year,high school,cold,1.38,7.01,69,0,travel
4415,20,male,diploma,1st year,phd,cold,0.52,6.25,58,0,travel
4416,20,female,nursing,1st year,no formal,cold,1.23,6.07,44,1,none
4417,18,male,b.tech,1st year,phd,cloudy,1.56,6.73,9,1,none
4418,22,female,b.tech,3rd year,phd,sunny,4.25,4.9,63,1,none
4419,17,male,nursing,2nd year,post graduate,rainy,5.1,5.57,17,0,personal work
4422,23,female,diploma,2nd year,no formal,hot,0.5,8.64,89,0,travel
4423,20,male,nursing,4th year,high school,cold,3.49,4.59,72,0,no reason
4424,19,male,b.sc,1st year,no formal,cloudy,3.48,8.62,51,1,none
4428,23,female,diploma,3rd year,post graduate,sunny,0.28,5.49,31,1,none
4429,24,female,b.sc,3rd year,high school,sunny,2.79,8.03,67,1,none
4430,24,male,b.sc,3rd year,post graduate,hot,2.85,9.33,32,0,project work
4431,17,male,bca,2nd year,high school,sunny,0.17,4.06,14,0,project work
4433,17,female,nursing,4th year,high school,hot,2.87,4.1,6,0,travel
4434,21,female,b.sc,1st year,post graduate,rainy,4.44,4.75,36,1,none
4435,24,female,ba,2nd year,phd,sunny,3.48,7.89,12,1,none
4436,22,male,b.tech,4th year,phd,cold,3.91,8.1,20,1,none
4440,19,female,bca,1st year,high school,hot,2.89,8.21,12,0,travel
4442,22,female,bca,3rd year,graduate,rainy,2.07,8.59,48,0,personal work
4443,20,female,bca,4th year,high school,hot,4.2,8.74,52,1,none
4444,22,male,b.sc,4th year,high school,cloudy,5.38,5.47,44,0,festival
4446,19,male,ba,1st year,graduate,cloudy,1.19,4.27,77,0,sick
4448,21,female,b.sc,2nd year,high school,cloudy,4.7,8.81,49,0,festival
4449,24,male,b.com,1st year,graduate,rainy,3.4,7.09,38,1,none
4450,23,female,ba,3rd year,post graduate,hot,0.15,8.09,25,0,festival
4451,19,male,b.com,1st year,graduate,sunny,2.97,8.56,34,0,sick
4452,20,female,b.tech,1st year,no formal,cold,2.03,7.19,72,0,travel
4453,22,male,b.sc,4th year,graduate,cold,2.03,4.29,17,0,personal work
4455,17,female,diploma,3rd year,high school,rainy,5.64,9.82,66,1,none
4456,21,female,ba,2nd year,post graduate,sunny,4.76,4.06,46,1,none
4458,17,female,ba,4th year,high school,sunny,2.45,5.8,54,1,none
4459,22,female,pharmacy,1st year,phd,cold,0.66,6.57,81,1,none
4460,17,male,nursing,3rd year,phd,cloudy,2.96,7.49,67,0,none
4461,19,female,diploma,1st year,no formal,sunny,1.29,8.76,39,0,personal work
4464,20,female,b.tech,4th year,graduate,cold,1.72,7.14,5,1,none
4465,17,male,nursing,2nd year,graduate,rainy,4.91,9.8,55,1,none
4467,24,male,bca,1st year,post graduate,cloudy,5.09,6.78,57,1,none
4468,24,male,b.com,3rd year,phd,sunny,0.73,9.84,86,1,none
4472,20,female,b.tech,4th year,high school,rainy,0.86,9.52,7,0,personal work
4475,19,male,b.sc,4th year,phd,rainy,0.64,9.57,15,0,personal work
4478,23,male,bca,1st year,graduate,rainy,4.82,8.39,29,1,none
4480,20,female,bca,2nd year,post graduate,sunny,5.8,5.66,56,1,none
4482,23,female,b.sc,4th year,no formal,hot,1.02,7.1,15,0,sick
4483,17,male,bca,2nd year,phd,sunny,4.78,8.22,30,1,none
4484,20,male,bca,1st year,high school,cold,2.83,9.85,7,1,none
4485,19,female,b.sc,3rd year,post graduate,cold,2.18,4.76,31,0,travel
4488,22,male,bca,4th year,post graduate,cold,1.56,4.1,35,1,none
4490,18,female,pharmacy,4th year,no formal,hot,0.28,5.68,70,1,none
4491,18,female,b.com,4th year,phd,cold,1.34,6.28,41,0,none
4492,22,male,ba,4th year,phd,sunny,3.57,4.65,88,0,sick
4493,19,female,b.tech,1st year,no formal,hot,3.16,5.17,47,1,none
4494,19,female,pharmacy,4th year,post graduate,rainy,4.07,8.72,50,0,festival
4496,19,female,nursing,2nd year,post graduate,sunny,2.8,7.67,64,1,none
4497,20,female,pharmacy,4th year,post graduate,cold,2.2,4.74,62,0,project work
4498,18,female,bba,3rd year,post graduate,cold,1.11,6.78,41,0,festival
4499,19,female,diploma,4th year,graduate,hot,4.55,7.6,21,1,none
4500,22,female,bba,4th year,no formal,cloudy,3.95,9.94,19,1,none
4501,21,male,bca,1st year,high school,hot,2.13,9.27,28,0,festival
4503,23,male,nursing,3rd year,post graduate,hot,3.6,8.78,69,1,none
4507,21,male,nursing,3rd year,phd,sunny,0.32,7.65,45,0,personal work
4508,19,male,diploma,4th year,phd,cold,4.39,8.69,20,0,sick
4509,24,male,bca,3rd year,no formal,cloudy,5.93,5.82,89,0,personal work
4510,19,female,pharmacy,4th year,phd,rainy,5.16,8.88,28,1,none
4515,23,male,b.com,3rd year,high school,cold,1.38,9.64,38,1,none
4517,17,male,b.tech,3rd year,no formal,cloudy,0.33,5.61,85,0,none
4521,22,female,bba,3rd year,no formal,sunny,3.94,8.8,89,1,none
4522,21,female,pharmacy,3rd year,post graduate,hot,5.26,8.11,48,1,none
4523,24,female,pharmacy,4th year,no formal,sunny,3.02,4.86,13,0,travel
4524,23,female,pharmacy,2nd year,graduate,cloudy,2.85,9.65,57,0,no reason
4525,20,female,diploma,3rd year,post graduate,hot,4.95,7.92,88,1,none
4526,17,female,bba,4th year,graduate,cloudy,2.38,7.48,28,0,project work
4527,17,male,diploma,3rd year,post graduate,sunny,4.77,5.08,47,0,travel
4528,20,female,b.com,1st year,no formal,hot,5.09,5.27,5,1,none
4531,18,male,pharmacy,2nd year,post graduate,sunny,1.2,9.85,7,1,none
4532,22,male,pharmacy,1st year,graduate,rainy,4.51,6.08,35,0,sick
4533,23,female,diploma,3rd year,post graduate,cloudy,2.04,6.73,55,0,personal work
4535,21,male,b.com,1st year,phd,sunny,0.94,4.45,12,1,none
4536,17,male,diploma,2nd year,post graduate,cold,4.0,6.03,67,1,none
4537,22,male,bba,1st year,post graduate,cloudy,5.62,4.17,81,1,none
4538,23,male,bba,1st year,post graduate,hot,3.33,4.38,89,1,none
4539,23,male,ba,1st year,no formal,cold,3.81,8.88,11,0,project work
4542,24,female,ba,3rd year,no formal,hot,4.31,7.8,52,1,none
4543,21,male,b.com,3rd year,graduate,sunny,4.82,4.94,28,0,festival
4545,23,male,b.com,4th year,graduate,hot,5.64,6.77,18,1,none
4546,21,male,b.com,3rd year,no formal,sunny,3.22,6.61,26,0,no reason
4547,23,male,b.sc,4th year,no formal,rainy,4.21,4.66,14,0,travel
4548,21,female,nursing,2nd year,post graduate,cloudy,4.82,5.92,77,1,none
4550,17,female,nursing,2nd year,post graduate,cold,5.54,9.29,54,1,none
4551,17,female,pharmacy,3rd year,no formal,cold,4.93,6.46,83,1,none
4552,17,female,pharmacy,1st year,graduate,hot,0.54,9.07,11,0,project work
4555,18,female,nursing,3rd year,no formal,cloudy,5.36,5.39,68,0,no reason
4556,18,female,b.tech,3rd year,post graduate,rainy,3.72,8.43,45,1,none
4557,23,female,b.tech,4th year,post graduate,cold,0.33,4.08,28,0,personal work
4559,22,female,pharmacy,4th year,no formal,sunny,4.04,5.81,36,1,none
4561,20,male,diploma,2nd year,post graduate,sunny,4.16,6.85,11,1,none
4566,22,female,diploma,1st year,high school,hot,2.09,5.25,56,0,travel
4567,22,male,bca,2nd year,phd,cold,3.78,6.7,49,1,none
4568,19,female,nursing,2nd year,post graduate,rainy,4.34,6.46,32,0,no reason
4569,18,female,ba,2nd year,graduate,cloudy,5.32,4.63,18,1,none
4570,22,male,pharmacy,2nd year,graduate,sunny,2.81,5.12,51,0,festival
4571,17,male,ba,1st year,post graduate,hot,4.65,7.21,54,0,project work
4572,20,male,b.com,2nd year,high school,cold,4.06,8.04,27,1,none
4573,24,female,diploma,1st year,graduate,rainy,0.43,7.4,13,1,none
4574,22,male,bca,1st year,no formal,sunny,4.14,6.51,81,0,travel
4576,17,male,b.sc,4th year,graduate,cloudy,2.12,9.08,37,0,festival
4579,19,female,nursing,4th year,graduate,cloudy,4.78,6.05,85,1,none
4580,18,female,b.com,3rd year,no formal,cold,4.81,8.25,45,1,none
4582,18,male,nursing,4th year,high school,sunny,5.34,4.19,25,0,project work
4584,21,female,bba,3rd year,post graduate,sunny,3.71,9.41,14,1,none
4585,21,male,b.sc,2nd year,phd,sunny,5.0,4.87,54,1,none
4587,19,female,ba,1st year,graduate,hot,3.36,7.25,26,1,none
4588,21,male,b.com,4th year,graduate,sunny,2.42,9.61,22,0,sick
4589,19,female,b.com,1st year,no formal,sunny,1.68,9.12,72,0,none
4590,22,female,b.tech,4th year,high school,cloudy,0.75,4.25,58,0,sick
4592,17,female,diploma,2nd year,phd,hot,2.55,7.65,84,1,none
4595,17,male,nursing,2nd year,phd,sunny,4.06,6.3,70,1,none
4596,24,female,pharmacy,2nd year,post graduate,cloudy,5.61,4.82,68,1,none
4597,17,male,b.sc,3rd year,phd,cloudy,1.75,4.65,48,0,sick
4598,24,female,ba,1st year,phd,sunny,1.2,8.74,17,0,travel
4599,22,male,ba,1st year,post graduate,sunny,2.73,6.02,87,0,none
4600,24,female,diploma,2nd year,no formal,rainy,2.43,4.75,53,0,no reason
4601,24,male,nursing,1st year,high school,sunny,4.5,7.48,56,1,none
4602,19,female,pharmacy,1st year,graduate,sunny,0.3,8.44,88,1,none
4603,23,female,b.tech,1st year,phd,sunny,3.2,5.41,7,1,none
4606,18,female,b.com,1st year,post graduate,rainy,2.26,6.35,83,0,festival
4607,20,female,bba,4th year,post graduate,cold,0.05,9.16,61,0,travel
4610,17,male,pharmacy,3rd year,graduate,cloudy,3.79,9.67,29,1,none
4611,19,female,ba,3rd year,graduate,sunny,2.84,6.96,43,1,none
4613,21,male,b.tech,4th year,high school,hot,2.09,6.0,64,1,none
4614,21,male,b.sc,1st year,phd,cold,0.47,7.5,7,0,no reason
4617,21,female,pharmacy,4th year,high school,rainy,4.39,5.77,18,0,sick
4618,22,female,b.com,4th year,no formal,rainy,1.29,5.57,72,0,travel
4619,24,female,bca,3rd year,high school,sunny,5.44,7.27,11,0,project work
4620,21,female,b.com,1st year,post graduate,rainy,1.07,4.67,14,1,none
4623,17,female,pharmacy,4th year,graduate,cold,2.11,8.05,42,1,none
4624,20,male,ba,1st year,high school,cloudy,0.21,6.05,63,0,none
4625,20,male,bca,1st year,post graduate,sunny,3.95,6.34,28,1,none
4626,17,male,bca,3rd year,no formal,sunny,4.65,9.17,87,1,none
4627,18,female,nursing,3rd year,phd,cold,2.63,7.7,65,0,festival
4628,23,female,b.tech,2nd year,graduate,cloudy,4.53,9.06,54,1,none
4631,19,female,b.com,3rd year,no formal,sunny,1.24,8.46,47,1,none
4632,19,male,nursing,3rd year,phd,cloudy,3.12,8.49,37,0,no reason
4635,23,female,diploma,1st year,high school,rainy,5.92,8.4,85,1,none
4636,23,male,nursing,1st year,high school,sunny,1.07,8.45,79,0,personal work
4637,20,female,b.com,4th year,phd,sunny,3.43,5.46,38,0,sick
4638,21,female,bca,1st year,high school,rainy,1.08,5.59,11,0,personal work
4640,23,female,b.tech,2nd year,no formal,sunny,5.9,5.2,47,1,none
4641,17,female,nursing,1st year,no formal,sunny,4.61,9.94,59,1,none
4642,24,female,diploma,1st year,high school,cloudy,1.19,8.59,71,0,sick
4643,17,female,b.com,1st year,high school,sunny,1.33,4.13,54,1,none
4644,17,male,b.com,3rd year,phd,sunny,0.28,7.69,70,0,personal work
4645,20,male,diploma,3rd year,phd,sunny,3.46,4.88,62,1,none
4647,17,female,b.tech,1st year,graduate,cold,1.7,6.08,15,1,none
4649,19,female,bca,1st year,graduate,hot,1.33,7.23,41,1,none
4651,24,male,pharmacy,4th year,high school,sunny,5.83,8.41,86,1,none
4652,19,male,b.sc,2nd year,post graduate,hot,2.76,9.57,67,0,no reason
4653,18,female,nursing,1st year,no formal,sunny,1.07,7.72,74,0,sick
4655,18,male,nursing,1st year,no formal,cloudy,4.22,9.89,78,1,none
4656,18,female,b.tech,1st year,graduate,cloudy,0.76,5.32,78,0,no reason
4657,21,male,diploma,3rd year,post graduate,rainy,5.47,9.91,72,0,personal work
4659,20,female,bba,1st year,post graduate,rainy,0.48,5.6,20,0,festival
4660,23,female,b.tech,3rd year,graduate,cold,0.43,5.19,74,0,festival
4661,21,male,diploma,1st year,high school,cloudy,5.26,8.7,74,1,none
4662,18,male,bca,3rd year,phd,hot,1.44,5.83,8,1,none
4663,20,female,b.com,3rd year,post graduate,cloudy,2.81,6.52,15,1,none
4664,19,female,bba,1st year,no formal,rainy,2.82,4.49,66,0,none
4666,19,male,diploma,3rd year,post graduate,rainy,3.18,8.41,85,0,travel
4667,18,male,bba,2nd year,no formal,hot,1.17,7.52,44,1,none
4668,22,male,b.tech,3rd year,no formal,hot,5.74,7.05,83,1,none
4669,20,male,bba,4th year,no formal,cold,0.17,6.79,41,1,none
4670,17,male,ba,2nd year,phd,hot,3.99,6.99,47,1,none
4671,22,female,ba,4th year,no formal,sunny,5.56,5.72,75,0,sick
4672,18,male,ba,1st year,high school,cloudy,3.2,7.94,45,1,none
4673,23,male,ba,3rd year,phd,sunny,5.45,9.04,47,1,none
4675,19,female,b.com,3rd year,high school,cloudy,1.05,5.54,7,1,none
4678,22,male,diploma,3rd year,high school,cold,2.52,8.02,15,1,none
4679,17,female,ba,1st year,post graduate,rainy,5.79,6.83,44,0,personal work
4681,18,female,b.sc,3rd year,high school,cold,4.55,4.77,20,1,none
4684,21,female,nursing,1st year,high school,rainy,5.07,5.68,70,0,travel
4685,22,male,b.tech,1st year,high school,rainy,2.3,9.52,87,1,none
4686,24,female,pharmacy,2nd year,post graduate,cold,2.86,7.43,89,1,none
4688,17,female,b.sc,4th year,high school,sunny,1.25,9.42,17,1,none
4690,17,female,b.sc,2nd year,no formal,cloudy,2.83,9.46,82,0,project work
4691,17,female,nursing,2nd year,post graduate,cloudy,1.11,6.55,67,0,personal work
4693,23,male,diploma,1st year,graduate,hot,2.01,8.71,80,1,none
4694,22,female,b.com,2nd year,high school,cold,2.85,8.78,37,1,none
4695,23,male,pharmacy,3rd year,no formal,cold,1.07,4.55,17,1,none
4696,17,female,nursing,3rd year,phd,sunny,5.71,7.63,61,1,none
4699,17,male,diploma,2nd year,no formal,cloudy,3.1,5.01,37,1,none
4703,23,female,bba,2nd year,no formal,rainy,1.63,6.59,53,0,project work
4704,22,male,bca,3rd year,phd,rainy,4.51,5.95,88,0,project work
4705,18,female,ba,4th year,no formal,sunny,0.61,4.66,23,0,none
4707,21,female,nursing,4th year,graduate,hot,5.08,7.44,54,1,none
4708,23,female,bca,4th year,high school,hot,1.9,4.17,44,1,none
4709,20,male,nursing,1st year,no formal,cloudy,4.81,8.72,8,1,none
4710,19,female,diploma,1st year,post graduate,rainy,1.24,8.22,9,0,project work
4711,23,female,b.com,4th year,no formal,rainy,3.32,6.5,85,0,travel
4712,24,female,diploma,2nd year,phd,cloudy,0.95,6.86,48,0,travel
4714,17,male,pharmacy,2nd year,post graduate,cold,1.04,4.29,81,0,project work
4715,21,male,ba,2nd year,phd,sunny,4.44,5.3,18,0,project work
4718,20,male,bca,2nd year,no formal,sunny,5.3,4.68,82,0,festival
4720,21,male,diploma,1st year,high school,hot,0.1,7.09,48,1,none
4721,23,male,bba,4th year,high school,hot,4.94,5.9,44,0,travel
4722,24,male,b.tech,1st year,phd,sunny,1.83,4.4,36,0,festival
4723,17,female,nursing,4th year,graduate,rainy,0.4,7.57,71,0,personal work
4724,19,male,b.com,2nd year,phd,rainy,0.8,8.64,76,0,none
4725,20,male,b.com,3rd year,high school,sunny,5.72,8.77,6,1,none
4727,24,female,nursing,4th year,high school,hot,5.91,4.5,64,1,none
4728,17,female,bba,4th year,phd,hot,5.74,4.84,29,1,none
4730,24,male,b.tech,1st year,no formal,cloudy,1.52,6.53,17,0,sick
4732,23,female,b.com,3rd year,high school,hot,2.64,8.38,30,1,none
4735,20,male,b.tech,1st year,high school,cloudy,0.07,9.24,78,1,none
4736,17,male,diploma,2nd year,graduate,rainy,1.86,5.86,22,0,project work
4737,19,female,bca,4th year,post graduate,cold,2.08,5.32,19,1,none
4738,19,female,ba,4th year,phd,hot,0.72,8.95,76,0,no reason
4739,21,male,nursing,1st year,high school,hot,3.61,8.63,83,1,none
4740,19,male,ba,4th year,graduate,sunny,1.58,5.79,18,0,personal work
4743,19,male,b.sc,2nd year,post graduate,rainy,1.27,4.28,38,0,travel
4745,19,male,bba,2nd year,post graduate,hot,1.52,6.59,34,1,none
4746,23,female,bca,3rd year,high school,hot,1.03,7.2,72,0,project work
4747,19,male,b.com,1st year,high school,rainy,2.88,7.94,89,1,none
4748,23,female,nursing,1st year,phd,rainy,1.62,4.98,20,0,none
4749,19,male,b.com,1st year,post graduate,cloudy,2.68,6.96,46,1,none
4750,17,male,pharmacy,2nd year,graduate,hot,1.16,4.64,31,1,none
4751,18,male,bca,1st year,graduate,cold,4.19,7.46,43,0,personal work
4752,23,male,b.sc,3rd year,phd,cold,5.6,7.02,33,1,none
4753,23,male,ba,4th year,post graduate,sunny,5.4,5.67,42,0,sick
4754,18,female,b.tech,3rd year,high school,cloudy,4.49,6.84,57,1,none
4756,21,male,bca,1st year,post graduate,rainy,5.39,6.02,45,1,none
4758,20,female,diploma,1st year,no formal,cold,3.89,7.86,80,0,none
4759,22,male,bca,1st year,graduate,rainy,1.31,5.43,17,0,no reason
4760,24,male,bca,3rd year,graduate,rainy,4.43,7.48,88,0,no reason
4762,17,male,ba,3rd year,graduate,cloudy,2.26,8.39,33,1,none
4763,18,female,b.com,2nd year,no formal,cold,2.16,9.75,41,1,none
4764,20,male,nursing,2nd year,post graduate,cold,4.89,5.63,11,0,festival
4767,17,male,diploma,1st year,graduate,cloudy,2.27,4.72,18,1,none
4768,17,male,bba,1st year,phd,rainy,1.34,6.68,77,0,festival
4769,17,female,pharmacy,4th year,no formal,sunny,2.74,4.97,17,1,none
4770,19,female,b.com,1st year,graduate,rainy,4.21,8.99,63,0,project work
4771,23,female,b.tech,2nd year,no formal,cold,3.9,9.94,30,1,none
4772,18,female,ba,2nd year,phd,sunny,1.3,8.33,15,1,none
4773,24,male,bba,2nd year,graduate,hot,4.39,8.38,18,1,none
4774,19,male,nursing,3rd year,post graduate,cloudy,0.43,9.06,85,1,none
4775,17,female,bca,3rd year,phd,cold,5.13,5.91,32,1,none
4778,17,female,bba,4th year,no formal,hot,5.61,7.57,18,1,none
4780,23,female,bba,2nd year,graduate,cloudy,2.58,5.97,62,0,festival
4781,21,female,b.com,2nd year,graduate,cloudy,4.3,9.03,69,1,none
4782,19,female,diploma,2nd year,high school,cold,4.31,4.92,48,0,personal work
4783,23,female,nursing,3rd year,no formal,hot,3.74,4.2,22,1,none
4784,23,male,b.com,1st year,phd,hot,2.18,7.58,26,1,none
4786,21,male,nursing,1st year,no formal,cloudy,4.96,8.58,64,0,sick
4787,17,male,b.sc,2nd year,high school,rainy,2.04,8.78,47,0,personal work
4788,19,female,b.tech,3rd year,high school,rainy,5.93,7.49,65,0,project work
4789,21,male,diploma,4th year,phd,rainy,5.13,7.53,77,1,none
4790,18,male,diploma,3rd year,high school,sunny,1.85,8.52,62,1,none
4791,24,female,b.sc,3rd year,high school,hot,2.53,9.29,43,1,none
4792,24,male,bca,1st year,high school,hot,1.12,4.64,88,1,none
4793,19,male,diploma,3rd year,high school,cold,3.35,5.13,77,1,none
4794,20,female,pharmacy,3rd year,high school,cloudy,1.55,8.05,35,0,none
4795,18,female,nursing,1st year,post graduate,hot,4.3,9.94,46,1,none
4797,17,male,bca,4th year,post graduate,sunny,1.46,8.85,59,0,no reason
4799,21,female,b.com,1st year,post graduate,cold,5.85,6.99,51,1,none
4800,21,female,b.sc,3rd year,post graduate,cloudy,4.18,6.85,56,1,none
4802,18,male,diploma,4th year,phd,rainy,2.57,6.6,66,1,none
4804,22,male,bca,2nd year,no formal,rainy,5.09,9.34,22,1,none
4805,23,female,bca,4th year,high school,cold,4.31,6.52,63,0,sick
4806,20,male,pharmacy,1st year,post graduate,hot,4.31,4.31,19,1,none
4807,24,female,bca,2nd year,high school,sunny,0.47,5.62,66,0,festival
4812,21,female,pharmacy,2nd year,post graduate,cold,3.3,9.65,24,1,none
4813,21,female,diploma,4th year,phd,cloudy,0.71,9.71,85,0,sick
4815,19,male,diploma,3rd year,graduate,sunny,0.57,9.81,76,1,none
4817,19,female,b.com,2nd year,phd,hot,2.52,8.91,78,0,none
4818,21,female,b.com,1st year,high school,rainy,2.96,5.54,79,0,sick
4819,24,female,bba,2nd year,no formal,cold,5.87,9.76,86,0,project work
4822,24,male,b.tech,3rd year,phd,sunny,2.42,8.95,33,1,none
4828,24,male,bca,3rd year,no formal,cloudy,2.91,6.71,74,1,none
4829,20,female,b.com,4th year,post graduate,rainy,5.29,5.79,19,1,none
4832,20,female,diploma,4th year,phd,cloudy,4.8,8.53,65,1,none
4835,21,male,b.sc,4th year,phd,cloudy,2.1,8.65,83,0,personal work
4837,17,female,b.tech,4th year,post graduate,hot,5.93,8.25,14,0,festival
4838,23,female,b.tech,2nd year,phd,cold,4.72,8.12,9,1,none
4839,24,male,b.tech,4th year,high school,cold,2.27,7.9,45,1,none
4841,17,male,bca,2nd year,post graduate,hot,0.61,5.01,71,0,none
4842,17,female,b.tech,2nd year,post graduate,sunny,2.97,9.94,46,0,personal work
4843,18,male,ba,2nd year,post graduate,cloudy,3.67,7.45,40,0,personal work
4845,23,female,b.sc,4th year,graduate,cloudy,0.23,9.05,44,0,travel
4846,23,male,b.tech,2nd year,phd,rainy,0.35,4.58,79,0,project work
4847,17,male,bba,3rd year,no formal,hot,3.38,5.08,75,1,none
4849,24,male,nursing,1st year,post graduate,rainy,1.49,5.57,49,0,travel
4851,22,male,nursing,1st year,high school,cold,2.33,5.06,62,0,sick
4853,17,female,diploma,1st year,no formal,sunny,2.83,7.55,19,1,none
4854,17,male,pharmacy,2nd year,no formal,cold,0.65,9.21,57,0,travel
4856,23,male,b.sc,1st year,phd,cold,4.69,8.2,32,0,project work
4858,19,female,b.com,2nd year,phd,rainy,0.36,6.26,49,0,travel
4859,23,female,nursing,4th year,graduate,cloudy,3.76,9.21,87,1,none
4860,17,male,b.tech,3rd year,high school,rainy,5.53,9.94,12,0,travel
4861,23,male,ba,3rd year,no formal,cold,0.09,4.21,76,0,personal work
4862,24,male,ba,3rd year,no formal,cold,4.0,7.94,82,1,none
4864,24,male,b.com,2nd year,post graduate,cold,0.77,5.44,23,1,none
4865,21,male,pharmacy,3rd year,phd,sunny,3.48,7.86,53,0,project work
4866,20,male,bba,4th year,no formal,rainy,0.21,4.6,6,0,festival
4870,18,male,b.com,1st year,no formal,rainy,3.62,8.02,80,1,none
4871,24,female,b.com,4th year,high school,cloudy,0.42,4.55,48,0,festival
4873,21,male,b.com,1st year,graduate,rainy,0.41,5.23,48,0,no reason
4875,22,male,b.sc,4th year,post graduate,cloudy,3.51,4.06,79,0,none
4877,20,female,b.tech,1st year,phd,cold,2.45,4.06,47,0,festival
4879,23,female,ba,3rd year,phd,rainy,4.24,8.56,33,1,none
4882,20,male,pharmacy,4th year,phd,cold,1.82,5.4,17,0,festival
4883,18,female,nursing,4th year,no formal,sunny,0.11,7.25,75,0,sick
4884,17,female,b.com,4th year,high school,cloudy,4.54,8.24,64,1,none
4885,18,female,bca,1st year,post graduate,rainy,0.5,4.87,64,0,project work
4887,21,male,nursing,1st year,phd,hot,3.36,4.3,7,1,none
4888,19,male,diploma,1st year,phd,rainy,4.16,5.21,49,1,none
4889,20,female,ba,1st year,phd,hot,0.5,5.05,57,0,sick
4891,21,male,b.com,1st year,phd,rainy,5.37,8.46,68,0,sick
4892,17,female,pharmacy,4th year,phd,cold,5.07,7.07,89,0,sick
4894,20,female,nursing,3rd year,no formal,cold,0.05,9.23,58,0,none
4895,20,female,nursing,1st year,phd,hot,0.43,7.53,13,0,personal work
4896,23,female,bca,4th year,graduate,sunny,0.86,7.94,7,0,no reason
4899,21,female,diploma,1st year,no formal,rainy,0.05,5.66,15,0,project work
4900,19,female,nursing,4th year,graduate,cloudy,4.14,8.31,72,1,none
4901,22,male,b.com,2nd year,post graduate,rainy,4.8,8.14,40,0,sick
4902,21,female,b.com,1st year,no formal,cloudy,4.45,4.64,13,1,none
4904,18,female,ba,4th year,phd,cloudy,3.78,7.95,89,1,none
4906,19,female,b.sc,1st year,no formal,sunny,4.19,9.15,11,1,none
4909,21,female,b.sc,4th year,no formal,cloudy,5.74,5.22,41,0,none
4912,17,male,b.tech,2nd year,post graduate,cold,4.65,4.13,11,1,none
4913,21,male,b.tech,2nd year,graduate,cold,3.51,5.65,12,0,project work
4915,17,female,b.com,3rd year,high school,cloudy,0.98,8.43,62,0,none
4916,17,male,b.com,3rd year,no formal,cold,0.93,9.35,64,0,personal work
4918,23,female,ba,4th year,phd,hot,3.47,8.72,61,1,none
4919,21,male,pharmacy,3rd year,post graduate,rainy,0.28,8.95,26,0,festival
4920,24,male,pharmacy,2nd year,high school,cloudy,0.71,6.84,82,0,festival
4923,22,female,bca,4th year,phd,sunny,2.98,4.86,76,0,sick
4925,17,male,bba,2nd year,no formal,hot,3.22,4.99,68,0,festival
4927,21,male,nursing,2nd year,phd,cloudy,3.12,5.06,58,0,project work
4928,18,female,nursing,4th year,graduate,hot,3.39,7.92,31,0,sick
4930,17,female,b.tech,1st year,graduate,sunny,4.46,8.28,88,1,none
4932,24,female,b.tech,3rd year,high school,cloudy,4.42,6.54,43,0,project work
4933,23,male,nursing,3rd year,graduate,cold,5.44,6.93,58,1,none
4934,20,male,pharmacy,4th year,graduate,rainy,4.43,4.51,61,0,sick
4935,21,male,b.tech,1st year,post graduate,hot,4.44,4.46,81,0,travel
4936,24,male,nursing,2nd year,no formal,cloudy,3.03,8.72,16,1,none
4937,21,male,b.sc,1st year,no formal,sunny,5.26,8.16,46,1,none
4939,19,male,bba,3rd year,phd,cold,2.2,8.55,87,1,none
4940,22,male,diploma,2nd year,phd,hot,3.48,6.22,33,0,none
4942,23,female,b.tech,4th year,graduate,sunny,1.34,6.46,57,1,none
4943,23,male,b.com,2nd year,graduate,cold,0.66,4.18,37,1,none
4945,22,male,ba,4th year,graduate,hot,2.31,6.23,79,1,none
4947,21,male,b.sc,4th year,post graduate,rainy,4.25,7.08,53,1,none
4948,19,female,pharmacy,1st year,graduate,cloudy,3.21,7.18,15,1,none
4949,19,female,diploma,4th year,post graduate,rainy,3.5,6.03,40,1,none
4950,19,female,pharmacy,3rd year,no formal,rainy,3.67,7.79,47,1,none
4952,23,female,nursing,3rd year,phd,hot,3.01,9.61,13,1,none
4953,18,female,bca,2nd year,no formal,rainy,3.54,9.66,42,1,none
4954,20,male,bba,3rd year,graduate,cold,0.75,7.01,74,0,sick
4955,18,female,bba,2nd year,post graduate,cold,5.89,4.52,5,0,personal work
4958,24,female,bca,4th year,phd,rainy,5.83,5.87,42,1,none
4959,24,female,bba,2nd year,no formal,cloudy,4.64,8.88,73,0,festival
4960,20,female,pharmacy,1st year,graduate,cloudy,3.68,6.58,70,1,none
4963,18,female,ba,4th year,graduate,cloudy,3.98,8.47,63,0,project work
4965,17,male,bca,4th year,high school,cloudy,1.82,8.76,32,1,none
4969,23,female,bca,2nd year,post graduate,cold,3.49,6.96,31,0,no reason
4971,20,female,b.com,3rd year,no formal,cloudy,0.23,7.16,84,0,festival
4973,23,male,b.sc,3rd year,phd,rainy,1.56,5.78,16,1,none
4974,23,female,nursing,3rd year,phd,hot,4.03,9.19,28,1,none
4975,23,female,bca,4th year,high school,rainy,2.75,8.52,74,1,none
4979,21,male,diploma,1st year,high school,rainy,4.26,4.24,82,0,none
4980,24,female,b.tech,4th year,phd,hot,4.13,5.66,32,0,project work
4981,24,male,diploma,4th year,post graduate,rainy,2.78,5.02,20,1,none
4983,20,male,b.tech,1st year,no formal,sunny,5.57,7.92,6,1,none
4984,18,female,diploma,3rd year,post graduate,hot,1.9,6.89,15,1,none
4985,17,female,diploma,4th year,high school,cold,1.15,9.08,65,1,none
4989,24,female,pharmacy,2nd year,graduate,sunny,0.25,5.58,28,0,travel
4990,22,male,pharmacy,1st year,high school,sunny,0.8,6.46,67,0,personal work
4992,24,male,b.tech,2nd year,phd,rainy,3.86,7.31,83,1,none
4993,21,female,ba,4th year,no formal,cloudy,5.15,7.73,69,1,none
4994,22,female,nursing,4th year,no formal,cloudy,0.59,7.1,28,1,none
4995,18,female,diploma,1st year,no formal,cloudy,0.42,6.44,87,0,no reason
4997,23,male,bca,4th year,high school,cloudy,0.56,8.63,5,0,festival
4998,22,female,diploma,1st year,graduate,hot,0.94,5.75,36,0,travel
4999,20,male,ba,4th year,no formal,hot,0.58,4.57,7,1,none
5002,22,female,nursing,3rd year,post graduate,rainy,2.92,4.19,59,1,none
5003,22,male,b.sc,4th year,no formal,rainy,3.49,6.26,38,0,sick
5004,23,male,b.com,1st year,graduate,sunny,5.12,8.61,84,0,no reason
5005,24,male,b.tech,4th year,graduate,sunny,3.85,7.26,24,0,none
5006,20,female,diploma,3rd year,high school,sunny,1.19,9.15,49,1,none
5008,22,male,b.com,4th year,post graduate,cloudy,3.32,7.08,60,1,none
5009,19,female,ba,3rd year,graduate,rainy,3.48,8.18,18,0,project work
5010,23,female,bca,2nd year,graduate,sunny,4.53,6.48,27,0,sick
5011,17,male,diploma,4th year,post graduate,sunny,3.32,6.71,78,1,none
5012,21,female,b.com,3rd year,no formal,cloudy,3.3,6.95,86,0,sick
5015,24,female,nursing,3rd year,graduate,hot,0.67,5.5,73,1,none
5016,17,male,nursing,3rd year,no formal,rainy,2.47,6.44,11,1,none
5018,23,male,nursing,3rd year,graduate,rainy,4.11,6.33,52,0,travel
5021,20,male,ba,4th year,high school,rainy,5.42,8.85,89,0,festival
5023,20,male,pharmacy,4th year,graduate,rainy,1.67,4.94,77,0,personal work
5024,23,female,b.tech,1st year,graduate,rainy,4.38,4.36,49,0,personal work
5025,17,male,ba,1st year,phd,rainy,5.31,5.79,5,1,none
5026,19,male,diploma,2nd year,graduate,rainy,5.4,7.17,73,0,personal work
5028,22,female,diploma,3rd year,phd,cold,2.3,4.26,33,1,none
5029,18,female,bba,2nd year,phd,cloudy,1.6,7.14,70,0,travel
5030,19,female,pharmacy,4th year,graduate,rainy,3.26,6.94,75,0,project work
5033,18,female,bca,4th year,high school,cloudy,1.94,4.39,33,0,no reason
5034,17,male,b.com,1st year,graduate,hot,2.2,8.12,37,1,none
5035,18,male,bba,4th year,no formal,cold,2.55,8.19,10,0,festival
5036,24,female,bba,1st year,graduate,rainy,0.57,4.06,24,1,none
5037,21,male,b.com,3rd year,no formal,rainy,5.48,6.31,30,0,project work
5038,24,male,pharmacy,3rd year,phd,cloudy,5.66,5.54,25,0,travel
5039,18,male,ba,4th year,no formal,rainy,5.14,9.93,37,0,project work
5041,18,female,b.sc,4th year,phd,hot,0.77,5.19,86,0,travel
5043,21,female,pharmacy,4th year,graduate,cloudy,2.13,5.02,81,0,festival
5044,23,female,b.tech,3rd year,post graduate,rainy,0.95,7.61,41,0,festival
5047,22,male,b.sc,2nd year,phd,sunny,1.5,7.14,43,0,no reason
5048,19,male,diploma,4th year,graduate,rainy,1.13,4.23,12,0,travel
5049,24,female,diploma,1st year,post graduate,hot,0.72,7.72,86,0,personal work
5050,20,male,nursing,1st year,high school,cloudy,4.5,4.4,21,1,none
5051,18,male,bca,1st year,phd,cloudy,3.08,7.44,64,1,none
5052,24,male,diploma,3rd year,graduate,cold,4.5,7.36,28,1,none
5054,17,female,diploma,1st year,high school,cold,2.72,9.74,48,0,sick
5055,24,male,bca,1st year,phd,rainy,0.21,5.02,12,0,sick
5057,23,female,b.tech,1st year,post graduate,cold,4.06,9.12,63,1,none
5059,22,male,b.sc,2nd year,graduate,cloudy,5.73,9.59,84,1,none
5061,21,male,diploma,3rd year,post graduate,rainy,3.25,4.74,62,0,festival
5062,21,female,b.sc,2nd year,high school,rainy,3.74,4.19,28,1,none
5063,22,female,diploma,1st year,phd,cold,1.33,6.3,62,0,none
5064,21,male,b.com,3rd year,phd,cold,1.11,8.49,67,0,personal work
5065,22,female,diploma,2nd year,phd,cold,1.18,9.94,73,0,no reason
5066,21,male,diploma,3rd year,graduate,cloudy,3.37,9.02,79,1,none
5067,17,female,b.tech,1st year,no formal,sunny,5.89,9.32,24,1,none
5069,24,male,nursing,1st year,no formal,cloudy,5.1,5.63,14,1,none
5070,24,female,ba,4th year,post graduate,hot,0.06,6.68,77,0,sick
5072,18,male,b.tech,3rd year,no formal,sunny,2.72,7.62,87,1,none
5073,23,male,diploma,4th year,phd,cloudy,0.1,4.24,69,0,no reason
5074,18,male,b.tech,2nd year,post graduate,hot,5.57,7.39,13,0,sick
5075,20,female,b.com,3rd year,no formal,cloudy,0.29,4.96,34,0,none
5076,19,male,bba,3rd year,phd,cloudy,1.88,4.66,67,0,festival
5078,23,male,bba,3rd year,high school,rainy,5.75,7.4,87,1,none
5079,21,female,pharmacy,4th year,high school,cold,3.91,8.18,37,0,project work
5080,19,male,bba,2nd year,graduate,rainy,0.76,5.98,85,0,none
5081,21,male,b.com,3rd year,phd,rainy,4.19,9.56,48,1,none
5082,17,male,b.sc,1st year,graduate,sunny,5.88,4.4,63,1,none
5083,20,female,nursing,1st year,phd,cold,3.12,9.71,79,0,no reason
5084,21,male,bba,3rd year,no formal,cloudy,1.56,8.26,56,0,none
5085,19,male,bca,1st year,graduate,hot,3.5,6.31,6,0,personal work
5086,23,female,ba,1st year,no formal,cold,3.7,8.77,88,1,none
5087,18,female,b.com,3rd year,high school,cloudy,2.91,7.33,81,0,festival
5088,18,male,bca,3rd year,graduate,rainy,5.32,8.31,68,0,personal work
5089,21,female,b.com,3rd year,phd,rainy,3.48,4.46,18,0,sick
5090,24,female,pharmacy,2nd year,high school,cloudy,4.14,6.05,83,0,no reason
5092,17,female,nursing,1st year,phd,sunny,2.64,7.48,36,0,none
5094,20,male,b.tech,2nd year,post graduate,rainy,4.25,5.16,13,0,no reason
5095,18,male,b.tech,4th year,phd,rainy,0.89,8.46,53,0,festival
5096,21,female,nursing,3rd year,no formal,cloudy,3.39,7.64,80,1,none
5097,19,male,nursing,3rd year,post graduate,sunny,2.3,8.03,34,0,personal work
5099,19,female,bca,4th year,phd,cloudy,5.07,5.07,74,0,sick
5100,21,female,b.sc,1st year,graduate,sunny,1.17,6.69,35,1,none
5101,21,female,diploma,3rd year,graduate,sunny,2.07,5.9,47,0,project work
5102,18,male,bba,4th year,no formal,cold,3.51,6.66,9,1,none
5103,20,female,bca,1st year,post graduate,rainy,1.81,7.95,85,1,none
5105,22,female,bba,2nd year,phd,cold,3.1,9.82,88,0,no reason
5106,23,female,diploma,4th year,no formal,sunny,2.46,5.68,52,0,none
5107,24,female,diploma,1st year,post graduate,cold,3.9,9.39,26,1,none
5108,19,female,b.sc,3rd year,phd,cold,3.3,6.83,52,1,none
5111,22,female,b.com,4th year,phd,hot,5.53,8.53,10,1,none
5113,17,male,bca,2nd year,no formal,cold,2.1,9.29,56,1,none
5114,18,male,bba,3rd year,post graduate,sunny,5.7,6.15,57,1,none
5115,19,male,pharmacy,1st year,high school,rainy,3.7,6.6,43,1,none
5117,20,female,ba,2nd year,post graduate,sunny,1.66,5.31,59,1,none
5118,23,female,b.sc,1st year,post graduate,cold,1.2,9.14,45,0,travel
5119,17,male,pharmacy,3rd year,phd,cloudy,2.74,9.93,26,1,none
5120,23,female,diploma,1st year,high school,rainy,2.49,5.27,53,0,no reason
5121,21,male,diploma,1st year,phd,cloudy,4.73,6.39,79,0,personal work
5122,21,female,bba,1st year,phd,sunny,1.34,9.47,12,0,personal work
5123,22,female,bba,1st year,high school,sunny,3.61,9.29,51,1,none
5126,18,male,bba,2nd year,phd,cold,5.65,7.81,56,1,none
5128,22,female,bca,4th year,no formal,sunny,5.1,8.66,55,1,none
5129,21,female,bca,4th year,graduate,hot,4.81,8.26,35,1,none
5130,19,female,nursing,2nd year,high school,cold,4.05,9.22,82,0,travel
5131,20,male,b.tech,1st year,graduate,cloudy,0.9,8.56,29,0,festival
5132,20,male,b.com,4th year,graduate,sunny,4.43,8.16,25,1,none
5133,17,female,ba,3rd year,phd,rainy,2.27,6.48,47,1,none
5135,17,female,b.com,3rd year,graduate,rainy,2.64,4.83,40,0,project work
5136,20,female,pharmacy,4th year,no formal,rainy,0.91,4.49,85,0,personal work
5139,24,female,ba,3rd year,graduate,hot,2.58,9.25,20,1,none
5140,20,male,b.com,3rd year,no formal,hot,4.84,5.66,22,1,none
5145,23,female,b.sc,4th year,phd,cold,0.77,7.26,40,0,no reason
5146,20,male,bca,4th year,graduate,rainy,4.57,7.48,40,0,festival
5147,23,male,ba,4th year,post graduate,rainy,5.8,4.93,33,0,project work
5149,21,female,nursing,1st year,phd,rainy,2.71,6.45,21,0,none
5150,18,female,b.sc,2nd year,no formal,rainy,0.15,7.65,42,0,festival
5151,21,female,bca,3rd year,post graduate,hot,5.41,9.18,77,1,none
5153,22,female,ba,1st year,graduate,cloudy,2.49,9.47,61,1,none
5154,23,male,bba,4th year,post graduate,sunny,4.37,7.64,30,1,none
5156,24,female,b.com,3rd year,post graduate,hot,0.55,5.63,64,0,festival
5157,17,male,b.tech,1st year,graduate,cloudy,3.28,4.63,48,0,none
5158,18,male,b.sc,1st year,no formal,cloudy,1.63,8.16,83,0,travel
5159,24,female,nursing,3rd year,high school,sunny,4.04,6.56,44,1,none
5161,17,male,b.tech,3rd year,no formal,cold,4.46,8.91,7,1,none
5162,19,male,ba,4th year,high school,cloudy,2.8,7.96,40,0,personal work
5163,23,male,nursing,3rd year,post graduate,cold,4.91,6.83,40,1,none
5164,19,male,nursing,1st year,no formal,rainy,4.72,9.06,13,0,festival
5165,17,female,pharmacy,4th year,no formal,hot,4.09,7.89,59,1,none
5166,22,male,diploma,2nd year,post graduate,cloudy,0.24,4.06,54,0,festival
5168,19,female,diploma,1st year,high school,cold,3.66,6.88,5,0,personal work
5169,17,female,b.tech,1st year,graduate,sunny,0.79,8.12,84,1,none
5170,21,male,ba,3rd year,phd,hot,1.9,5.73,46,1,none
5171,20,male,bba,1st year,phd,hot,5.93,4.44,38,0,none
5172,23,female,bba,3rd year,high school,cloudy,5.41,4.15,52,1,none
5173,19,male,nursing,3rd year,high school,hot,1.85,7.53,87,0,festival
5174,18,female,pharmacy,1st year,graduate,hot,2.99,6.15,82,0,none
5175,18,female,bba,2nd year,post graduate,cold,0.24,4.22,35,0,project work
5176,18,female,b.tech,1st year,no formal,hot,5.91,8.64,85,1,none
5177,20,female,ba,1st year,graduate,sunny,5.8,7.38,14,1,none
5180,23,male,b.com,4th year,post graduate,hot,0.36,6.76,67,0,personal work
5181,23,female,b.tech,2nd year,no formal,cold,4.85,6.87,55,1,none
5184,23,male,b.sc,4th year,phd,cloudy,0.84,8.89,9,0,sick
5187,17,female,bca,4th year,graduate,cloudy,5.56,4.22,11,1,none
5189,19,female,ba,4th year,post graduate,hot,1.65,4.81,12,0,festival
5195,20,female,pharmacy,3rd year,no formal,hot,4.61,9.94,16,0,project work
5196,24,female,bba,1st year,no formal,cold,2.69,9.69,40,1,none
5197,24,female,bca,1st year,phd,cold,3.59,7.08,16,1,none
5199,24,female,bca,4th year,high school,rainy,0.49,9.1,21,1,none
5200,20,male,diploma,1st year,phd,cold,5.58,9.89,6,1,none
5204,21,male,nursing,4th year,post graduate,rainy,0.81,9.09,80,0,travel
5207,23,male,bca,2nd year,no formal,cold,3.81,7.4,24,0,none
5208,20,male,bca,2nd year,phd,cold,2.7,9.2,75,0,sick
5209,17,male,b.com,4th year,graduate,cloudy,1.59,9.85,56,1,none
5212,20,female,bca,4th year,graduate,cold,0.62,6.41,86,0,festival
5213,21,female,b.sc,2nd year,phd,sunny,3.0,9.29,10,1,none
5214,23,female,diploma,3rd year,no formal,rainy,4.26,8.02,14,0,personal work
5216,23,male,diploma,2nd year,graduate,hot,3.14,8.17,76,0,none
5217,22,male,bba,2nd year,high school,cold,0.71,8.1,89,1,none
5218,17,male,bca,3rd year,graduate,sunny,1.01,6.06,27,0,none
5220,19,female,b.tech,2nd year,phd,sunny,5.53,4.25,27,1,none
5223,23,male,b.tech,3rd year,phd,cold,5.89,4.56,64,0,no reason
5225,20,male,ba,1st year,no formal,sunny,5.51,8.79,88,1,none
5229,19,male,diploma,2nd year,no formal,sunny,3.2,4.44,88,0,project work
5232,19,male,b.tech,3rd year,no formal,hot,1.56,6.79,83,1,none
5233,18,female,bba,2nd year,graduate,sunny,4.86,4.27,7,1,none
5235,23,female,bba,2nd year,high school,rainy,0.64,5.8,53,0,festival
5236,21,female,bba,1st year,no formal,sunny,2.72,4.42,25,0,project work
5237,23,male,b.tech,3rd year,high school,rainy,4.15,9.44,54,1,none
5238,24,female,b.tech,2nd year,high school,cold,2.9,5.02,23,1,none
5240,19,female,ba,1st year,post graduate,hot,3.14,6.24,19,1,none
5244,19,female,diploma,4th year,high school,rainy,4.6,6.3,12,0,sick
5246,21,male,nursing,1st year,graduate,rainy,1.68,9.31,50,0,no reason
5247,24,female,b.tech,1st year,post graduate,cold,0.27,8.66,25,1,none
5248,24,male,pharmacy,2nd year,post graduate,rainy,1.67,7.88,59,0,travel
5251,20,female,b.tech,1st year,graduate,rainy,1.54,6.97,71,1,none
5252,22,female,bba,2nd year,high school,sunny,0.15,8.5,18,0,personal work
5253,21,female,ba,4th year,post graduate,rainy,2.29,4.53,55,0,project work
5255,19,male,bba,3rd year,no formal,hot,0.76,9.92,30,0,personal work
5257,19,male,ba,4th year,post graduate,rainy,4.92,6.67,27,0,project work
5258,22,male,ba,2nd year,post graduate,hot,4.91,9.11,81,1,none
5261,17,female,bba,4th year,high school,rainy,2.55,4.69,88,0,festival
5262,21,female,nursing,3rd year,no formal,cloudy,3.1,5.01,29,1,none
5267,22,female,b.com,3rd year,phd,hot,2.01,8.15,87,1,none
5268,22,male,b.tech,3rd year,post graduate,cloudy,0.83,6.74,83,0,festival
5269,21,male,bba,1st year,no formal,cold,4.61,8.37,70,0,travel
5270,18,female,pharmacy,2nd year,graduate,sunny,2.7,8.56,5,1,none
5271,20,female,b.com,2nd year,no formal,rainy,2.72,8.58,10,0,project work
5273,20,male,ba,4th year,post graduate,hot,5.2,6.98,42,1,none
5277,23,female,ba,2nd year,graduate,cloudy,3.3,7.4,7,0,sick
5278,20,male,b.com,4th year,no formal,cloudy,2.84,4.25,48,1,none
5279,18,female,nursing,4th year,phd,hot,4.11,8.49,61,1,none
5280,22,female,b.com,1st year,no formal,cloudy,4.12,4.72,80,1,none
5281,22,female,nursing,1st year,phd,hot,1.52,7.81,24,0,personal work
5282,23,female,b.tech,3rd year,phd,cloudy,1.17,8.88,18,1,none
5283,23,female,ba,4th year,no formal,cold,2.48,7.62,43,0,none
5284,24,female,b.com,3rd year,no formal,cold,4.29,4.79,51,1,none
5285,21,male,bba,4th year,no formal,rainy,5.26,6.8,45,1,none
5286,19,female,diploma,3rd year,phd,hot,1.76,7.0,5,0,travel
5287,23,male,pharmacy,1st year,no formal,cold,0.55,7.06,48,0,travel
5288,19,female,diploma,1st year,post graduate,sunny,2.09,6.06,43,0,festival
5289,19,female,bba,1st year,phd,hot,4.89,9.79,11,1,none
5292,19,female,pharmacy,4th year,no formal,rainy,2.12,8.81,31,0,none
5293,22,male,diploma,1st year,phd,sunny,2.89,5.99,64,1,none
5295,23,male,b.com,4th year,post graduate,cloudy,5.53,4.12,53,1,none
5296,17,male,b.com,4th year,high school,hot,2.55,4.29,12,1,none
5297,22,male,b.com,2nd year,post graduate,cloudy,5.88,6.66,5,1,none
5299,23,female,b.sc,2nd year,no formal,cloudy,5.12,5.55,86,1,none
5300,17,male,nursing,1st year,graduate,rainy,5.45,7.32,50,1,none
5301,24,male,nursing,3rd year,no formal,hot,3.55,5.08,40,0,sick
5302,18,female,bba,4th year,post graduate,sunny,4.38,7.39,82,0,festival
5304,18,female,b.com,1st year,phd,rainy,5.59,8.03,28,1,none
5305,23,male,diploma,2nd year,graduate,hot,0.06,6.72,87,0,no reason
5306,20,female,diploma,4th year,phd,hot,1.75,8.26,54,1,none
5307,22,female,bba,3rd year,phd,sunny,1.48,7.79,5,0,festival
5308,17,male,bca,1st year,graduate,cloudy,0.05,6.96,70,1,none
5309,20,male,nursing,2nd year,high school,rainy,5.92,4.69,23,0,none
5310,24,male,diploma,2nd year,no formal,cloudy,1.39,7.36,64,1,none
5311,24,female,diploma,1st year,post graduate,sunny,2.24,4.32,51,0,none
5312,18,male,b.com,2nd year,high school,cloudy,1.93,4.38,21,1,none
5313,20,male,b.tech,4th year,graduate,cold,5.49,5.37,26,1,none
5314,20,male,bba,1st year,phd,rainy,5.93,4.41,30,1,none
5316,21,female,ba,3rd year,high school,sunny,5.93,7.36,7,1,none
5318,23,female,pharmacy,2nd year,post graduate,rainy,5.05,7.64,57,0,project work
5319,18,male,nursing,3rd year,phd,cloudy,5.28,4.61,68,1,none
5320,19,male,diploma,3rd year,phd,sunny,2.34,8.49,50,1,none
5322,22,female,ba,4th year,graduate,cold,1.38,8.68,78,1,none
5323,20,male,bba,1st year,graduate,sunny,2.84,7.99,64,1,none
5324,24,female,ba,1st year,no formal,cloudy,4.22,8.97,63,0,festival
5325,20,female,nursing,4th year,post graduate,cloudy,5.65,8.36,86,1,none
5326,21,male,pharmacy,3rd year,phd,rainy,2.41,4.42,49,0,personal work
5328,18,male,diploma,3rd year,high school,rainy,1.02,8.03,64,0,festival
5329,20,male,b.tech,4th year,phd,cloudy,2.99,8.01,9,1,none
5331,23,female,nursing,4th year,graduate,rainy,0.85,7.89,18,0,travel
5332,20,male,diploma,3rd year,high school,cloudy,4.37,8.01,89,0,travel
5333,24,male,bba,3rd year,graduate,cloudy,3.12,9.05,57,0,personal work
5334,21,female,b.sc,3rd year,phd,cold,4.4,5.55,6,1,none
5336,22,male,pharmacy,3rd year,post graduate,rainy,0.99,7.25,48,1,none
5337,21,female,ba,1st year,phd,sunny,1.52,8.81,68,1,none
5338,20,female,nursing,4th year,no formal,cloudy,3.8,6.17,88,0,sick
5341,21,male,b.com,3rd year,post graduate,cold,0.61,9.24,82,0,personal work
5342,21,female,bba,2nd year,graduate,cloudy,1.25,7.47,13,1,none
5344,19,female,bca,1st year,post graduate,cloudy,2.45,9.81,54,0,festival
5345,20,male,b.sc,1st year,phd,rainy,4.19,8.09,79,0,no reason
5346,20,male,bba,4th year,no formal,hot,1.5,8.52,62,1,none
5347,20,female,diploma,3rd year,no formal,cold,3.93,4.81,37,1,none
5349,21,male,b.com,1st year,no formal,hot,2.83,7.67,44,1,none
5350,18,male,bca,4th year,high school,cloudy,5.93,6.75,89,0,project work
5351,21,male,b.com,2nd year,graduate,rainy,4.72,6.98,78,1,none
5352,17,female,nursing,2nd year,graduate,sunny,2.48,9.21,61,1,none
5353,20,male,ba,3rd year,post graduate,cold,2.09,4.11,68,0,sick
5354,23,male,diploma,3rd year,graduate,cloudy,4.94,9.05,86,1,none
5355,23,female,ba,1st year,no formal,hot,2.04,9.4,45,1,none
5357,22,male,bca,1st year,high school,cloudy,2.9,5.98,57,1,none
5358,17,female,bca,3rd year,no formal,hot,3.2,9.5,35,0,sick
5359,19,female,diploma,1st year,post graduate,cold,1.82,6.35,5,0,personal work
5363,23,male,ba,4th year,no formal,cold,0.34,9.84,43,0,sick
5365,18,male,bba,1st year,high school,cold,4.29,8.77,43,1,none
5367,21,male,b.sc,3rd year,post graduate,cold,2.38,5.72,87,0,personal work
5368,22,male,nursing,1st year,no formal,cloudy,3.58,7.47,23,1,none
5369,19,male,bba,1st year,no formal,rainy,1.06,9.05,16,1,none
5370,23,male,bba,4th year,phd,cloudy,0.55,5.74,38,1,none
5371,22,female,nursing,3rd year,no formal,cloudy,4.51,5.38,44,0,none
5372,19,female,bba,2nd year,high school,sunny,4.14,9.2,18,1,none
5374,22,male,bca,4th year,no formal,rainy,5.18,9.32,51,1,none
5375,22,male,pharmacy,4th year,post graduate,cloudy,1.62,9.02,78,1,none
5376,18,male,b.com,1st year,high school,cloudy,1.85,5.14,27,0,travel
5377,19,male,b.sc,3rd year,graduate,hot,3.05,8.59,32,0,project work
5379,21,female,diploma,3rd year,graduate,cloudy,5.35,6.82,37,1,none
5380,18,male,b.tech,2nd year,high school,sunny,3.41,9.13,46,1,none
5381,24,male,diploma,1st year,post graduate,rainy,3.73,6.87,66,1,none
5383,20,female,diploma,4th year,graduate,cloudy,0.77,8.41,28,0,travel
5384,17,male,b.sc,3rd year,no formal,hot,2.76,4.39,79,1,none
5386,18,male,ba,2nd year,graduate,rainy,2.28,5.63,19,1,none
5387,24,male,b.tech,3rd year,post graduate,cold,1.68,8.66,14,1,none
5389,23,female,diploma,4th year,no formal,cloudy,2.47,4.09,23,1,none
5390,18,male,bca,4th year,no formal,hot,1.52,8.94,49,0,no reason
5392,23,male,diploma,4th year,phd,sunny,1.38,9.73,7,1,none
5394,21,female,pharmacy,1st year,graduate,cold,2.73,8.49,37,1,none
5399,23,female,pharmacy,2nd year,phd,sunny,3.5,6.71,7,1,none
5400,23,male,ba,3rd year,no formal,hot,3.67,7.84,62,0,personal work
5401,22,female,b.com,2nd year,graduate,sunny,4.24,9.77,13,1,none
5402,22,female,b.tech,3rd year,post graduate,cloudy,4.42,7.81,77,1,none
5404,17,male,b.com,3rd year,no formal,rainy,2.1,6.35,64,0,personal work
5406,22,female,b.sc,1st year,no formal,cloudy,0.56,5.57,52,1,none
5408,21,female,diploma,4th year,phd,cloudy,0.07,4.46,87,1,none
5409,22,female,diploma,3rd year,phd,hot,2.95,9.35,74,1,none
5410,17,male,b.tech,3rd year,no formal,rainy,3.82,6.17,73,0,festival
5412,21,male,bba,1st year,high school,rainy,0.81,5.89,86,0,travel
5413,24,male,bca,1st year,graduate,sunny,0.89,8.45,62,0,none
5414,19,female,nursing,3rd year,phd,sunny,0.53,9.23,67,0,travel
5415,18,male,b.com,2nd year,phd,hot,0.66,6.07,45,0,no reason
5417,18,female,b.tech,4th year,post graduate,rainy,3.85,7.83,31,1,none
5418,21,male,bba,4th year,no formal,hot,2.15,8.83,64,0,project work
5419,22,male,b.com,1st year,graduate,cloudy,2.15,7.88,43,0,personal work
5420,23,male,b.sc,2nd year,graduate,cloudy,5.22,7.29,71,0,no reason
5421,24,female,bca,1st year,graduate,rainy,3.76,8.61,64,0,sick
5422,17,female,b.sc,1st year,phd,rainy,0.99,8.93,87,0,personal work
5423,18,male,pharmacy,3rd year,post graduate,rainy,5.34,7.21,85,1,none
5425,18,female,b.tech,1st year,graduate,hot,1.39,6.39,79,1,none
5426,23,female,bba,3rd year,graduate,rainy,4.91,4.7,18,1,none
5427,18,female,ba,2nd year,graduate,cloudy,2.47,5.02,35,1,none
5428,17,female,bca,4th year,high school,cold,5.73,5.47,84,1,none
5429,23,male,diploma,3rd year,post graduate,sunny,4.57,7.75,72,0,festival
5431,18,male,bca,2nd year,no formal,cold,4.65,6.71,32,1,none
5432,19,male,diploma,1st year,graduate,sunny,1.48,5.33,29,1,none
5433,21,female,bca,4th year,post graduate,hot,5.04,5.43,12,1,none
5436,20,male,diploma,3rd year,no formal,hot,1.38,4.24,50,0,none
5437,17,female,b.com,3rd year,post graduate,cold,3.79,6.33,45,0,personal work
5438,20,female,nursing,1st year,phd,cloudy,1.31,7.27,10,0,travel
5439,21,male,bba,4th year,high school,cloudy,0.57,8.67,66,0,personal work
5441,21,male,ba,2nd year,graduate,rainy,5.08,7.41,63,1,none
5442,24,male,bca,4th year,no formal,rainy,0.8,4.98,70,1,none
5443,23,male,diploma,1st year,high school,hot,4.52,5.12,60,1,none
5445,19,male,b.sc,3rd year,high school,sunny,1.81,9.89,71,0,sick
5448,20,male,pharmacy,3rd year,phd,sunny,2.21,6.46,7,1,none
5449,18,male,pharmacy,2nd year,graduate,sunny,5.17,5.45,14,1,none
5451,22,male,bba,2nd year,graduate,cold,3.26,8.63,76,0,no reason
5452,23,female,bba,1st year,phd,cloudy,0.4,9.73,16,1,none
5454,19,male,ba,1st year,graduate,rainy,0.05,8.2,21,1,none
5455,18,female,pharmacy,1st year,no formal,hot,3.01,5.43,44,0,sick
5456,18,female,bca,3rd year,high school,cloudy,4.6,9.57,89,0,no reason
5457,20,female,b.com,2nd year,high school,cold,2.72,7.36,32,1,none
5459,24,female,diploma,4th year,graduate,sunny,4.52,4.36,71,1,none
5460,24,male,pharmacy,1st year,graduate,cold,5.59,9.94,55,0,festival
5462,22,female,ba,1st year,no formal,sunny,4.34,7.86,18,0,festival
5463,19,male,nursing,3rd year,high school,cold,2.53,5.2,68,0,sick
5464,18,female,b.com,1st year,post graduate,cloudy,1.83,7.73,86,1,none
5465,21,male,b.sc,2nd year,high school,cloudy,1.61,4.21,20,0,sick
5466,17,female,ba,4th year,graduate,cloudy,4.75,5.75,70,0,none
5468,21,male,bba,3rd year,post graduate,hot,3.6,9.64,76,0,project work
5472,23,female,b.tech,2nd year,no formal,sunny,0.28,7.83,86,1,none
5473,18,male,b.com,4th year,no formal,sunny,4.73,4.98,6,1,none
5474,17,male,b.sc,1st year,high school,hot,2.84,4.9,71,0,project work
5476,19,female,ba,2nd year,post graduate,cold,3.44,8.11,24,0,project work
5477,22,female,b.tech,4th year,graduate,cloudy,4.77,7.65,33,1,none
5483,23,male,bba,4th year,no formal,cloudy,3.18,5.37,89,1,none
5484,21,male,b.sc,1st year,post graduate,sunny,0.88,5.32,13,1,none
5485,18,male,pharmacy,1st year,graduate,cloudy,5.63,7.6,10,1,none
5486,18,female,b.com,1st year,post graduate,cold,1.17,8.12,13,0,none
5487,23,female,diploma,4th year,phd,sunny,4.31,8.81,51,0,project work
5491,23,male,bba,2nd year,high school,sunny,5.03,8.31,81,0,personal work
5495,18,female,bca,3rd year,phd,sunny,4.79,9.56,14,1,none
5497,20,female,ba,4th year,graduate,hot,2.39,8.44,78,0,no reason
5498,24,male,pharmacy,4th year,post graduate,rainy,5.21,6.87,18,1,none
5499,17,female,b.sc,4th year,graduate,cold,4.51,7.22,36,1,none
5500,24,male,bba,2nd year,phd,hot,0.42,4.25,5,0,sick
5502,17,male,b.com,3rd year,high school,sunny,4.28,4.16,71,1,none
5503,22,male,diploma,4th year,high school,rainy,4.33,8.47,50,1,none
5504,21,female,nursing,4th year,post graduate,cold,3.58,7.91,19,1,none
5505,23,female,b.com,2nd year,graduate,hot,2.27,5.96,36,0,personal work
5506,17,female,pharmacy,4th year,high school,cloudy,5.28,8.55,9,1,none
5507,17,male,bba,2nd year,phd,rainy,2.6,9.16,32,0,personal work
5508,21,female,b.com,4th year,no formal,cold,2.17,4.47,76,0,personal work
5510,20,male,b.com,2nd year,high school,cold,5.1,9.5,5,1,none
5512,24,male,b.com,1st year,phd,cold,4.15,6.41,48,1,none
5513,23,male,ba,3rd year,phd,rainy,4.41,5.22,46,0,project work
5515,22,male,nursing,2nd year,high school,sunny,4.24,4.69,74,0,none
5516,21,female,diploma,2nd year,no formal,hot,2.19,9.45,42,1,none
5517,22,female,bba,3rd year,phd,cold,0.1,5.63,52,0,travel
5518,21,female,diploma,4th year,high school,sunny,4.59,5.56,79,1,none
5519,21,female,ba,4th year,high school,sunny,3.51,5.59,72,0,festival
5520,20,female,b.com,2nd year,high school,hot,5.43,5.83,63,1,none
5522,23,female,b.sc,4th year,phd,rainy,0.31,5.71,74,0,personal work
5523,24,female,pharmacy,2nd year,high school,hot,4.26,9.78,58,1,none
5525,17,female,nursing,2nd year,high school,sunny,5.86,5.45,61,1,none
5529,17,female,ba,2nd year,phd,cloudy,1.31,8.89,88,0,none
5530,21,female,bba,2nd year,graduate,cold,2.49,5.47,11,0,festival
5531,24,male,bca,4th year,post graduate,sunny,2.55,8.92,80,1,none
5532,21,male,pharmacy,2nd year,graduate,cold,5.42,8.89,89,1,none
5533,20,male,nursing,2nd year,post graduate,cold,0.16,7.35,89,0,personal work
5534,17,female,b.com,1st year,phd,cold,3.91,5.15,62,0,festival
5535,22,male,pharmacy,4th year,phd,hot,2.1,6.03,37,0,travel
5536,17,male,bba,3rd year,high school,cold,2.52,9.7,8,1,none
5537,23,female,bba,4th year,graduate,cloudy,5.64,7.27,21,1,none
5538,23,female,b.tech,2nd year,post graduate,hot,2.38,8.37,29,0,no reason
5539,24,male,diploma,1st year,phd,cloudy,5.51,4.15,29,0,sick
5540,19,female,nursing,2nd year,no formal,hot,5.02,8.27,79,0,festival
5541,18,female,b.com,2nd year,no formal,cloudy,2.66,6.97,12,0,none
5542,19,male,nursing,1st year,no formal,cold,5.61,4.56,32,1,none
5543,23,male,b.tech,1st year,no formal,rainy,3.12,4.94,41,0,festival
5544,18,male,pharmacy,4th year,high school,rainy,5.25,7.09,18,0,none
5546,18,male,bba,3rd year,no formal,hot,5.51,6.85,14,1,none
5547,17,male,b.tech,2nd year,phd,sunny,5.47,8.72,59,0,travel
5548,18,male,pharmacy,2nd year,phd,cold,1.58,5.62,78,1,none
5549,23,female,bba,3rd year,no formal,hot,3.26,8.57,21,1,none
5551,19,male,ba,4th year,high school,cold,3.12,8.3,89,1,none
5553,22,male,diploma,4th year,no formal,cloudy,0.06,8.96,67,0,personal work
5554,21,female,b.sc,4th year,phd,rainy,2.71,8.09,33,1,none
5555,21,male,bca,3rd year,no formal,hot,0.53,9.86,36,0,personal work
5556,17,male,b.tech,2nd year,graduate,hot,4.85,9.34,35,1,none
5557,19,female,b.sc,4th year,graduate,sunny,5.87,8.82,69,0,sick
5558,21,female,bca,4th year,high school,cloudy,0.53,9.66,53,1,none
5560,20,female,b.sc,1st year,graduate,hot,1.54,7.2,27,0,project work
5561,17,male,b.sc,3rd year,phd,hot,4.73,5.7,19,1,none
5562,23,female,nursing,1st year,graduate,rainy,3.58,5.45,52,0,none
5564,17,female,b.com,1st year,high school,cloudy,2.36,7.09,86,0,travel
5565,22,female,pharmacy,4th year,post graduate,hot,5.21,9.6,37,1,none
5566,18,female,bba,3rd year,phd,cold,5.14,7.1,87,1,none
5567,19,female,b.tech,4th year,high school,cold,5.34,7.45,48,1,none
5569,18,female,ba,3rd year,phd,sunny,1.53,5.19,81,0,sick
5570,23,female,diploma,1st year,graduate,rainy,1.89,7.31,70,0,project work
5571,22,female,bca,3rd year,graduate,hot,5.31,7.61,35,0,no reason
5572,18,female,ba,4th year,no formal,sunny,1.5,4.4,60,0,personal work
5576,21,female,b.sc,3rd year,phd,cold,3.9,5.64,66,1,none
5578,20,male,diploma,2nd year,high school,rainy,1.81,6.39,9,1,none
5579,20,male,bca,4th year,graduate,cold,4.22,7.67,38,1,none
5580,21,male,diploma,4th year,high school,cloudy,5.25,4.56,69,0,no reason
5581,23,female,bba,1st year,graduate,rainy,0.09,7.17,31,0,festival
5583,17,male,nursing,1st year,phd,rainy,5.71,8.33,49,0,project work
5584,20,male,pharmacy,2nd year,phd,rainy,3.01,8.79,52,1,none
5585,22,female,b.tech,2nd year,post graduate,sunny,4.41,7.17,71,1,none
5587,24,male,bba,2nd year,high school,cold,0.36,6.85,46,0,sick
5589,23,male,b.com,4th year,graduate,rainy,4.29,7.65,41,0,project work
5590,17,male,b.sc,4th year,graduate,sunny,0.18,5.36,60,0,travel
5591,21,female,b.tech,1st year,post graduate,sunny,2.87,8.38,72,0,project work
5594,23,male,bba,1st year,graduate,rainy,5.77,4.95,19,0,project work
5595,19,male,diploma,3rd year,no formal,rainy,0.4,9.43,55,0,personal work
5596,21,female,b.tech,2nd year,graduate,hot,3.36,8.36,73,1,none
5597,22,female,b.sc,3rd year,post graduate,hot,0.99,8.46,50,1,none
5598,23,male,diploma,3rd year,no formal,cloudy,4.49,8.01,52,1,none
5599,23,female,ba,3rd year,graduate,sunny,4.63,9.35,19,1,none
5600,19,male,b.tech,2nd year,high school,hot,5.67,8.18,70,0,none
5602,17,male,nursing,2nd year,no formal,rainy,0.77,7.95,32,0,travel
5603,20,female,diploma,2nd year,graduate,cold,3.07,9.58,12,1,none
5604,21,female,nursing,2nd year,graduate,sunny,3.43,8.26,33,0,festival
5605,17,male,ba,2nd year,graduate,rainy,5.68,8.06,81,1,none
5606,20,female,pharmacy,3rd year,no formal,cloudy,2.87,6.34,77,1,none
5607,21,male,pharmacy,3rd year,no formal,rainy,5.93,5.35,37,0,personal work
5608,21,female,ba,4th year,no formal,cloudy,2.15,6.45,53,0,travel
5609,17,female,b.sc,2nd year,post graduate,rainy,3.56,4.78,45,1,none
5610,19,male,pharmacy,4th year,post graduate,rainy,1.75,5.48,89,0,festival
5611,18,male,ba,2nd year,graduate,sunny,1.42,9.35,38,0,no reason
5612,22,male,bba,4th year,no formal,sunny,3.75,8.22,23,0,travel
5614,21,male,b.com,3rd year,high school,sunny,2.18,4.97,79,0,sick
5616,23,female,b.sc,3rd year,no formal,cloudy,3.03,9.76,35,0,personal work
5619,18,male,bba,3rd year,phd,rainy,5.06,7.54,54,0,sick
5620,17,female,b.com,2nd year,high school,hot,3.03,6.66,37,0,festival
5622,18,male,bca,3rd year,post graduate,hot,1.58,5.24,64,0,no reason
5623,23,female,diploma,2nd year,graduate,sunny,1.23,7.03,28,1,none
5624,18,female,diploma,4th year,no formal,sunny,0.87,4.96,14,1,none
5625,22,male,bca,1st year,post graduate,cold,2.49,8.11,81,0,travel
5627,17,male,bca,1st year,phd,rainy,4.26,8.05,10,0,none
5629,17,male,pharmacy,2nd year,post graduate,cloudy,0.9,9.41,86,1,none
5630,20,female,b.sc,1st year,post graduate,sunny,3.83,6.7,54,0,travel
5631,21,female,bba,3rd year,post graduate,rainy,5.46,9.21,76,1,none
5637,20,male,diploma,1st year,post graduate,cold,3.47,9.21,60,1,none
5639,24,female,bba,1st year,graduate,sunny,1.16,8.64,13,1,none
5640,23,female,b.sc,1st year,phd,hot,5.8,6.41,20,1,none
5641,19,male,b.com,3rd year,high school,cold,5.23,5.6,50,1,none
5643,22,male,bca,2nd year,high school,rainy,4.44,9.86,52,1,none
5644,21,female,b.sc,1st year,graduate,rainy,5.0,7.49,5,1,none
5645,17,male,bba,3rd year,high school,sunny,3.63,9.1,21,1,none
5646,24,female,b.com,3rd year,post graduate,rainy,3.17,6.91,22,0,none
5647,24,female,pharmacy,2nd year,no formal,rainy,4.22,6.67,83,0,travel
5648,24,female,nursing,4th year,high school,cold,1.13,8.23,85,1,none
5649,24,female,ba,2nd year,high school,sunny,4.43,6.18,70,0,project work
5652,17,female,bca,1st year,post graduate,hot,4.62,7.11,50,0,festival
5655,18,male,b.tech,3rd year,graduate,hot,5.69,5.54,89,1,none
5656,23,female,bca,2nd year,post graduate,cold,5.84,5.34,11,1,none
5658,21,female,nursing,4th year,graduate,hot,2.91,5.88,58,1,none
5659,22,male,b.tech,2nd year,post graduate,cloudy,1.91,5.43,51,0,project work
5660,18,female,b.sc,2nd year,high school,cold,3.77,9.94,15,1,none
5661,18,female,nursing,3rd year,no formal,hot,2.68,8.09,26,1,none
5663,20,female,diploma,4th year,graduate,hot,1.99,6.95,7,0,festival
5664,21,male,b.tech,3rd year,no formal,sunny,5.46,8.77,50,1,none
5665,20,male,b.tech,2nd year,phd,cold,5.89,5.47,6,1,none
5666,18,male,nursing,2nd year,post graduate,rainy,5.93,8.63,8,1,none
5667,23,male,bba,3rd year,post graduate,cloudy,4.85,5.58,86,0,personal work
5669,22,male,pharmacy,2nd year,graduate,rainy,0.67,8.81,50,1,none
5670,19,female,b.com,2nd year,post graduate,cold,3.08,4.49,65,0,personal work
5671,22,male,b.com,4th year,graduate,sunny,5.89,4.06,71,1,none
5672,24,female,diploma,4th year,post graduate,hot,3.05,9.01,59,0,sick
5674,20,female,ba,3rd year,phd,hot,0.57,9.12,87,1,none
5675,19,male,b.sc,2nd year,graduate,hot,5.76,9.06,9,1,none
5677,19,female,b.tech,2nd year,high school,hot,1.14,6.8,73,1,none
5678,21,male,ba,3rd year,graduate,sunny,1.49,9.4,8,1,none
5681,23,female,b.com,3rd year,phd,sunny,4.46,8.54,40,1,none
5682,20,male,diploma,2nd year,graduate,cloudy,2.67,9.34,15,1,none
5683,20,female,nursing,3rd year,post graduate,hot,4.52,8.94,79,0,festival
5684,21,female,b.com,2nd year,phd,rainy,4.99,9.66,33,1,none
5687,18,male,diploma,2nd year,post graduate,rainy,2.1,6.16,70,1,none
5688,23,female,b.tech,4th year,no formal,rainy,1.15,4.53,29,1,none
5689,18,male,diploma,1st year,post graduate,sunny,1.71,9.94,45,1,none
5690,19,female,diploma,2nd year,no formal,rainy,0.05,9.78,49,1,none
5691,21,female,diploma,4th year,graduate,cold,0.87,6.71,37,1,none
5692,24,female,nursing,3rd year,high school,cloudy,2.21,8.34,39,1,none
5693,18,female,diploma,2nd year,phd,rainy,3.99,7.98,17,1,none
5694,21,female,pharmacy,3rd year,post graduate,sunny,0.5,5.71,86,1,none
5696,17,female,bba,4th year,post graduate,sunny,3.44,5.37,45,1,none
5697,23,male,nursing,1st year,post graduate,cold,0.59,8.54,5,1,none
5699,20,female,bca,2nd year,no formal,rainy,1.37,5.44,73,0,none
5702,19,male,bca,1st year,post graduate,cloudy,5.6,7.61,14,1,none
5705,23,male,ba,3rd year,no formal,cloudy,3.02,5.04,8,1,none
5706,20,male,pharmacy,1st year,graduate,cloudy,0.13,5.16,52,1,none
5707,19,male,b.com,1st year,post graduate,cold,1.6,6.72,16,1,none
5710,19,male,b.com,1st year,no formal,cold,4.59,5.62,69,1,none
5711,24,female,ba,4th year,post graduate,cold,2.82,6.81,59,1,none
5712,20,male,pharmacy,3rd year,phd,cold,3.64,6.02,5,1,none
5713,22,male,b.sc,4th year,no formal,hot,2.28,6.1,71,0,travel
5714,24,male,diploma,4th year,post graduate,sunny,3.47,9.0,57,1,none
5715,20,male,nursing,4th year,no formal,cold,1.43,6.7,10,1,none
5718,17,male,bca,3rd year,phd,sunny,2.86,8.07,81,1,none
5719,20,female,ba,4th year,high school,cold,4.63,5.6,14,1,none
5720,24,male,b.sc,3rd year,high school,cloudy,5.47,7.13,80,1,none
5721,20,female,pharmacy,4th year,no formal,rainy,0.86,8.91,26,0,no reason
5725,19,male,nursing,3rd year,high school,rainy,0.16,6.49,72,0,festival
5726,21,male,b.com,2nd year,phd,hot,3.62,6.24,5,1,none
5727,17,male,b.tech,2nd year,no formal,cold,1.33,8.87,15,0,project work
5728,20,male,bca,4th year,post graduate,rainy,4.44,5.36,20,0,personal work
5729,20,female,ba,3rd year,no formal,rainy,5.0,4.41,17,0,project work
5730,23,female,bba,2nd year,no formal,cloudy,3.54,7.45,43,1,none
5732,23,male,b.com,3rd year,phd,hot,2.65,7.21,65,1,none
5733,20,male,diploma,2nd year,phd,hot,0.48,5.59,30,0,no reason
5736,19,female,diploma,2nd year,graduate,rainy,0.76,6.3,35,0,festival
5737,24,male,diploma,2nd year,high school,hot,1.87,7.74,40,0,festival
5738,18,female,b.com,1st year,high school,rainy,5.09,4.88,76,1,none
5739,17,male,diploma,3rd year,no formal,hot,3.41,8.48,70,1,none
5740,23,female,b.sc,1st year,post graduate,cloudy,0.44,8.72,41,1,none
5742,24,male,nursing,4th year,no formal,sunny,0.63,8.72,32,1,none
5743,20,male,bba,2nd year,post graduate,cold,2.62,6.07,15,0,personal work
5745,17,male,pharmacy,4th year,post graduate,sunny,2.98,9.12,26,1,none
5748,24,female,b.tech,3rd year,high school,cold,2.41,9.89,26,0,sick
5749,17,female,ba,1st year,graduate,cloudy,4.35,9.82,83,1,none
5750,24,female,b.com,3rd year,no formal,rainy,4.72,8.25,59,0,festival
5751,18,female,nursing,2nd year,phd,rainy,2.04,6.76,73,0,travel
5754,18,male,bca,4th year,post graduate,cloudy,4.62,8.51,57,1,none
5755,20,male,b.sc,4th year,no formal,sunny,2.19,4.7,87,0,personal work
5756,19,female,bba,3rd year,post graduate,sunny,3.39,6.49,19,0,travel
5757,21,female,pharmacy,4th year,high school,rainy,4.6,6.2,86,0,personal work
5759,17,male,ba,4th year,graduate,rainy,1.17,7.63,41,1,none
5760,17,female,b.tech,4th year,post graduate,rainy,1.34,7.26,59,1,none
5761,18,male,bba,2nd year,high school,hot,0.05,5.47,20,0,project work
5762,18,female,pharmacy,2nd year,phd,cold,4.38,7.05,76,1,none
5764,19,male,pharmacy,3rd year,post graduate,cold,2.06,8.02,75,1,none
5765,21,male,ba,3rd year,post graduate,hot,1.77,8.89,64,1,none
5766,19,female,b.tech,2nd year,graduate,hot,0.48,4.12,30,1,none
5768,20,female,b.sc,3rd year,post graduate,cloudy,1.54,8.72,82,0,sick
5770,19,male,diploma,1st year,high school,rainy,4.16,8.29,75,0,travel
5772,20,male,diploma,2nd year,phd,hot,0.9,6.48,57,0,travel
5773,17,male,b.sc,2nd year,phd,sunny,3.52,4.21,35,1,none
5774,20,female,diploma,3rd year,high school,rainy,4.21,8.02,22,1,none
5775,24,male,b.tech,2nd year,high school,rainy,0.95,4.36,22,0,travel
5778,22,female,b.com,1st year,phd,cloudy,0.26,8.66,45,0,sick
5779,18,female,b.com,4th year,high school,cloudy,0.69,7.48,27,0,personal work
5782,24,female,bba,2nd year,no formal,cloudy,2.56,5.88,75,0,no reason
5784,21,male,ba,3rd year,high school,cold,2.64,6.06,76,0,project work
5785,21,male,bba,1st year,high school,hot,5.15,9.42,15,1,none
5786,22,male,bca,2nd year,phd,cloudy,3.33,5.11,16,0,festival
5787,21,male,bca,4th year,phd,sunny,4.8,9.6,85,1,none
5788,21,male,bca,2nd year,phd,cloudy,3.88,4.94,24,1,none
5789,24,female,bba,3rd year,graduate,cold,0.72,9.25,17,1,none
5791,17,female,ba,1st year,graduate,cold,2.36,5.18,46,0,no reason
5792,20,female,b.com,4th year,no formal,sunny,2.85,6.53,15,0,project work
5793,24,male,b.com,1st year,post graduate,cloudy,5.6,6.42,5,1,none
5794,20,male,ba,3rd year,no formal,cold,2.58,5.05,38,0,festival
5795,18,female,b.tech,2nd year,no formal,cold,1.34,7.89,14,1,none
5796,23,male,b.sc,3rd year,high school,hot,1.97,9.91,7,1,none
5798,21,female,ba,3rd year,post graduate,cloudy,1.19,9.16,10,1,none
5799,20,female,bba,1st year,no formal,cold,3.72,5.57,12,1,none
5800,17,male,b.sc,2nd year,post graduate,rainy,5.59,7.91,45,0,project work
5801,20,male,b.sc,1st year,post graduate,cold,3.87,7.92,73,0,personal work
5802,20,male,bba,3rd year,graduate,hot,5.13,4.06,70,0,personal work
5804,19,female,nursing,1st year,graduate,cold,3.55,4.47,31,1,none
5806,20,female,bba,2nd year,no formal,rainy,1.93,7.49,32,1,none
5809,20,male,bba,1st year,post graduate,sunny,5.06,8.19,26,0,sick
5810,22,male,bba,3rd year,no formal,cloudy,3.45,5.69,39,1,none
5812,19,male,nursing,2nd year,post graduate,hot,0.8,8.74,24,0,sick
5814,21,female,ba,1st year,phd,hot,4.02,5.76,41,1,none
5816,20,male,bca,3rd year,phd,sunny,5.84,6.63,76,0,no reason
5817,24,male,b.com,2nd year,no formal,hot,4.35,9.62,26,1,none
5818,20,female,diploma,2nd year,high school,rainy,4.29,7.65,37,0,travel
5819,21,male,ba,4th year,graduate,cold,1.03,9.4,39,0,none
5820,21,male,b.tech,3rd year,post graduate,cold,2.06,5.26,9,1,none
5821,22,female,bba,3rd year,phd,hot,4.05,9.05,79,1,none
5822,23,male,b.com,1st year,phd,sunny,2.26,4.84,53,0,travel
5823,18,male,ba,3rd year,phd,sunny,2.88,7.24,41,1,none
5825,21,male,b.sc,4th year,no formal,sunny,2.37,9.67,9,1,none
5829,20,male,diploma,4th year,high school,hot,0.8,8.63,43,1,none
5830,19,male,ba,3rd year,high school,rainy,4.83,8.49,68,0,none
5832,23,male,nursing,4th year,post graduate,sunny,5.8,4.06,7,0,no reason
5833,18,female,pharmacy,4th year,high school,sunny,1.89,8.13,47,0,festival
5834,19,female,b.com,4th year,no formal,sunny,3.27,4.72,45,0,personal work
5837,17,male,b.tech,4th year,graduate,sunny,5.88,5.43,77,0,none
5838,19,female,pharmacy,1st year,high school,cloudy,2.84,9.63,51,1,none
5839,22,female,b.sc,3rd year,no formal,hot,3.03,4.58,26,0,project work
5841,24,female,pharmacy,3rd year,graduate,cloudy,0.85,7.95,5,0,personal work
5842,21,male,b.com,4th year,high school,sunny,5.12,6.35,33,0,no reason
5844,23,female,b.tech,2nd year,post graduate,sunny,4.75,5.91,77,0,no reason
5845,18,male,nursing,3rd year,phd,rainy,4.77,8.82,13,1,none
5846,17,male,ba,1st year,graduate,hot,5.6,6.5,84,1,none
5847,22,male,bca,3rd year,graduate,hot,2.58,5.41,29,1,none
5850,18,female,b.com,2nd year,post graduate,cold,2.49,9.3,83,0,no reason
5851,21,male,ba,3rd year,no formal,cloudy,1.24,4.56,10,1,none
5853,22,female,b.tech,2nd year,phd,cold,0.59,7.77,30,1,none
5854,20,female,ba,4th year,high school,hot,1.66,5.41,46,1,none
5855,21,male,diploma,1st year,graduate,sunny,4.28,6.96,67,1,none
5857,19,male,ba,3rd year,no formal,cold,4.02,5.45,61,1,none
5858,19,female,nursing,2nd year,graduate,cloudy,0.73,4.99,59,1,none
5859,22,female,bba,1st year,post graduate,cold,2.52,6.47,25,1,none
5860,21,female,diploma,1st year,graduate,rainy,1.14,5.91,53,1,none
5861,21,female,b.tech,3rd year,high school,rainy,4.24,5.73,8,0,none
5862,21,female,pharmacy,3rd year,phd,hot,4.47,7.53,56,1,none
5863,18,female,diploma,4th year,high school,cold,4.11,5.35,39,1,none
5864,24,female,nursing,4th year,graduate,cold,0.37,5.69,6,1,none
5865,21,female,diploma,2nd year,high school,cold,4.91,5.48,50,1,none
5868,24,male,bca,3rd year,high school,hot,5.36,5.39,51,0,festival
5870,23,male,diploma,3rd year,graduate,hot,4.23,5.62,83,0,festival
5871,20,male,ba,4th year,post graduate,hot,3.8,7.83,58,0,personal work
5872,22,female,diploma,2nd year,post graduate,rainy,4.19,6.18,47,0,sick
5873,19,male,ba,1st year,no formal,sunny,1.66,6.12,39,0,travel
5874,22,female,bba,4th year,no formal,rainy,4.16,5.14,20,0,travel
5875,17,male,b.tech,2nd year,no formal,hot,5.25,5.86,56,1,none
5876,24,female,pharmacy,1st year,phd,cold,1.71,7.19,61,0,personal work
5879,17,female,b.tech,4th year,graduate,rainy,3.95,4.07,33,0,project work
5880,18,male,nursing,2nd year,no formal,sunny,3.92,4.83,55,1,none
5882,23,male,bba,1st year,no formal,hot,0.68,9.16,77,1,none
5883,18,female,b.tech,4th year,no formal,hot,5.5,8.19,88,0,festival
5884,18,male,diploma,1st year,graduate,cloudy,0.95,9.02,17,1,none
5885,23,female,b.sc,1st year,high school,rainy,1.76,6.86,61,0,festival
5886,24,male,ba,2nd year,high school,cloudy,3.69,9.29,50,1,none
5888,22,male,ba,1st year,phd,sunny,1.04,4.78,21,0,travel
5889,19,female,diploma,3rd year,no formal,cold,1.96,6.09,67,1,none
5890,22,female,bba,1st year,phd,sunny,4.76,6.55,30,0,travel
5891,20,female,ba,1st year,no formal,cold,3.23,7.25,85,1,none
5892,18,female,b.com,1st year,graduate,cloudy,5.54,5.96,74,0,project work
5893,19,male,ba,4th year,graduate,cold,2.83,8.91,58,1,none
5895,23,female,bca,3rd year,graduate,rainy,4.19,4.37,89,0,festival
5896,17,male,diploma,3rd year,post graduate,cloudy,3.45,7.63,75,0,travel
5897,24,male,bca,4th year,no formal,hot,3.39,7.43,5,0,personal work
5898,22,female,b.tech,2nd year,graduate,hot,1.94,9.34,11,1,none
5901,18,female,nursing,1st year,post graduate,sunny,1.48,7.24,88,0,festival
5902,17,female,b.tech,4th year,no formal,hot,0.28,8.12,57,1,none
5903,23,male,nursing,2nd year,graduate,hot,5.4,5.9,16,1,none
5904,18,female,bba,1st year,no formal,hot,2.5,4.5,46,1,none
5905,18,male,nursing,3rd year,graduate,rainy,5.9,7.99,83,0,personal work
5907,24,female,nursing,4th year,post graduate,hot,0.55,8.89,19,0,no reason
5908,23,male,b.sc,1st year,post graduate,rainy,4.28,4.49,66,0,none
5911,19,male,bca,1st year,phd,cloudy,5.75,7.49,43,1,none
5912,22,male,nursing,3rd year,no formal,cloudy,5.08,6.35,23,0,no reason
5913,18,male,diploma,3rd year,no formal,sunny,4.12,5.2,56,0,travel
5914,21,female,b.tech,4th year,phd,cloudy,2.23,7.51,85,1,none
5915,17,female,b.sc,2nd year,graduate,rainy,5.1,7.41,36,1,none
5920,18,male,b.tech,3rd year,high school,cloudy,1.03,4.36,38,0,festival
5921,23,male,bba,1st year,phd,cold,3.16,7.3,84,0,festival
5923,24,female,b.tech,1st year,post graduate,cloudy,4.36,6.56,21,1,none
5924,24,male,ba,4th year,high school,cold,4.06,4.47,31,0,travel
5926,22,male,bba,3rd year,no formal,cold,2.68,9.13,16,0,no reason
5929,19,female,ba,1st year,phd,cloudy,2.78,8.49,27,1,none
5930,24,female,bca,2nd year,phd,sunny,0.79,9.1,72,1,none
5933,19,female,bba,2nd year,high school,hot,5.77,4.29,10,1,none
5934,23,male,b.com,4th year,no formal,hot,2.41,8.89,10,1,none
5935,19,male,bba,3rd year,graduate,cold,0.19,4.12,5,1,none
5936,18,female,bba,2nd year,post graduate,hot,0.9,8.26,64,0,project work
5937,21,male,b.tech,1st year,post graduate,sunny,1.26,6.58,5,0,sick
5939,18,female,bba,4th year,no formal,rainy,1.89,4.99,61,0,no reason
5941,20,male,b.tech,4th year,no formal,hot,3.58,9.35,61,1,none
5942,18,male,b.com,3rd year,post graduate,rainy,1.05,5.85,56,0,personal work
5943,22,female,ba,3rd year,graduate,sunny,0.38,7.73,5,0,travel
5944,19,male,nursing,2nd year,high school,sunny,5.89,4.88,63,0,none
5946,19,female,ba,1st year,high school,sunny,1.65,9.43,20,1,none
5949,21,male,pharmacy,1st year,graduate,cloudy,0.66,8.72,30,0,personal work
5951,23,male,bca,2nd year,phd,sunny,4.01,9.15,62,1,none
5955,22,female,ba,1st year,high school,sunny,0.92,8.43,17,1,none
5956,18,male,bca,2nd year,phd,hot,0.85,4.71,67,0,travel
5957,22,male,b.tech,1st year,high school,cold,1.77,5.11,50,1,none
5958,21,male,pharmacy,2nd year,post graduate,hot,3.69,9.29,42,1,none
5960,18,female,b.com,3rd year,post graduate,rainy,4.18,4.12,32,0,personal work
5961,21,male,pharmacy,1st year,post graduate,rainy,4.56,4.85,71,1,none
5962,23,male,bca,1st year,no formal,hot,0.79,6.12,10,1,none
5963,19,male,diploma,2nd year,phd,hot,1.77,4.93,13,0,project work
5964,22,male,b.com,3rd year,high school,hot,2.28,6.46,34,1,none
5967,21,female,bca,4th year,high school,cold,3.46,9.47,38,0,sick
5969,17,female,pharmacy,1st year,graduate,hot,2.21,5.73,31,1,none
5970,22,male,b.tech,4th year,phd,rainy,1.53,7.82,44,0,sick
5972,20,male,b.tech,3rd year,phd,cold,5.28,7.84,55,1,none
5975,21,male,b.sc,3rd year,phd,rainy,4.29,6.41,72,1,none
5976,24,male,diploma,2nd year,phd,hot,5.72,6.73,73,0,sick
5977,18,female,ba,4th year,graduate,rainy,1.25,5.51,49,1,none
5979,21,male,ba,2nd year,post graduate,cold,3.87,7.92,74,1,none
5981,23,female,bba,1st year,no formal,rainy,0.49,5.11,52,0,sick
5983,23,female,b.com,1st year,graduate,cloudy,5.07,5.85,21,1,none
5984,18,female,bba,1st year,phd,rainy,3.71,6.72,56,0,sick
5985,19,female,nursing,4th year,post graduate,cloudy,3.87,9.22,19,0,sick
5986,24,male,diploma,3rd year,high school,sunny,3.87,9.62,64,1,none
5987,21,male,b.tech,4th year,post graduate,hot,4.12,5.46,8,1,none
5988,23,male,bca,1st year,graduate,hot,4.64,7.61,5,1,none
5990,17,female,b.sc,3rd year,post graduate,cold,2.43,5.36,30,0,travel
5991,20,female,ba,2nd year,phd,rainy,1.89,5.11,29,0,none
5994,18,male,diploma,1st year,post graduate,cloudy,4.37,9.54,56,0,personal work
5995,18,female,nursing,1st year,phd,sunny,0.86,7.63,40,0,personal work
5996,23,female,bba,3rd year,high school,cold,5.63,5.58,71,1,none
5999,17,female,diploma,4th year,graduate,hot,5.79,5.78,31,1,none
6000,21,male,pharmacy,4th year,graduate,rainy,0.95,4.51,12,0,sick
6001,23,female,nursing,1st year,no formal,cloudy,4.83,5.15,28,1,none
6002,22,male,bba,2nd year,post graduate,hot,1.34,4.43,67,1,none
6006,19,male,b.tech,1st year,no formal,rainy,4.22,4.06,83,1,none
6007,22,female,b.sc,2nd year,graduate,cloudy,2.34,7.32,40,1,none
6009,17,female,b.tech,4th year,high school,cloudy,3.1,9.32,64,1,none
6011,23,female,pharmacy,1st year,no formal,cold,5.93,7.33,24,1,none
6012,22,female,bca,3rd year,phd,rainy,5.43,6.27,48,0,no reason
6013,21,female,nursing,4th year,no formal,hot,5.58,6.88,54,1,none
6014,21,male,b.com,4th year,no formal,hot,5.39,4.06,17,1,none
6015,17,female,ba,1st year,phd,cloudy,3.24,8.1,56,0,sick
6016,19,male,bca,3rd year,phd,cold,3.01,9.71,64,1,none
6018,23,female,ba,1st year,high school,sunny,5.4,6.43,29,1,none
6019,23,female,pharmacy,3rd year,graduate,hot,5.41,8.39,8,1,none
6021,19,female,b.sc,4th year,high school,hot,5.02,6.72,45,0,sick
6023,24,female,b.tech,2nd year,post graduate,hot,3.33,8.38,14,1,none
6026,20,male,bba,1st year,high school,hot,3.49,7.92,88,0,travel
6027,22,male,diploma,2nd year,phd,hot,5.93,5.13,49,1,none
6029,19,male,b.sc,1st year,graduate,cloudy,1.32,9.83,86,0,festival
6031,22,male,bba,4th year,high school,sunny,1.46,6.17,89,1,none
6034,18,female,diploma,2nd year,graduate,hot,4.19,5.5,44,0,none
6035,17,female,bca,3rd year,phd,sunny,2.53,6.94,71,1,none
6036,21,female,b.tech,1st year,post graduate,cloudy,1.89,5.07,85,0,personal work
6037,19,female,bca,2nd year,phd,rainy,5.93,6.14,61,0,festival
6038,20,female,b.sc,1st year,post graduate,sunny,2.6,7.72,52,1,none
6039,18,male,b.com,3rd year,high school,hot,4.46,6.91,43,1,none
6040,20,male,bca,2nd year,phd,hot,2.26,5.7,39,0,festival
6043,22,female,bba,1st year,post graduate,hot,2.77,7.91,15,1,none
6045,20,female,diploma,2nd year,post graduate,rainy,5.2,9.13,11,0,festival
6046,17,female,nursing,3rd year,high school,hot,1.98,8.14,41,1,none
6047,21,male,bca,3rd year,post graduate,cold,0.05,6.97,39,1,none
6048,18,female,nursing,3rd year,post graduate,cloudy,2.58,5.19,84,1,none
6049,19,male,bba,4th year,no formal,rainy,0.48,9.8,53,0,sick
6051,18,male,b.com,2nd year,phd,cold,0.51,5.13,89,0,travel
6052,20,female,pharmacy,2nd year,phd,cold,3.24,7.98,32,1,none
6053,19,female,b.sc,4th year,graduate,cold,4.88,5.38,62,0,festival
6054,23,male,pharmacy,2nd year,graduate,rainy,1.39,6.14,36,0,personal work
6055,23,female,diploma,4th year,post graduate,cold,0.92,9.82,66,1,none
6056,17,male,pharmacy,1st year,post graduate,rainy,0.71,5.47,14,1,none
6057,21,male,bca,4th year,no formal,cold,2.5,8.93,72,0,project work
6059,20,female,b.com,4th year,no formal,sunny,1.01,8.73,58,0,festival
6060,20,female,b.sc,2nd year,graduate,hot,4.16,6.32,35,1,none
6061,23,male,pharmacy,1st year,no formal,sunny,3.0,6.89,50,1,none
6062,20,male,b.tech,2nd year,phd,sunny,1.53,9.07,70,0,festival
6063,17,female,nursing,2nd year,high school,cloudy,0.13,7.93,9,0,festival
6065,19,male,b.sc,4th year,phd,hot,2.52,7.72,8,1,none
6067,18,male,b.sc,4th year,post graduate,sunny,3.95,9.25,25,1,none
6068,18,female,b.sc,4th year,no formal,hot,5.09,5.62,65,1,none
6069,24,male,bba,1st year,phd,cloudy,2.14,9.27,45,1,none
6075,17,female,bca,1st year,post graduate,rainy,1.35,5.27,38,0,none
6077,18,male,b.tech,2nd year,post graduate,cold,1.1,7.13,35,1,none
6078,21,female,b.sc,3rd year,phd,cloudy,5.07,9.48,75,1,none
6080,24,female,diploma,3rd year,no formal,cold,5.16,9.57,79,1,none
6082,18,female,ba,3rd year,no formal,cold,5.47,5.41,77,1,none
6083,24,female,bba,3rd year,high school,cold,5.64,6.98,63,1,none
6084,22,male,diploma,2nd year,phd,cloudy,2.84,7.65,80,0,no reason
6085,23,male,b.com,1st year,post graduate,cloudy,4.35,6.27,50,1,none
6088,20,female,bca,3rd year,no formal,cold,0.7,8.01,28,0,no reason
6090,18,male,b.sc,2nd year,high school,rainy,2.1,9.94,53,1,none
6092,18,female,b.com,4th year,phd,rainy,3.17,4.69,12,1,none
6093,20,female,b.sc,1st year,graduate,rainy,1.26,6.69,28,1,none
6094,19,male,bba,4th year,high school,cloudy,3.88,4.08,32,1,none
6095,22,female,ba,4th year,phd,rainy,4.59,6.11,64,1,none
6098,23,female,bba,1st year,phd,cold,0.85,7.15,37,0,festival
6099,18,male,ba,3rd year,post graduate,hot,3.87,9.24,17,1,none
6100,18,male,nursing,4th year,high school,cloudy,3.29,8.18,63,0,festival
6101,24,male,ba,1st year,high school,hot,0.68,9.66,32,1,none
6102,20,male,pharmacy,2nd year,no formal,sunny,5.67,6.55,14,1,none
6104,23,male,bba,1st year,high school,sunny,1.86,7.21,32,1,none
6105,22,male,diploma,2nd year,high school,sunny,3.94,6.06,76,1,none
6106,17,male,diploma,1st year,high school,rainy,5.23,6.71,71,1,none
6107,23,female,nursing,1st year,no formal,cloudy,0.96,8.18,19,1,none
6108,21,female,bba,3rd year,post graduate,cloudy,2.75,5.48,30,0,sick
6109,21,male,ba,3rd year,high school,cold,3.93,7.37,14,1,none
6110,23,female,b.com,1st year,no formal,rainy,5.14,9.45,20,0,project work
6111,20,male,bca,1st year,post graduate,cold,5.54,4.33,55,1,none
6113,21,male,bba,4th year,graduate,sunny,5.82,7.59,63,0,project work
6114,18,male,b.com,3rd year,phd,cold,2.22,9.73,38,1,none
6115,18,female,bba,3rd year,high school,sunny,3.72,8.98,67,1,none
6117,18,female,b.sc,1st year,post graduate,cold,3.8,9.22,28,1,none
6118,21,male,bca,4th year,no formal,cloudy,3.11,4.76,82,0,project work
6119,19,female,nursing,4th year,graduate,cloudy,0.38,5.87,11,0,travel
6120,18,male,b.com,3rd year,phd,rainy,1.04,9.43,7,0,none
6121,21,male,ba,1st year,graduate,sunny,2.13,6.32,88,1,none
6124,18,male,ba,3rd year,post graduate,sunny,2.17,5.89,36,0,no reason
6125,18,female,nursing,2nd year,high school,rainy,3.97,5.92,36,0,personal work
6126,18,female,pharmacy,1st year,no formal,hot,4.69,5.91,36,1,none
6129,19,female,b.sc,4th year,no formal,sunny,4.89,7.88,14,1,none
6130,17,male,bba,3rd year,graduate,cold,3.0,6.11,67,0,travel
6131,20,male,bca,1st year,high school,sunny,4.66,5.94,69,1,none
6132,24,male,b.tech,4th year,high school,cloudy,4.35,6.3,51,0,no reason
6136,18,male,ba,4th year,no formal,cloudy,4.8,4.53,56,0,sick
6137,22,male,b.tech,3rd year,no formal,hot,0.09,9.61,35,1,none
6138,17,male,b.com,4th year,high school,cold,2.88,5.72,24,1,none
6139,20,female,bca,1st year,post graduate,hot,3.97,9.63,47,1,none
6140,19,male,pharmacy,4th year,no formal,cloudy,3.41,4.26,37,0,festival
6141,17,female,nursing,1st year,post graduate,cloudy,2.59,9.31,35,1,none
6143,24,male,pharmacy,1st year,high school,hot,0.81,6.58,81,0,no reason
6145,23,female,ba,3rd year,high school,rainy,3.68,9.86,13,1,none
6147,22,male,ba,4th year,no formal,hot,5.75,8.62,88,0,project work
6148,17,male,diploma,1st year,high school,rainy,3.54,6.01,81,0,none
6149,23,male,b.sc,4th year,high school,cloudy,0.05,7.89,24,0,no reason
6152,22,male,b.com,1st year,no formal,sunny,3.93,7.14,82,1,none
6153,19,female,nursing,4th year,no formal,hot,2.93,9.68,8,1,none
6161,18,female,bca,3rd year,high school,cold,1.96,4.43,76,0,none
6162,18,female,bba,1st year,phd,cloudy,0.73,6.89,41,1,none
6163,17,female,ba,1st year,high school,sunny,1.7,4.33,57,0,festival
6165,22,male,ba,4th year,no formal,rainy,0.06,4.58,8,1,none
6167,23,female,b.tech,2nd year,phd,cold,4.9,8.91,9,1,none
6168,23,male,nursing,4th year,high school,rainy,2.41,5.31,7,1,none
6169,23,female,b.tech,2nd year,graduate,cloudy,0.26,6.73,84,0,none
6170,21,male,nursing,2nd year,phd,hot,4.59,5.99,17,0,project work
6172,24,female,b.tech,3rd year,post graduate,cold,0.63,4.2,50,1,none
6173,18,female,pharmacy,1st year,post graduate,cloudy,1.08,7.98,54,0,project work
6174,20,male,diploma,1st year,post graduate,hot,5.68,5.46,67,1,none
6175,20,male,diploma,4th year,post graduate,sunny,3.56,5.51,75,0,travel
6178,23,male,b.sc,2nd year,post graduate,hot,4.35,6.51,13,0,personal work
6180,20,female,bba,1st year,no formal,hot,2.2,8.94,66,0,festival
6181,23,female,diploma,3rd year,high school,hot,5.03,7.89,13,1,none
6182,18,female,bca,3rd year,high school,sunny,1.49,4.23,83,0,personal work
6185,23,female,b.tech,2nd year,phd,sunny,0.55,5.94,7,1,none
6186,20,female,bba,4th year,post graduate,hot,4.54,8.43,33,1,none
6188,18,female,bba,2nd year,graduate,rainy,4.92,6.44,19,1,none
6189,20,female,b.sc,1st year,graduate,sunny,2.81,9.07,24,0,sick
6190,24,female,pharmacy,1st year,no formal,sunny,4.01,6.93,79,1,none
6191,17,female,nursing,2nd year,no formal,hot,3.29,7.79,23,1,none
6192,19,male,pharmacy,2nd year,no formal,rainy,4.52,5.19,14,0,project work
6193,17,male,nursing,2nd year,no formal,cloudy,4.46,5.78,61,0,no reason
6194,19,female,bca,4th year,high school,cloudy,4.06,6.87,70,0,personal work
6195,20,male,b.com,3rd year,graduate,rainy,0.9,5.98,64,0,sick
6196,21,female,b.sc,1st year,phd,rainy,5.27,9.16,81,0,project work
6198,18,male,pharmacy,1st year,post graduate,cloudy,1.99,9.32,11,0,personal work
6199,18,female,ba,1st year,high school,sunny,4.05,5.42,14,0,personal work
6201,24,male,b.sc,1st year,graduate,cloudy,2.03,8.21,69,0,project work
6203,18,male,bca,4th year,no formal,hot,1.9,6.76,41,1,none
6205,24,female,diploma,1st year,high school,hot,1.25,8.75,37,1,none
6206,22,male,ba,4th year,no formal,cold,5.14,4.42,10,1,none
6208,19,male,b.com,3rd year,high school,rainy,3.34,7.67,26,1,none
6209,22,female,b.sc,1st year,phd,cold,5.6,7.57,33,0,festival
6210,17,female,bca,1st year,post graduate,hot,5.06,6.59,83,0,festival
6212,21,female,bca,4th year,graduate,sunny,4.01,9.15,64,0,personal work
6214,22,female,ba,4th year,phd,cloudy,0.98,8.0,32,1,none
6215,22,female,b.tech,2nd year,no formal,sunny,4.19,9.03,65,1,none
6216,20,female,nursing,4th year,high school,hot,4.17,8.19,71,1,none
6218,17,female,pharmacy,4th year,post graduate,rainy,1.3,4.66,26,0,festival
6219,24,male,b.tech,1st year,graduate,cold,4.91,5.01,13,1,none
6221,19,female,ba,4th year,no formal,rainy,2.06,6.4,82,0,none
6222,22,female,b.tech,1st year,phd,hot,0.15,5.2,72,0,no reason
6223,19,male,ba,4th year,high school,cold,4.3,7.44,63,1,none
6225,22,male,diploma,3rd year,high school,rainy,1.89,4.17,24,1,none
6227,22,male,b.com,2nd year,no formal,sunny,0.61,4.75,89,0,travel
6228,17,female,ba,3rd year,post graduate,cloudy,1.34,8.79,15,1,none
6229,20,male,b.sc,1st year,phd,cold,4.71,6.41,44,0,none
6230,20,female,bba,2nd year,high school,sunny,5.79,4.24,35,0,none
6232,18,female,bba,2nd year,graduate,cloudy,0.88,6.27,18,1,none
6233,18,female,nursing,1st year,high school,cold,2.25,7.89,9,0,festival
6234,23,male,nursing,1st year,graduate,sunny,0.08,5.89,14,0,sick
6236,23,female,b.tech,1st year,high school,hot,1.71,5.09,37,0,sick
6237,19,female,ba,1st year,high school,cold,4.02,9.94,16,1,none
6239,19,female,b.sc,3rd year,no formal,hot,2.72,7.95,65,0,none
6241,18,male,pharmacy,2nd year,graduate,rainy,3.92,6.68,67,0,none
6242,24,female,b.sc,1st year,graduate,cold,3.33,7.08,34,1,none
6243,19,female,ba,3rd year,post graduate,rainy,5.51,8.54,6,1,none
6244,23,male,nursing,1st year,graduate,rainy,0.05,8.43,89,0,travel
6245,19,female,b.tech,1st year,high school,cloudy,3.71,9.39,56,1,none
6251,18,male,b.com,2nd year,high school,sunny,5.07,8.75,62,0,travel
6253,21,female,b.com,4th year,graduate,cold,5.81,4.28,80,0,no reason
6255,18,female,ba,2nd year,post graduate,cloudy,3.67,4.27,12,0,none
6256,21,male,diploma,3rd year,no formal,cloudy,2.41,6.62,14,0,project work
6257,22,female,b.com,1st year,no formal,hot,3.31,7.19,29,1,none
6259,24,male,b.com,3rd year,post graduate,rainy,0.47,5.23,22,1,none
6260,17,female,bba,3rd year,high school,rainy,1.83,8.13,27,1,none
6261,20,female,nursing,2nd year,phd,hot,5.93,6.56,6,1,none
6262,18,female,pharmacy,3rd year,no formal,cold,1.64,9.92,15,1,none
6264,21,male,diploma,3rd year,high school,rainy,5.15,9.59,68,1,none
6265,17,female,diploma,1st year,graduate,cloudy,4.64,4.88,34,1,none
6267,17,female,diploma,4th year,high school,cold,2.58,4.22,8,0,no reason
6268,19,male,bca,3rd year,high school,cold,1.55,9.47,23,1,none
6269,22,male,bba,3rd year,post graduate,rainy,1.32,5.52,18,0,no reason
6270,21,female,b.com,2nd year,graduate,cloudy,4.44,4.68,84,0,no reason
6272,21,male,b.sc,3rd year,no formal,sunny,5.91,8.97,7,1,none
6273,23,male,diploma,2nd year,phd,cloudy,2.16,8.41,52,0,sick
6274,21,female,b.tech,1st year,phd,cloudy,1.18,5.09,34,1,none
6275,17,male,b.sc,2nd year,graduate,hot,3.24,6.62,89,1,none
6276,17,male,b.com,1st year,post graduate,cloudy,2.27,9.07,58,0,none
6277,23,male,b.sc,3rd year,post graduate,hot,1.16,8.44,14,1,none
6278,17,female,diploma,3rd year,phd,hot,3.33,4.58,39,1,none
6280,17,male,bba,3rd year,no formal,sunny,0.26,8.85,54,1,none
6283,18,male,bca,3rd year,phd,cold,1.69,9.42,82,1,none
6285,24,male,bba,3rd year,post graduate,cloudy,2.01,8.49,70,1,none
6289,23,female,nursing,4th year,high school,rainy,1.23,7.78,85,1,none
6290,20,female,b.com,1st year,phd,cloudy,1.37,4.89,77,0,none
6291,22,male,b.sc,2nd year,post graduate,hot,0.79,8.24,54,0,festival
6292,17,female,bba,3rd year,no formal,cold,4.05,8.36,39,1,none
6294,17,male,b.sc,1st year,phd,cold,4.12,9.54,68,1,none
6295,22,male,diploma,1st year,graduate,sunny,4.99,4.66,35,1,none
6297,23,female,bca,1st year,post graduate,rainy,2.03,6.2,72,0,sick
6298,19,female,diploma,3rd year,high school,rainy,2.19,6.72,72,0,personal work
6299,18,male,ba,2nd year,phd,cold,2.26,6.63,83,1,none
6300,19,male,bba,1st year,high school,cold,0.51,6.06,70,0,no reason
6302,18,female,diploma,1st year,phd,hot,5.58,9.12,70,0,personal work
6304,19,female,nursing,4th year,post graduate,cold,3.51,4.65,49,0,festival
6305,19,female,ba,1st year,post graduate,hot,5.67,4.69,8,1,none
6306,23,male,b.tech,4th year,post graduate,cloudy,1.46,6.59,5,1,none
6307,17,female,nursing,3rd year,post graduate,cloudy,4.05,4.24,13,0,personal work
6308,20,male,bca,3rd year,phd,hot,3.02,9.0,46,0,none
6310,20,female,b.com,1st year,high school,rainy,3.38,7.26,56,1,none
6312,17,female,nursing,4th year,phd,sunny,5.14,5.87,35,0,festival
6313,17,female,b.tech,2nd year,post graduate,cloudy,3.56,8.41,77,0,no reason
6314,23,female,bca,3rd year,post graduate,cloudy,4.82,9.4,16,1,none
6315,17,female,bba,2nd year,high school,cold,4.29,6.3,88,1,none
6316,23,female,bca,4th year,no formal,rainy,3.74,5.92,70,1,none
6319,19,male,b.com,1st year,no formal,sunny,4.93,4.11,52,0,sick
6320,23,male,bba,4th year,no formal,cold,1.47,7.36,51,0,festival
6321,24,male,b.com,3rd year,post graduate,rainy,3.22,4.1,49,0,travel
6323,24,male,ba,2nd year,high school,cloudy,1.61,9.69,88,1,none
6324,24,female,diploma,3rd year,no formal,hot,0.21,4.72,7,0,festival
6326,17,male,b.sc,1st year,no formal,hot,3.93,4.22,48,1,none
6327,22,male,bca,2nd year,graduate,hot,5.0,5.03,80,0,none
6328,17,male,b.sc,4th year,no formal,sunny,5.93,7.58,33,1,none
6329,21,male,b.com,2nd year,no formal,rainy,3.89,7.1,86,1,none
6330,17,male,diploma,2nd year,phd,cold,2.32,7.65,70,1,none
6331,22,female,b.com,1st year,graduate,cloudy,3.22,5.71,48,0,sick
6333,17,male,ba,2nd year,no formal,cold,1.18,9.24,82,0,personal work
6334,17,female,ba,4th year,graduate,cloudy,3.85,5.58,5,1,none
6335,18,male,diploma,3rd year,high school,rainy,3.14,7.88,36,0,sick
6336,21,male,diploma,2nd year,high school,sunny,2.64,5.48,69,1,none
6337,17,female,b.tech,3rd year,high school,hot,4.17,8.72,32,1,none
6339,21,male,diploma,4th year,graduate,cold,4.35,9.39,10,1,none
6342,22,male,diploma,4th year,post graduate,sunny,0.84,4.95,53,0,festival
6343,22,male,bca,1st year,no formal,cloudy,2.49,6.73,84,1,none
6344,18,male,ba,4th year,high school,rainy,5.81,8.07,25,0,sick
6346,21,male,bca,4th year,high school,cold,3.47,7.0,30,0,sick
6347,24,female,bba,4th year,no formal,sunny,1.74,9.86,73,0,none
6348,20,female,b.tech,3rd year,high school,sunny,5.93,5.09,31,0,festival
6349,22,male,bca,2nd year,high school,sunny,1.56,5.7,59,0,festival
6350,19,male,b.sc,4th year,phd,cold,4.84,5.57,54,0,no reason
6351,17,male,pharmacy,2nd year,no formal,sunny,3.19,8.67,52,1,none
6352,18,male,b.sc,4th year,graduate,cloudy,3.85,9.5,88,1,none
6353,23,female,b.tech,3rd year,no formal,cloudy,2.23,8.76,76,0,sick
6355,19,female,ba,3rd year,graduate,cold,3.57,4.45,41,0,project work
6356,22,male,ba,1st year,high school,cloudy,0.76,6.11,17,1,none
6357,17,male,pharmacy,1st year,phd,hot,4.11,5.24,42,0,project work
6360,21,female,b.sc,3rd year,post graduate,hot,1.4,8.88,41,1,none
6361,24,female,bca,1st year,post graduate,cloudy,1.83,8.19,48,1,none
6362,23,male,b.sc,3rd year,graduate,rainy,0.41,8.45,35,0,project work
6364,23,male,b.sc,1st year,post graduate,hot,5.93,7.5,50,1,none
6365,20,male,b.com,1st year,high school,cloudy,4.29,8.51,15,1,none
6367,18,male,nursing,3rd year,graduate,hot,1.98,4.58,57,0,festival
6368,17,male,diploma,3rd year,graduate,sunny,2.32,5.42,31,0,none
6369,17,female,diploma,2nd year,no formal,cloudy,0.09,7.98,17,1,none
6370,24,male,bba,4th year,high school,sunny,1.45,6.08,76,1,none
6371,17,male,b.com,1st year,post graduate,cold,4.51,9.48,79,1,none
6372,24,female,b.com,2nd year,post graduate,cold,5.15,4.64,20,1,none
6373,22,male,b.sc,1st year,no formal,sunny,4.59,6.67,48,1,none
6375,23,male,nursing,4th year,phd,sunny,5.68,6.1,12,1,none
6376,18,female,bba,4th year,no formal,cold,2.23,8.42,62,0,no reason
6377,18,male,bca,1st year,graduate,hot,0.94,7.14,34,0,none
6381,18,male,ba,3rd year,no formal,sunny,2.99,6.19,15,1,none
6382,21,male,diploma,2nd year,phd,rainy,0.31,9.73,7,1,none
6385,21,male,b.com,1st year,post graduate,cold,5.61,4.42,23,0,festival
6386,20,male,nursing,3rd year,graduate,sunny,4.94,7.12,17,0,none
6387,22,female,bba,1st year,graduate,sunny,5.73,5.75,45,1,none
6388,18,female,nursing,4th year,no formal,cold,4.16,8.02,59,0,festival
6389,22,female,b.com,4th year,post graduate,rainy,1.22,4.86,70,0,no reason
6391,20,female,b.tech,3rd year,graduate,sunny,1.79,7.7,34,0,personal work
6394,21,female,b.tech,3rd year,post graduate,cold,5.55,8.9,68,0,personal work
6396,21,female,bca,1st year,post graduate,rainy,3.6,9.9,73,1,none
6397,18,male,nursing,3rd year,high school,sunny,4.99,8.31,47,0,none
6398,21,male,pharmacy,3rd year,high school,sunny,1.22,6.2,49,0,personal work
6399,24,female,b.com,2nd year,phd,rainy,4.12,4.47,37,1,none
6402,19,male,diploma,1st year,phd,rainy,4.82,6.93,14,1,none
6403,24,male,diploma,2nd year,no formal,cloudy,3.85,5.89,60,1,none
6404,23,female,b.tech,1st year,no formal,cold,5.2,8.47,37,0,festival
6405,24,female,b.sc,2nd year,no formal,sunny,2.81,5.73,31,0,sick
6407,22,male,bba,4th year,post graduate,rainy,1.59,5.62,58,0,none
6409,24,female,nursing,1st year,post graduate,hot,5.42,6.1,17,1,none
6410,23,female,b.tech,2nd year,post graduate,sunny,5.54,5.39,44,1,none
6411,20,female,bca,1st year,phd,rainy,0.33,6.92,17,0,travel
6413,17,female,bba,2nd year,post graduate,cloudy,5.93,6.65,17,1,none
6414,18,female,b.tech,2nd year,post graduate,cold,2.52,7.58,14,1,none
6416,18,male,b.sc,4th year,graduate,cold,2.82,7.4,83,0,no reason
6417,17,female,pharmacy,4th year,no formal,cloudy,2.4,8.2,42,0,personal work
6420,22,male,b.sc,3rd year,high school,rainy,3.83,9.58,61,0,festival
6423,22,female,bca,3rd year,phd,cloudy,5.88,5.37,78,0,personal work
6425,23,female,bba,4th year,post graduate,rainy,2.88,7.61,58,0,sick
6426,24,female,b.tech,1st year,graduate,cloudy,2.33,9.16,19,0,travel
6427,21,female,b.com,2nd year,phd,sunny,4.59,9.52,16,1,none
6428,22,male,b.sc,2nd year,graduate,sunny,1.34,8.99,11,1,none
6430,23,male,ba,3rd year,high school,rainy,4.45,9.57,85,1,none
6431,22,male,nursing,3rd year,post graduate,sunny,3.18,9.49,9,1,none
6434,21,female,b.com,3rd year,no formal,cloudy,4.38,4.93,57,1,none
6435,17,female,pharmacy,3rd year,graduate,rainy,5.45,9.09,59,0,festival
6436,23,female,b.com,1st year,no formal,sunny,0.34,7.4,86,0,none
6437,19,female,pharmacy,3rd year,graduate,sunny,2.95,4.31,28,1,none
6438,17,female,bca,3rd year,graduate,cold,3.81,5.61,59,1,none
6439,19,female,b.com,4th year,phd,cloudy,5.78,6.18,29,0,project work
6440,23,female,bca,2nd year,no formal,hot,4.3,5.9,52,0,personal work
6441,19,female,b.sc,4th year,high school,cold,4.24,9.23,82,0,no reason
6444,17,female,b.com,1st year,phd,cloudy,1.62,6.15,53,0,none
6445,23,female,b.sc,1st year,graduate,cold,5.35,5.48,6,1,none
6446,19,male,ba,1st year,high school,cold,3.54,8.17,73,0,travel
6447,22,male,diploma,4th year,graduate,rainy,1.34,5.51,36,1,none
6449,18,female,b.tech,3rd year,high school,rainy,3.0,7.09,60,1,none
6450,23,male,b.tech,1st year,phd,hot,2.48,6.92,61,0,project work
6451,23,female,b.com,2nd year,high school,hot,1.74,6.59,81,0,project work
6453,22,female,b.com,4th year,graduate,cloudy,0.05,6.94,51,0,sick
6455,18,female,b.com,4th year,no formal,hot,1.48,7.53,80,0,personal work
6456,19,male,pharmacy,2nd year,high school,cloudy,0.67,4.82,46,0,sick
6457,22,male,pharmacy,4th year,no formal,sunny,1.59,6.64,78,0,sick
6458,19,male,diploma,2nd year,post graduate,cloudy,3.29,7.11,78,1,none
6461,20,female,b.sc,1st year,high school,cloudy,5.12,4.39,70,1,none
6463,17,female,diploma,4th year,phd,cold,2.27,8.9,45,1,none
6466,19,female,b.com,2nd year,high school,hot,3.39,4.36,34,0,travel
6467,17,female,ba,2nd year,graduate,rainy,0.72,5.88,17,0,sick
6468,21,male,diploma,2nd year,high school,sunny,5.13,6.21,46,1,none
6471,18,male,b.tech,3rd year,high school,cold,5.34,9.2,53,0,personal work
6473,24,male,nursing,1st year,phd,cold,0.81,4.48,62,0,festival
6474,18,female,ba,1st year,post graduate,cold,2.42,7.93,27,0,none
6476,18,male,nursing,2nd year,post graduate,cold,1.44,9.74,47,0,project work
6477,19,male,pharmacy,4th year,post graduate,cold,4.57,9.5,41,1,none
6478,22,female,bba,3rd year,high school,cloudy,3.25,9.85,20,1,none
6479,19,male,bca,2nd year,graduate,cold,1.68,6.24,86,0,project work
6480,22,female,b.sc,2nd year,post graduate,cloudy,5.04,9.56,20,1,none
6481,24,male,pharmacy,3rd year,phd,sunny,3.46,4.68,77,1,none
6482,24,male,nursing,2nd year,post graduate,sunny,4.99,7.57,80,0,project work
6483,21,male,ba,3rd year,high school,cloudy,0.19,6.44,69,0,sick
6486,23,male,ba,1st year,phd,cold,0.55,4.76,10,1,none
6487,19,male,diploma,2nd year,high school,sunny,5.22,7.87,44,1,none
6489,17,male,b.com,3rd year,high school,sunny,3.58,5.9,83,1,none
6490,24,female,nursing,4th year,no formal,sunny,4.21,7.1,35,1,none
6492,19,male,b.tech,3rd year,no formal,sunny,4.66,5.97,84,1,none
6494,19,male,b.tech,4th year,phd,sunny,3.61,9.8,5,1,none
6495,23,male,nursing,4th year,no formal,cold,1.68,5.08,65,0,personal work
6496,21,female,b.com,4th year,high school,cloudy,1.38,4.2,15,0,personal work
6498,19,female,diploma,2nd year,no formal,sunny,1.81,8.64,14,0,project work
6499,20,male,nursing,4th year,high school,hot,4.27,9.31,54,1,none
6500,17,male,ba,1st year,phd,cold,5.81,9.93,70,1,none
6502,21,female,pharmacy,3rd year,graduate,cold,5.43,4.2,69,1,none
6503,21,male,pharmacy,2nd year,phd,rainy,5.39,5.06,25,1,none
6504,20,female,bba,3rd year,no formal,cold,0.93,8.89,59,1,none
6505,19,female,b.tech,1st year,phd,cold,2.31,4.1,17,0,travel
6506,24,male,pharmacy,1st year,graduate,cold,5.93,7.62,51,0,none
6507,20,male,bca,2nd year,post graduate,rainy,1.21,6.95,60,0,none
6510,19,male,pharmacy,2nd year,high school,hot,1.01,8.73,54,0,festival
6511,23,male,diploma,4th year,phd,cold,0.62,6.32,12,1,none
6512,17,female,b.sc,2nd year,high school,cloudy,0.49,5.44,70,0,personal work
6513,17,female,ba,4th year,high school,hot,1.63,5.24,17,1,none
6514,23,female,ba,1st year,post graduate,cloudy,5.91,5.75,10,1,none
6516,19,male,bba,2nd year,phd,hot,0.5,4.37,26,1,none
6517,21,male,nursing,2nd year,high school,rainy,2.91,8.12,29,0,travel
6520,17,male,ba,2nd year,graduate,cold,0.93,7.35,61,0,project work
6521,17,female,nursing,4th year,phd,sunny,4.43,6.06,33,1,none
6522,18,female,bba,4th year,phd,cold,0.86,9.85,68,0,sick
6523,22,male,diploma,4th year,post graduate,cold,2.6,8.75,84,1,none
6525,17,male,ba,1st year,graduate,sunny,3.55,5.69,52,1,none
6526,17,female,bca,1st year,high school,rainy,3.39,9.94,71,0,none
6527,20,female,ba,1st year,no formal,sunny,0.73,4.35,15,0,none
6529,19,male,b.sc,1st year,post graduate,sunny,0.12,4.8,89,1,none
6530,17,male,nursing,2nd year,phd,cold,0.78,9.26,79,0,personal work
6531,18,female,b.tech,3rd year,phd,hot,2.71,7.86,34,1,none
6533,18,female,bba,1st year,phd,sunny,5.25,4.52,11,1,none
6535,23,female,bba,1st year,post graduate,cloudy,1.29,5.16,73,1,none
6536,19,male,pharmacy,2nd year,post graduate,sunny,1.22,4.43,42,0,personal work
6537,24,female,ba,4th year,post graduate,cold,4.37,8.3,27,1,none
6541,24,male,b.tech,4th year,no formal,sunny,5.13,5.16,87,1,none
6542,19,female,diploma,3rd year,post graduate,cloudy,2.63,7.36,51,0,sick
6543,21,female,nursing,4th year,high school,sunny,3.56,5.59,63,0,project work
6544,18,female,pharmacy,2nd year,no formal,rainy,5.25,7.1,29,1,none
6547,22,male,diploma,1st year,phd,rainy,1.29,4.84,72,0,festival
6548,21,male,nursing,4th year,no formal,cold,2.48,4.06,25,0,festival
6549,22,female,bba,3rd year,phd,hot,4.3,6.47,70,1,none
6552,18,female,b.com,1st year,graduate,cold,1.7,6.72,10,1,none
6553,20,female,nursing,2nd year,high school,rainy,3.43,9.04,12,1,none
6556,18,male,b.sc,4th year,high school,hot,5.22,7.65,27,0,sick
6557,19,male,nursing,4th year,graduate,cold,1.78,6.48,33,0,personal work
6558,24,female,b.tech,2nd year,graduate,cloudy,3.9,5.72,8,0,personal work
6559,17,female,b.com,3rd year,phd,hot,3.25,8.01,40,1,none
6560,22,male,b.tech,4th year,graduate,cloudy,3.49,5.95,65,1,none
6561,22,male,bba,1st year,post graduate,cloudy,3.55,9.12,17,1,none
6562,20,male,nursing,3rd year,phd,rainy,3.08,7.77,27,0,travel
6563,17,male,ba,2nd year,phd,cold,3.99,4.12,58,0,project work
6564,17,female,bba,3rd year,graduate,rainy,3.51,4.38,88,0,project work
6566,17,male,bba,3rd year,phd,cloudy,1.32,6.45,65,0,travel
6567,17,male,diploma,2nd year,post graduate,rainy,5.45,5.25,8,1,none
6568,18,male,b.com,4th year,no formal,sunny,1.29,9.58,53,0,project work
6570,23,female,b.sc,3rd year,post graduate,cold,4.3,7.33,42,1,none
6571,22,female,b.sc,2nd year,post graduate,cold,0.76,8.26,31,0,no reason
6572,17,male,b.tech,1st year,phd,cloudy,1.34,6.5,20,0,project work
6574,18,male,b.tech,2nd year,phd,cloudy,2.69,8.7,40,1,none
6577,17,female,b.com,3rd year,no formal,cold,3.87,6.31,68,0,sick
6580,20,female,nursing,3rd year,phd,cloudy,3.68,4.22,58,0,none
6582,21,female,ba,1st year,phd,cloudy,1.39,4.7,71,1,none
6583,22,female,diploma,3rd year,post graduate,cold,3.76,8.3,8,1,none
6584,22,female,pharmacy,4th year,graduate,rainy,0.25,4.78,80,0,no reason
6585,21,female,nursing,2nd year,no formal,hot,3.18,5.44,10,0,no reason
6586,21,male,ba,2nd year,graduate,sunny,4.63,9.94,22,1,none
6587,20,male,ba,2nd year,high school,rainy,5.54,6.71,49,0,project work
6588,18,male,ba,3rd year,high school,cloudy,4.05,7.85,15,0,festival
6589,20,male,b.tech,3rd year,high school,cloudy,5.64,8.13,15,1,none
6591,24,male,diploma,3rd year,phd,rainy,2.52,9.88,38,0,festival
6593,23,female,ba,1st year,no formal,cold,2.21,8.5,63,0,travel
6594,24,female,b.tech,2nd year,high school,hot,0.58,8.08,47,1,none
6595,20,male,b.com,1st year,no formal,sunny,1.48,5.92,31,0,project work
6597,20,female,bba,3rd year,post graduate,hot,2.52,5.02,82,0,festival
6598,18,female,b.com,3rd year,high school,cloudy,3.23,8.05,34,0,personal work
6599,17,female,pharmacy,1st year,graduate,cloudy,2.23,4.19,53,0,travel
6601,24,female,ba,4th year,no formal,rainy,0.65,8.85,7,0,sick
6602,20,female,bba,4th year,high school,hot,1.48,9.07,77,1,none
6606,23,male,bba,2nd year,graduate,sunny,3.41,4.23,84,1,none
6608,17,male,bba,2nd year,high school,hot,4.31,5.78,48,0,no reason
6609,22,female,b.sc,2nd year,post graduate,hot,1.08,5.5,10,0,no reason
6610,19,female,nursing,4th year,graduate,hot,0.49,4.06,18,0,festival
6611,17,male,diploma,3rd year,no formal,cold,4.65,7.16,86,0,project work
6612,24,male,b.tech,1st year,high school,cold,3.86,4.29,23,0,travel
6615,17,male,bca,3rd year,graduate,hot,1.14,4.34,71,0,no reason
6616,20,female,bba,4th year,graduate,rainy,2.95,9.62,38,0,festival
6617,21,male,pharmacy,4th year,no formal,hot,0.9,8.28,31,0,travel
6618,19,female,b.sc,3rd year,phd,sunny,5.88,7.62,9,1,none
6619,17,male,bba,4th year,no formal,rainy,2.63,7.05,55,0,project work
6621,24,female,b.sc,2nd year,high school,sunny,4.91,9.54,82,0,travel
6622,23,female,b.com,3rd year,graduate,rainy,5.77,6.52,15,1,none
6624,21,female,b.tech,4th year,phd,rainy,0.48,8.39,85,0,sick
6625,21,male,b.sc,4th year,phd,cold,5.77,9.17,36,1,none
6626,23,female,pharmacy,4th year,no formal,hot,2.69,4.79,48,1,none
6628,20,female,b.tech,2nd year,graduate,cold,2.29,4.55,32,1,none
6629,19,male,nursing,4th year,phd,cloudy,0.56,7.78,78,0,none
6630,20,male,bba,1st year,high school,hot,2.02,7.03,79,0,travel
6631,17,male,bba,1st year,graduate,rainy,5.93,9.76,43,1,none
6633,22,male,b.com,4th year,graduate,cloudy,3.44,6.47,44,0,none
6635,17,male,bca,4th year,high school,hot,1.42,5.93,9,0,personal work
6636,17,female,b.com,2nd year,post graduate,sunny,2.5,8.47,64,1,none
6638,23,female,b.sc,4th year,phd,cold,1.96,4.13,65,0,sick
6639,19,male,b.com,2nd year,no formal,cloudy,3.09,5.19,16,0,no reason
6640,19,male,b.tech,4th year,graduate,rainy,5.3,8.27,33,1,none
6641,17,male,bba,4th year,no formal,sunny,3.27,8.14,49,0,none
6643,20,male,b.com,1st year,post graduate,cloudy,2.22,6.6,50,1,none
6644,23,male,b.tech,4th year,post graduate,cloudy,4.23,5.74,9,1,none
6646,18,female,b.sc,2nd year,no formal,cloudy,1.82,6.21,56,1,none
6648,21,male,bba,2nd year,phd,sunny,1.47,6.26,19,0,sick
6649,21,female,ba,2nd year,post graduate,hot,1.87,5.86,47,1,none
6650,18,male,diploma,3rd year,high school,cloudy,0.81,7.98,29,1,none
6651,23,female,ba,1st year,high school,rainy,1.45,5.43,58,0,travel
6652,24,male,bca,3rd year,post graduate,rainy,5.84,6.99,62,1,none
6654,17,female,b.sc,4th year,post graduate,cold,4.48,4.45,22,0,project work
6655,23,male,b.sc,4th year,phd,rainy,2.82,5.51,32,0,no reason
6657,21,male,b.sc,4th year,high school,sunny,2.31,7.83,38,1,none
6659,18,female,nursing,4th year,high school,rainy,5.02,6.22,71,1,none
6661,24,male,b.sc,3rd year,phd,hot,4.3,6.37,89,0,project work
6663,19,female,pharmacy,3rd year,phd,cloudy,3.44,6.14,16,0,sick
6664,22,female,ba,4th year,high school,hot,4.55,4.61,87,0,no reason
6665,17,female,diploma,3rd year,phd,hot,2.61,4.24,83,0,festival
6666,17,male,bca,1st year,high school,cold,0.88,8.43,19,0,sick
6667,18,male,bba,3rd year,no formal,sunny,2.69,4.06,50,1,none
6668,20,male,ba,3rd year,graduate,rainy,2.89,8.85,25,1,none
6669,19,female,b.com,4th year,graduate,cold,3.52,5.72,83,0,personal work
6670,18,female,b.com,4th year,high school,hot,1.42,9.16,68,1,none
6671,19,female,ba,1st year,high school,rainy,2.31,6.19,68,1,none
6673,21,male,nursing,4th year,high school,cloudy,1.14,5.29,71,1,none
6676,23,male,bba,1st year,phd,sunny,5.75,5.85,88,1,none
6678,24,male,bca,1st year,no formal,cloudy,3.35,4.43,37,1,none
6679,21,male,nursing,4th year,graduate,cloudy,3.89,4.92,33,0,no reason
6681,19,male,diploma,4th year,post graduate,hot,1.29,5.93,77,1,none
6682,22,male,bba,1st year,graduate,sunny,1.6,8.58,68,0,festival
6683,23,male,b.tech,1st year,no formal,sunny,2.75,4.77,66,0,sick
6684,19,male,b.sc,3rd year,no formal,sunny,5.79,7.36,45,1,none
6685,18,male,diploma,1st year,phd,cold,3.42,5.46,44,1,none
6687,17,male,diploma,3rd year,high school,hot,2.06,6.17,35,1,none
6689,21,male,b.tech,4th year,phd,rainy,0.6,4.96,36,0,personal work
6692,23,female,bba,1st year,graduate,rainy,4.45,6.0,27,1,none
6694,18,male,ba,2nd year,graduate,rainy,1.74,5.67,67,0,none
6696,24,male,b.com,1st year,post graduate,sunny,5.62,7.65,20,1,none
6697,23,female,b.tech,2nd year,graduate,cold,3.76,6.92,28,1,none
6700,24,male,b.tech,4th year,graduate,sunny,5.69,4.29,37,1,none
6708,18,male,ba,2nd year,no formal,cloudy,0.59,6.7,23,0,festival
6710,19,male,ba,4th year,no formal,hot,0.97,6.04,89,0,festival
6711,19,female,b.tech,4th year,high school,cold,0.3,9.79,25,1,none
6712,21,female,nursing,2nd year,graduate,cloudy,1.23,8.81,20,1,none
6713,21,male,bca,4th year,high school,rainy,2.78,4.78,72,0,project work
6714,24,male,pharmacy,1st year,post graduate,cold,5.92,7.93,45,1,none
6715,20,male,bca,4th year,post graduate,rainy,0.66,9.7,34,0,travel
6716,21,female,bba,1st year,graduate,hot,5.55,5.56,64,0,personal work
6717,22,female,bba,3rd year,graduate,cold,3.32,6.18,38,1,none
6718,18,female,b.tech,3rd year,graduate,sunny,5.93,6.31,58,1,none
6719,22,male,ba,1st year,high school,hot,4.06,4.96,62,0,personal work
6720,23,female,ba,2nd year,post graduate,cloudy,4.0,8.96,10,1,none
6721,19,male,b.com,2nd year,phd,hot,1.26,8.34,19,1,none
6723,19,male,pharmacy,2nd year,phd,hot,1.45,7.5,26,1,none
6724,19,male,bba,1st year,graduate,hot,1.82,8.66,14,0,project work
6725,21,male,nursing,1st year,no formal,sunny,2.82,5.59,63,0,sick
6726,23,female,b.com,1st year,phd,sunny,2.88,7.63,64,1,none
6728,18,female,diploma,2nd year,no formal,cold,3.0,9.94,27,0,travel
6729,19,female,diploma,2nd year,graduate,cloudy,3.77,9.41,58,0,personal work
6731,19,male,nursing,2nd year,high school,cloudy,4.62,4.27,42,1,none
6733,22,female,pharmacy,3rd year,graduate,sunny,4.34,9.79,5,0,personal work
6734,19,male,bca,2nd year,graduate,cold,2.21,4.11,64,0,personal work
6735,22,male,bba,4th year,no formal,sunny,2.41,6.57,6,1,none
6736,20,male,b.sc,2nd year,high school,hot,4.65,5.08,44,1,none
6738,19,female,b.tech,2nd year,high school,hot,4.33,5.3,34,1,none
6739,20,female,b.tech,1st year,post graduate,sunny,2.24,6.8,17,0,no reason
6740,17,female,b.tech,3rd year,phd,cold,3.6,7.62,54,0,no reason
6741,24,male,b.tech,3rd year,high school,rainy,5.52,9.89,7,1,none
6743,17,female,bba,2nd year,post graduate,hot,3.95,6.72,60,1,none
6745,23,male,bba,4th year,no formal,hot,2.69,4.49,82,1,none
6748,19,female,b.tech,1st year,high school,cold,2.63,8.49,26,1,none
6750,22,female,b.com,3rd year,phd,cloudy,4.6,7.72,69,1,none
6753,17,male,nursing,2nd year,high school,hot,4.01,9.86,53,1,none
6756,21,male,ba,1st year,post graduate,cloudy,3.87,5.95,57,1,none
6758,19,female,pharmacy,2nd year,phd,cloudy,5.93,9.34,48,1,none
6760,17,male,bba,1st year,no formal,rainy,4.57,4.63,28,1,none
6761,19,male,bca,1st year,no formal,sunny,0.14,5.32,76,1,none
6762,18,female,b.tech,3rd year,high school,hot,3.81,4.14,56,0,travel
6763,23,female,nursing,4th year,high school,hot,3.04,4.24,61,0,personal work
6764,20,female,bca,1st year,no formal,sunny,4.57,5.92,74,0,travel
6765,24,male,b.com,1st year,phd,hot,3.45,7.83,63,0,none
6767,21,male,b.tech,1st year,no formal,cloudy,4.62,6.53,5,1,none
6768,21,male,bba,4th year,graduate,cold,0.05,6.98,75,0,no reason
6769,18,female,pharmacy,3rd year,no formal,sunny,4.48,9.44,72,1,none
6770,21,male,diploma,2nd year,phd,cold,3.45,5.33,83,1,none
6771,22,female,b.tech,3rd year,phd,cloudy,0.95,5.73,60,1,none
6772,24,female,bca,1st year,phd,cloudy,1.46,8.21,70,0,none
6773,21,male,diploma,2nd year,high school,hot,1.69,8.27,61,1,none
6777,20,female,ba,3rd year,graduate,rainy,4.73,9.23,87,1,none
6778,18,female,pharmacy,2nd year,post graduate,cloudy,5.3,4.06,81,0,project work
6782,20,male,diploma,2nd year,post graduate,cloudy,4.59,4.06,82,0,travel
6784,18,female,diploma,3rd year,phd,sunny,3.62,9.45,7,1,none
6787,17,male,b.tech,2nd year,post graduate,cold,1.15,6.16,52,0,no reason
6788,18,male,bba,3rd year,phd,rainy,5.18,9.8,10,1,none
6789,22,male,b.com,1st year,no formal,cloudy,2.06,9.22,19,0,sick
6790,23,female,pharmacy,1st year,no formal,rainy,1.0,5.32,55,0,no reason
6792,23,male,bca,1st year,post graduate,sunny,2.49,4.52,11,0,none
6793,17,male,ba,4th year,phd,rainy,3.33,4.66,5,1,none
6794,22,female,b.sc,3rd year,no formal,cloudy,2.31,6.25,24,1,none
6795,17,female,bca,4th year,high school,hot,3.62,9.13,74,1,none
6796,17,male,bca,2nd year,post graduate,cold,4.27,4.79,47,0,project work
6797,22,female,ba,1st year,phd,cold,1.26,4.94,63,1,none
6799,22,male,ba,1st year,phd,hot,4.19,4.12,7,1,none
6800,23,male,bca,2nd year,phd,hot,3.8,8.74,23,1,none
6801,17,male,ba,1st year,high school,cold,4.6,8.11,41,1,none
6802,21,male,diploma,1st year,phd,rainy,0.86,7.33,49,1,none
6803,23,female,nursing,3rd year,graduate,hot,1.65,6.93,85,1,none
6804,20,male,bba,4th year,phd,cold,5.22,6.49,44,0,sick
6805,21,female,b.tech,1st year,phd,hot,1.18,7.98,73,0,project work
6806,20,male,diploma,4th year,high school,cold,0.44,4.64,53,1,none
6808,17,female,diploma,1st year,graduate,rainy,3.31,6.54,27,0,travel
6809,24,male,ba,1st year,post graduate,hot,1.35,8.45,52,1,none
6810,23,male,bca,1st year,no formal,sunny,5.09,4.6,58,0,travel
6811,23,female,ba,3rd year,high school,rainy,3.12,9.74,73,1,none
6812,20,female,diploma,3rd year,high school,rainy,2.32,9.9,11,1,none
6813,21,male,diploma,4th year,phd,cold,2.21,6.52,33,0,personal work
6814,19,male,bca,3rd year,high school,rainy,1.55,7.66,34,0,none
6815,19,female,ba,1st year,high school,cloudy,5.58,7.12,89,1,none
6816,24,female,b.sc,4th year,post graduate,cloudy,3.94,6.89,26,1,none
6817,21,male,bca,4th year,post graduate,cloudy,5.26,5.1,77,0,none
6818,22,female,ba,3rd year,post graduate,sunny,5.8,5.35,67,0,travel
6819,17,male,pharmacy,4th year,phd,rainy,4.55,6.66,39,1,none
6822,24,male,nursing,3rd year,phd,rainy,5.1,5.19,43,1,none
6823,18,male,bba,2nd year,graduate,rainy,2.87,9.3,81,1,none
6824,21,male,pharmacy,4th year,phd,cold,3.07,5.4,45,1,none
6827,17,male,ba,2nd year,phd,hot,1.17,9.54,83,1,none
6828,20,female,nursing,2nd year,graduate,cloudy,1.81,6.6,81,0,sick
6829,19,male,diploma,4th year,graduate,cloudy,5.08,6.36,88,1,none
6831,18,male,b.sc,3rd year,post graduate,hot,4.1,4.17,40,0,festival
6832,20,male,pharmacy,4th year,phd,cloudy,3.4,5.19,39,0,travel
6835,23,female,bba,3rd year,no formal,hot,3.27,6.52,27,1,none
6837,17,male,b.sc,2nd year,no formal,sunny,1.33,9.75,28,1,none
6838,17,male,ba,4th year,high school,sunny,3.73,7.45,13,1,none
6839,23,female,diploma,3rd year,graduate,cold,1.35,8.51,51,1,none
6840,19,female,b.sc,2nd year,phd,cold,1.06,6.0,8,0,personal work
6841,23,female,b.tech,4th year,graduate,cloudy,2.79,5.17,67,1,none
6844,19,male,pharmacy,2nd year,phd,sunny,5.47,9.22,88,0,project work
6846,17,male,diploma,3rd year,post graduate,cloudy,1.7,5.23,61,0,no reason
6847,20,female,bba,4th year,high school,hot,4.9,9.16,15,1,none
6848,19,female,bca,4th year,post graduate,cold,0.3,6.17,70,0,project work
6849,18,female,pharmacy,2nd year,phd,cold,3.18,5.73,88,0,personal work
6850,19,male,b.tech,2nd year,phd,hot,3.12,7.67,20,1,none
6851,21,female,b.com,4th year,no formal,rainy,4.3,5.85,18,1,none
6852,22,male,diploma,3rd year,graduate,sunny,1.34,7.76,86,0,no reason
6854,23,male,b.com,3rd year,phd,sunny,0.86,8.58,63,0,festival
6855,24,female,b.tech,4th year,post graduate,hot,0.73,4.1,58,0,project work
6856,22,male,b.tech,2nd year,no formal,sunny,2.46,5.56,7,0,none
6857,24,male,ba,3rd year,phd,cloudy,4.11,8.84,9,1,none
6858,20,female,bca,4th year,high school,cold,2.86,8.81,30,1,none
6860,22,female,pharmacy,4th year,no formal,sunny,2.96,6.02,75,0,festival
6863,21,female,b.tech,2nd year,no formal,sunny,3.94,8.37,34,1,none
6865,24,female,pharmacy,3rd year,no formal,sunny,4.72,9.58,76,1,none
6866,20,female,b.com,3rd year,post graduate,cold,0.77,7.71,24,1,none
6868,22,female,bca,4th year,no formal,hot,0.14,9.87,12,1,none
6870,18,male,pharmacy,4th year,graduate,cloudy,5.89,6.42,16,0,travel
6871,21,female,b.sc,3rd year,high school,hot,2.38,4.89,27,1,none
6872,24,female,b.tech,3rd year,phd,rainy,0.9,4.66,72,0,personal work
6873,19,male,b.tech,4th year,no formal,sunny,1.97,8.3,60,0,travel
6875,19,male,ba,1st year,graduate,hot,3.76,5.92,41,1,none
6876,20,male,nursing,4th year,high school,cold,0.24,6.28,72,1,none
6877,17,male,bba,3rd year,high school,cold,3.82,7.98,84,1,none
6879,21,male,bca,4th year,high school,hot,2.93,6.49,58,0,festival
6880,19,male,pharmacy,3rd year,post graduate,sunny,0.16,5.23,71,1,none
6882,23,male,diploma,1st year,high school,cold,4.37,7.22,64,1,none
6883,18,male,b.com,4th year,graduate,rainy,4.12,8.64,80,0,sick
6884,17,male,b.com,3rd year,high school,rainy,2.14,4.16,71,0,project work
6885,17,female,pharmacy,3rd year,no formal,rainy,2.71,7.44,54,0,travel
6886,24,male,b.tech,1st year,high school,hot,3.23,7.8,10,1,none
6888,17,male,ba,4th year,phd,hot,4.75,5.41,42,1,none
6889,24,female,b.sc,4th year,post graduate,hot,1.32,5.07,29,1,none
6890,18,male,diploma,2nd year,phd,sunny,0.89,4.21,56,0,travel
6891,19,male,ba,1st year,graduate,cold,1.46,8.96,9,1,none
6892,17,male,bba,2nd year,no formal,hot,0.26,5.92,39,1,none
6895,23,male,ba,3rd year,post graduate,sunny,2.77,9.94,7,1,none
6896,19,male,nursing,4th year,phd,hot,3.88,6.49,35,1,none
6898,24,female,pharmacy,1st year,phd,rainy,3.27,4.84,68,0,festival
6899,23,male,bca,2nd year,high school,cold,3.39,7.3,73,0,personal work
6900,17,male,pharmacy,1st year,phd,sunny,0.16,6.2,9,1,none
6901,22,female,diploma,4th year,no formal,hot,2.41,4.46,28,0,festival
6902,23,female,b.tech,1st year,graduate,sunny,3.98,8.04,29,1,none
6903,21,female,b.sc,1st year,phd,rainy,1.62,5.0,12,1,none
6904,22,male,nursing,2nd year,post graduate,sunny,5.38,7.03,61,0,festival
6905,17,female,b.tech,2nd year,high school,cold,3.67,6.8,87,0,none
6906,17,male,b.sc,3rd year,phd,sunny,3.25,6.12,48,0,travel
6907,17,female,nursing,1st year,graduate,rainy,1.35,4.42,87,0,festival
6908,18,male,ba,4th year,phd,hot,2.89,9.94,33,0,travel
6909,24,male,b.sc,1st year,no formal,hot,1.42,8.11,29,1,none
6911,23,female,b.com,3rd year,post graduate,hot,2.83,9.23,78,1,none
6912,19,female,nursing,4th year,no formal,cloudy,5.28,4.69,65,1,none
6913,24,male,bba,1st year,high school,rainy,3.42,5.82,54,1,none
6914,18,male,pharmacy,3rd year,phd,sunny,3.98,9.7,82,1,none
6917,17,female,b.sc,1st year,no formal,cloudy,4.02,6.89,44,1,none
6918,17,male,pharmacy,3rd year,high school,cloudy,4.86,8.1,67,0,travel
6919,23,female,pharmacy,4th year,high school,sunny,4.24,7.69,32,0,project work
6920,19,male,b.sc,4th year,post graduate,rainy,5.8,6.54,18,1,none
6921,20,male,b.com,4th year,post graduate,rainy,0.91,7.22,14,0,project work
6922,20,male,diploma,3rd year,high school,hot,0.92,6.07,35,1,none
6923,23,female,pharmacy,1st year,high school,cold,2.39,5.85,56,0,none
6924,19,female,pharmacy,2nd year,no formal,sunny,1.88,5.27,57,0,no reason
6925,17,female,b.com,1st year,no formal,cloudy,0.5,5.71,83,0,sick
6927,19,male,diploma,2nd year,post graduate,cold,3.69,9.6,50,0,project work
6928,22,male,bba,3rd year,post graduate,sunny,1.06,7.22,18,1,none
6930,17,male,nursing,4th year,no formal,cloudy,5.91,7.5,80,1,none
6931,23,male,nursing,3rd year,high school,rainy,2.96,9.85,36,1,none
6933,21,male,bba,3rd year,post graduate,cold,3.72,9.17,49,0,festival
6934,20,male,b.com,2nd year,post graduate,hot,1.59,8.8,49,1,none
6936,20,female,b.com,3rd year,no formal,hot,3.59,9.94,77,0,sick
6937,19,male,diploma,4th year,graduate,rainy,5.59,7.93,30,1,none
6939,24,male,bca,4th year,post graduate,sunny,2.41,6.81,63,0,none
6941,20,female,b.com,2nd year,post graduate,hot,1.52,5.22,14,1,none
6945,21,male,pharmacy,2nd year,no formal,sunny,3.79,7.59,88,0,travel
6947,20,male,pharmacy,3rd year,graduate,rainy,5.93,7.35,83,0,festival
6948,20,male,b.sc,2nd year,high school,rainy,1.69,8.77,78,0,festival
6949,21,female,b.sc,1st year,post graduate,rainy,5.21,4.48,6,0,festival
6950,22,male,nursing,4th year,graduate,cold,2.07,9.45,53,1,none
6951,20,female,b.sc,2nd year,graduate,hot,2.84,7.79,26,0,festival
6952,23,male,bca,1st year,phd,sunny,4.48,7.73,36,1,none
6953,23,female,b.tech,2nd year,no formal,sunny,1.97,6.58,36,0,project work
6954,20,female,b.tech,4th year,no formal,rainy,3.8,8.25,82,0,project work
6955,24,female,b.sc,1st year,high school,hot,5.18,4.85,83,0,personal work
6956,18,female,bba,3rd year,no formal,rainy,3.96,8.77,26,0,travel
6958,19,male,b.com,3rd year,high school,cloudy,1.78,5.23,12,0,sick
6960,19,female,b.sc,1st year,no formal,sunny,1.27,8.63,62,0,festival
6961,20,female,b.tech,2nd year,phd,sunny,1.04,4.48,89,0,travel
6962,19,female,b.tech,4th year,high school,hot,0.7,4.87,22,0,festival
6963,22,male,nursing,4th year,graduate,sunny,2.66,6.62,75,0,personal work
6965,23,male,pharmacy,2nd year,post graduate,rainy,3.44,4.37,71,1,none
6967,21,male,b.com,4th year,high school,hot,2.61,7.29,60,0,festival
6969,22,female,bba,1st year,high school,hot,0.96,7.37,61,1,none
6970,18,female,bca,3rd year,phd,hot,3.35,4.35,77,0,none
6972,18,male,diploma,1st year,graduate,cloudy,4.61,5.41,50,1,none
6973,22,female,b.sc,1st year,graduate,hot,4.7,6.22,8,1,none
6975,22,male,diploma,1st year,no formal,sunny,4.78,8.68,19,1,none
6976,23,male,pharmacy,4th year,graduate,cold,1.27,8.84,50,1,none
6977,18,female,bca,1st year,phd,cloudy,5.41,5.47,9,1,none
6978,21,male,b.sc,1st year,high school,cold,3.03,6.49,74,1,none
6981,21,male,pharmacy,1st year,post graduate,sunny,0.78,8.94,43,1,none
6982,24,male,bca,1st year,graduate,rainy,3.92,8.71,34,1,none
6984,24,female,bca,2nd year,no formal,rainy,2.63,9.56,61,1,none
6987,21,female,pharmacy,3rd year,phd,hot,3.02,5.12,87,1,none
6988,19,male,bca,1st year,no formal,hot,0.05,6.13,68,0,project work
6989,18,female,b.tech,2nd year,high school,rainy,2.22,8.22,72,0,personal work
6990,21,female,b.sc,2nd year,no formal,cold,5.6,5.34,36,0,no reason
6991,23,female,b.tech,1st year,no formal,hot,2.26,9.26,34,1,none
6992,18,male,ba,2nd year,no formal,cold,2.19,4.85,6,1,none
6993,22,male,b.com,1st year,graduate,rainy,1.01,8.13,87,0,project work
6994,22,female,pharmacy,2nd year,high school,cloudy,2.59,7.52,78,1,none
6995,23,female,b.com,3rd year,no formal,hot,0.87,4.7,57,0,festival
6996,19,female,b.tech,1st year,phd,cloudy,4.57,6.85,26,1,none
6997,20,male,ba,3rd year,graduate,cloudy,3.85,9.9,82,1,none
7002,24,female,bba,4th year,graduate,rainy,5.89,4.69,88,0,no reason
7003,21,male,bca,1st year,phd,cold,1.24,6.12,33,0,no reason
7004,20,female,b.tech,1st year,post graduate,hot,0.92,7.13,46,0,travel
7005,17,female,b.tech,2nd year,post graduate,sunny,0.74,4.74,78,0,festival
7007,22,male,ba,3rd year,high school,cold,5.81,7.59,39,1,none
7008,24,male,diploma,2nd year,graduate,rainy,4.2,4.42,51,1,none
7009,22,male,pharmacy,4th year,graduate,cold,5.33,4.4,53,1,none
7010,17,male,b.com,1st year,graduate,hot,2.08,7.57,41,0,no reason
7011,21,female,diploma,2nd year,phd,hot,0.87,5.31,18,1,none
7012,22,male,b.sc,1st year,no formal,hot,3.85,6.03,46,1,none
7013,20,male,diploma,3rd year,graduate,cloudy,1.87,5.44,69,1,none
7014,20,female,b.sc,1st year,high school,sunny,2.36,9.6,40,1,none
7016,21,female,bba,2nd year,no formal,cold,2.36,7.07,45,1,none
7017,22,male,bba,3rd year,no formal,cloudy,0.16,5.61,89,0,festival
7018,20,male,b.tech,2nd year,post graduate,cloudy,3.15,7.09,54,1,none
7020,21,female,b.tech,1st year,high school,cold,1.77,4.58,86,1,none
7021,24,female,nursing,4th year,graduate,rainy,5.24,7.97,5,1,none
7023,22,female,diploma,1st year,no formal,cold,5.93,6.55,20,1,none
7024,17,female,diploma,1st year,graduate,hot,0.51,7.83,72,1,none
7026,18,male,bba,4th year,no formal,cold,4.97,9.6,76,1,none
7027,24,female,b.tech,2nd year,graduate,rainy,3.79,9.17,85,1,none
7028,20,female,pharmacy,2nd year,phd,sunny,0.5,4.06,18,1,none
7029,24,male,b.sc,2nd year,high school,hot,0.05,5.17,44,0,sick
7030,24,male,bca,2nd year,high school,cold,4.88,4.53,28,1,none
7032,24,male,diploma,1st year,post graduate,hot,5.39,4.51,72,1,none
7033,21,female,ba,3rd year,high school,cold,3.48,7.44,40,1,none
7034,23,female,bba,1st year,graduate,rainy,1.8,6.84,36,1,none
7035,18,male,b.tech,3rd year,no formal,cloudy,1.56,8.21,22,0,project work
7036,17,male,b.sc,2nd year,post graduate,cold,4.73,6.56,66,1,none
7037,21,female,ba,3rd year,no formal,hot,4.96,8.09,17,0,personal work
7039,23,female,bca,3rd year,no formal,cold,5.93,4.66,56,1,none
7040,21,female,b.com,3rd year,post graduate,cold,5.75,9.9,44,1,none
7041,21,female,bca,2nd year,phd,rainy,0.13,7.67,64,1,none
7044,23,male,bba,2nd year,phd,cold,5.17,9.17,84,1,none
7045,17,female,b.com,1st year,no formal,hot,1.32,4.15,66,0,travel
7046,21,female,b.sc,3rd year,high school,hot,4.03,7.79,69,0,travel
7047,20,male,bba,4th year,phd,cold,2.4,6.26,7,0,sick
7049,21,male,pharmacy,1st year,post graduate,cloudy,1.14,7.82,45,0,none
7051,20,male,bba,2nd year,high school,rainy,3.78,9.69,77,0,no reason
7052,22,female,bba,3rd year,high school,cloudy,3.39,9.65,8,0,travel
7054,24,female,b.com,4th year,graduate,rainy,3.47,6.61,40,1,none
7055,18,male,ba,3rd year,phd,rainy,3.66,5.05,59,0,project work
7056,20,male,ba,4th year,phd,rainy,5.03,5.54,40,0,festival
7057,23,female,bca,4th year,post graduate,hot,0.69,7.82,52,0,travel
7059,20,female,bba,4th year,graduate,cold,2.97,9.07,71,1,none
7060,20,male,b.com,1st year,high school,hot,4.14,6.89,24,1,none
7062,24,female,b.com,3rd year,post graduate,cold,2.1,7.71,80,1,none
7063,17,male,pharmacy,3rd year,phd,cloudy,1.88,4.81,67,1,none
7064,17,female,bca,3rd year,post graduate,cloudy,0.97,7.27,55,1,none
7065,20,male,ba,1st year,graduate,hot,1.07,9.22,5,1,none
7068,22,male,bca,3rd year,high school,cold,3.68,7.44,44,1,none
7069,22,female,nursing,2nd year,no formal,hot,2.09,4.17,19,0,no reason
7070,19,male,diploma,1st year,graduate,cloudy,4.4,5.91,9,0,sick
7071,23,female,nursing,1st year,post graduate,sunny,5.93,4.51,15,1,none
7072,21,male,b.tech,2nd year,high school,rainy,3.41,7.25,24,0,no reason
7074,22,male,bca,4th year,phd,sunny,1.74,5.44,53,1,none
7076,23,male,pharmacy,2nd year,high school,hot,1.36,6.62,6,0,project work
7077,18,male,nursing,4th year,high school,cloudy,2.7,8.58,80,1,none
7080,19,male,ba,4th year,post graduate,rainy,0.11,7.89,26,1,none
7081,24,male,pharmacy,4th year,post graduate,hot,2.06,5.46,79,0,personal work
7084,21,female,diploma,1st year,post graduate,sunny,2.78,7.07,67,0,travel
7085,24,male,nursing,1st year,phd,sunny,0.68,9.34,34,0,personal work
7086,20,male,b.com,4th year,graduate,rainy,2.42,8.05,81,0,none
7087,18,male,nursing,3rd year,no formal,hot,4.31,4.09,12,1,none
7089,19,male,nursing,3rd year,post graduate,rainy,0.05,5.55,16,1,none
7090,22,female,b.com,3rd year,phd,cold,0.05,7.69,47,0,none
7092,20,male,b.sc,2nd year,high school,cloudy,4.07,4.71,74,0,sick
7095,24,male,diploma,3rd year,high school,hot,3.93,4.79,12,0,none
7096,18,male,b.com,1st year,no formal,hot,4.03,6.46,16,1,none
7097,17,male,bca,1st year,post graduate,cloudy,1.0,7.09,18,1,none
7098,18,male,pharmacy,2nd year,graduate,rainy,1.18,5.95,19,0,project work
7099,23,male,ba,4th year,post graduate,sunny,4.32,6.69,34,1,none
7101,23,male,b.sc,3rd year,post graduate,hot,0.33,7.76,14,0,sick
7102,22,male,bba,3rd year,high school,hot,5.91,9.77,52,1,none
7104,19,male,bca,1st year,no formal,rainy,1.68,6.65,42,0,festival
7105,19,male,b.sc,4th year,post graduate,rainy,3.74,8.2,77,0,sick
7106,18,male,diploma,4th year,graduate,cold,5.09,7.61,86,1,none
7111,23,male,pharmacy,3rd year,graduate,sunny,2.33,7.43,20,1,none
7112,24,female,pharmacy,4th year,post graduate,cloudy,4.3,5.62,46,1,none
7113,20,female,diploma,4th year,post graduate,hot,5.35,5.33,56,0,sick
7114,21,male,bca,2nd year,phd,cloudy,0.14,4.7,32,0,travel
7116,21,female,b.tech,4th year,high school,cold,2.29,4.07,30,1,none
7118,20,male,bba,4th year,graduate,cold,4.69,6.72,15,1,none
7120,21,male,pharmacy,3rd year,no formal,sunny,4.11,6.05,48,1,none
7121,22,male,b.com,3rd year,phd,sunny,5.81,5.78,83,1,none
7122,21,female,b.sc,1st year,high school,cloudy,5.93,5.25,15,1,none
7123,21,male,nursing,1st year,graduate,cloudy,3.79,8.26,53,1,none
7124,17,male,nursing,4th year,high school,sunny,0.21,4.57,54,0,personal work
7126,24,female,b.tech,4th year,high school,sunny,1.6,5.22,85,0,none
7127,18,female,b.tech,3rd year,phd,sunny,4.67,6.15,7,1,none
7128,19,male,bba,2nd year,high school,cloudy,4.23,5.12,30,0,festival
7132,23,female,ba,4th year,phd,sunny,1.13,6.4,76,1,none
7133,23,female,b.tech,1st year,graduate,hot,5.87,6.2,10,1,none
7134,17,male,ba,4th year,phd,rainy,0.81,5.87,9,0,travel
7135,20,male,bba,1st year,graduate,hot,2.98,4.13,54,1,none
7136,21,male,diploma,4th year,post graduate,sunny,3.3,9.94,5,1,none
7137,23,female,b.tech,1st year,phd,hot,4.46,8.62,40,0,personal work
7140,18,male,bba,2nd year,phd,cloudy,5.33,8.78,32,1,none
7141,23,male,pharmacy,4th year,no formal,hot,3.31,9.61,48,1,none
7142,24,male,diploma,2nd year,no formal,cold,2.86,6.39,51,0,no reason
7143,18,male,nursing,3rd year,high school,cold,5.5,8.91,38,1,none
7144,18,female,b.tech,3rd year,post graduate,sunny,4.6,8.37,36,1,none
7146,24,male,nursing,4th year,graduate,cold,0.27,7.17,39,1,none
7148,19,female,nursing,2nd year,graduate,cold,2.63,4.91,51,1,none
7149,19,female,b.tech,3rd year,post graduate,cold,4.81,7.2,47,0,project work
7153,23,female,bba,1st year,graduate,cloudy,5.72,9.55,38,1,none
7154,20,male,ba,2nd year,post graduate,cloudy,3.56,4.67,61,0,none
7158,18,female,b.tech,1st year,no formal,cold,0.52,7.78,49,1,none
7159,17,male,bba,1st year,high school,cloudy,2.47,6.62,70,0,travel
7160,17,male,b.tech,4th year,graduate,cold,4.33,8.7,88,0,no reason
7161,23,female,b.tech,3rd year,high school,cloudy,2.0,6.41,27,0,no reason
7162,22,female,bca,4th year,no formal,cold,2.93,9.0,55,1,none
7163,23,male,b.com,2nd year,no formal,cloudy,2.72,5.1,88,1,none
7165,20,female,ba,2nd year,graduate,sunny,3.82,6.83,85,1,none
7166,21,male,bba,1st year,phd,rainy,2.17,5.53,15,1,none
7167,22,female,bba,1st year,graduate,cloudy,5.46,8.53,31,0,project work
7169,24,female,b.tech,2nd year,no formal,sunny,4.38,7.35,9,1,none
7172,24,female,diploma,2nd year,graduate,rainy,2.32,7.37,77,0,project work
7173,20,female,b.sc,4th year,graduate,cold,0.87,5.55,74,0,sick
7174,17,male,b.tech,3rd year,no formal,cloudy,1.45,6.25,78,0,travel
7177,23,female,b.com,4th year,post graduate,sunny,0.36,9.07,76,1,none
7178,20,male,b.tech,1st year,no formal,cold,2.93,5.51,28,1,none
7179,19,female,ba,2nd year,phd,cold,1.4,9.38,68,1,none
7181,23,male,bca,1st year,graduate,sunny,3.92,5.72,16,0,personal work
7182,17,female,b.sc,3rd year,no formal,hot,0.93,9.26,10,0,project work
7183,19,female,bca,3rd year,phd,rainy,2.67,6.99,46,1,none
7184,18,female,ba,3rd year,high school,cold,0.15,6.54,85,0,sick
7185,23,female,b.tech,1st year,no formal,cold,4.7,7.24,63,0,no reason
7187,17,male,bba,2nd year,graduate,hot,2.91,5.89,42,0,project work
7188,19,female,b.com,1st year,high school,cold,3.81,7.45,71,1,none
7191,24,female,b.sc,4th year,post graduate,cold,4.44,5.17,86,0,festival
7193,23,male,bba,4th year,phd,rainy,3.44,7.96,41,0,personal work
7194,22,female,b.com,2nd year,graduate,cold,2.02,4.54,25,0,sick
7196,19,female,b.sc,3rd year,high school,rainy,1.54,8.37,54,0,project work
7197,24,female,nursing,3rd year,no formal,hot,3.64,8.05,62,1,none
7198,18,female,b.com,2nd year,post graduate,sunny,5.26,6.31,11,1,none
7199,20,female,ba,2nd year,post graduate,sunny,3.49,7.65,7,1,none
7201,19,female,pharmacy,4th year,post graduate,rainy,0.29,5.53,55,0,travel
7202,19,male,b.com,3rd year,post graduate,cloudy,1.4,6.45,82,0,personal work
7203,18,male,bca,4th year,no formal,rainy,4.05,6.48,77,0,project work
7205,21,female,bca,3rd year,no formal,sunny,5.54,9.48,47,1,none
7206,24,male,bca,2nd year,post graduate,cold,5.5,8.9,88,0,personal work
7207,18,male,b.com,2nd year,post graduate,rainy,5.65,8.68,49,1,none
7208,20,male,ba,4th year,phd,cloudy,3.76,8.45,28,1,none
7209,24,male,bca,4th year,high school,cloudy,0.68,6.53,62,0,festival
7211,17,female,b.sc,3rd year,no formal,rainy,3.44,6.98,75,0,travel
7212,21,female,b.sc,3rd year,high school,rainy,0.57,7.56,87,0,festival
7213,18,male,ba,4th year,phd,cold,3.84,7.62,52,0,no reason
7217,18,female,diploma,4th year,high school,sunny,2.63,9.08,30,0,no reason
7218,19,female,pharmacy,1st year,high school,sunny,0.38,5.46,89,1,none
7219,18,male,diploma,1st year,phd,sunny,1.96,9.6,36,1,none
7222,20,male,pharmacy,4th year,phd,cloudy,4.84,6.02,67,1,none
7223,19,female,b.sc,2nd year,graduate,cloudy,4.88,4.4,75,1,none
7224,21,male,b.sc,2nd year,post graduate,rainy,2.93,6.09,8,0,festival
7225,21,female,nursing,3rd year,post graduate,hot,3.22,9.68,11,1,none
7226,17,male,pharmacy,4th year,graduate,hot,5.41,6.83,35,1,none
7230,21,male,diploma,4th year,high school,sunny,1.98,9.52,28,1,none
7231,22,male,diploma,3rd year,high school,cloudy,1.29,6.73,21,0,no reason
7233,19,male,b.com,1st year,no formal,cloudy,4.22,5.45,63,1,none
7234,19,female,diploma,3rd year,phd,cloudy,3.14,4.23,65,0,no reason
7236,23,female,nursing,2nd year,post graduate,hot,1.37,8.73,60,1,none
7237,19,male,bca,3rd year,no formal,rainy,5.01,5.94,34,0,none
7240,21,male,b.com,2nd year,post graduate,cloudy,5.08,7.53,30,0,no reason
7241,21,female,b.sc,1st year,graduate,sunny,5.3,5.11,5,1,none
7242,18,female,b.tech,3rd year,no formal,sunny,2.45,4.14,15,1,none
7243,19,female,b.sc,3rd year,high school,cold,2.22,5.51,29,0,sick
7246,18,male,ba,1st year,phd,hot,4.42,6.41,10,1,none
7249,22,male,ba,1st year,no formal,hot,5.16,9.48,73,1,none
7250,19,male,bba,2nd year,graduate,rainy,1.86,9.89,15,0,travel
7251,21,female,nursing,2nd year,post graduate,sunny,1.46,5.7,59,0,festival
7254,18,female,nursing,4th year,high school,hot,5.61,7.97,85,1,none
7255,22,male,b.tech,4th year,phd,cold,1.44,4.39,28,0,no reason
7256,24,male,diploma,2nd year,high school,rainy,3.6,7.94,46,0,none
7258,18,female,nursing,1st year,post graduate,cold,5.89,9.02,82,1,none
7259,18,female,b.sc,1st year,high school,hot,0.06,7.37,70,1,none
7261,17,male,ba,4th year,post graduate,hot,0.12,8.34,85,0,personal work
7262,23,male,ba,4th year,phd,sunny,1.64,5.57,32,0,project work
7264,21,male,bca,2nd year,phd,cloudy,2.23,7.65,69,1,none
7267,20,male,b.sc,2nd year,no formal,cold,0.1,6.54,83,1,none
7268,20,female,b.tech,1st year,phd,hot,5.48,9.47,38,1,none
7270,19,female,pharmacy,1st year,phd,sunny,2.66,4.46,47,1,none
7271,17,male,diploma,3rd year,no formal,rainy,1.14,7.83,53,0,none
7272,21,male,diploma,2nd year,no formal,hot,4.14,5.01,39,1,none
7273,23,male,b.com,1st year,post graduate,hot,4.64,7.52,12,1,none
7274,17,male,bba,3rd year,no formal,sunny,2.49,5.61,59,1,none
7275,18,male,diploma,2nd year,high school,cloudy,4.89,7.36,12,1,none
7276,19,male,pharmacy,2nd year,graduate,cloudy,1.43,9.72,7,0,festival
7278,21,female,b.tech,3rd year,post graduate,sunny,3.84,5.71,68,0,sick
7279,21,male,nursing,2nd year,post graduate,hot,3.16,5.31,55,0,project work
7280,22,male,pharmacy,1st year,post graduate,rainy,0.24,6.9,50,0,festival
7281,19,male,b.tech,2nd year,high school,cold,1.29,5.8,32,1,none
7282,22,male,ba,1st year,no formal,hot,3.5,7.98,40,1,none
7284,17,male,pharmacy,3rd year,high school,sunny,4.06,6.39,69,1,none
7285,23,female,pharmacy,4th year,high school,cold,2.44,5.38,53,0,no reason
7286,22,female,pharmacy,4th year,post graduate,hot,4.45,7.85,71,1,none
7287,18,male,b.tech,1st year,phd,sunny,4.12,6.13,37,1,none
7288,20,male,b.sc,1st year,high school,cloudy,0.83,4.48,15,0,travel
7289,17,male,bba,2nd year,graduate,rainy,3.5,9.93,55,1,none
7290,22,male,bca,1st year,phd,rainy,1.12,4.06,27,0,sick
7293,19,female,b.com,2nd year,graduate,cloudy,5.56,7.42,78,1,none
7297,18,male,b.sc,4th year,no formal,sunny,1.86,7.05,74,1,none
7299,23,female,b.com,3rd year,no formal,cloudy,1.11,7.71,31,0,sick
7300,23,female,diploma,1st year,phd,cloudy,4.99,9.94,14,1,none
7302,24,female,diploma,4th year,high school,hot,2.17,6.94,11,0,travel
7303,18,male,bca,4th year,graduate,rainy,4.78,7.4,48,0,no reason
7304,24,male,bca,1st year,post graduate,rainy,4.88,7.94,18,1,none
7305,19,male,nursing,1st year,phd,hot,0.57,9.7,55,0,personal work
7306,21,male,bca,3rd year,phd,rainy,5.92,5.31,64,1,none
7307,18,female,bca,1st year,post graduate,cloudy,4.7,9.62,27,1,none
7309,19,female,bca,2nd year,post graduate,rainy,0.3,9.63,8,0,no reason
7310,23,female,ba,4th year,post graduate,cloudy,1.28,5.97,67,1,none
7311,17,male,b.tech,1st year,graduate,cold,0.84,8.61,48,0,festival
7312,21,female,b.tech,1st year,high school,hot,0.25,5.9,89,0,none
7314,24,male,bca,1st year,graduate,hot,0.92,5.11,26,0,no reason
7315,20,female,ba,1st year,phd,cold,3.24,7.44,13,1,none
7317,24,female,bba,3rd year,graduate,sunny,1.78,9.18,37,0,no reason
7318,21,female,b.com,3rd year,phd,rainy,1.18,8.95,31,1,none
7319,17,male,bca,2nd year,no formal,cloudy,3.34,4.07,49,0,no reason
7321,18,female,pharmacy,4th year,high school,cold,4.33,9.44,53,0,sick
7322,24,male,diploma,4th year,high school,sunny,2.69,8.13,57,1,none
7323,24,female,diploma,2nd year,high school,cold,1.4,7.87,61,1,none
7326,18,male,diploma,2nd year,graduate,rainy,3.53,5.59,12,0,no reason
7327,22,female,ba,1st year,no formal,sunny,1.49,6.53,62,1,none
7330,19,female,bca,2nd year,no formal,sunny,2.39,9.28,18,1,none
7331,20,male,bba,3rd year,phd,cloudy,4.62,4.18,22,1,none
7333,18,female,bca,1st year,graduate,sunny,3.18,5.32,32,1,none
7334,19,female,b.tech,1st year,graduate,cloudy,0.32,4.73,38,1,none
7336,24,female,bba,4th year,high school,cloudy,3.67,7.23,88,0,personal work
7337,20,female,bca,3rd year,no formal,cold,5.47,8.48,75,1,none
7338,17,male,bca,1st year,phd,cloudy,5.78,4.15,30,1,none
7340,24,female,bca,2nd year,post graduate,rainy,0.3,4.35,54,0,project work
7342,23,male,diploma,3rd year,phd,hot,4.32,9.19,61,1,none
7344,22,female,b.sc,4th year,post graduate,hot,1.48,6.57,89,0,sick
7345,19,male,diploma,1st year,phd,hot,4.78,5.49,67,1,none
7346,17,male,b.tech,1st year,phd,cold,2.78,4.65,23,1,none
7347,19,male,pharmacy,4th year,high school,cloudy,1.86,8.74,7,0,sick
7348,24,male,b.tech,2nd year,graduate,cloudy,5.08,8.58,44,1,none
7349,23,female,bba,1st year,high school,hot,0.99,5.44,74,1,none
7353,19,female,diploma,4th year,phd,sunny,3.98,4.83,29,0,none
7354,24,female,diploma,3rd year,graduate,sunny,0.26,5.3,83,0,travel
7355,21,male,b.sc,2nd year,phd,cold,0.99,8.39,71,1,none
7356,19,male,b.com,3rd year,phd,rainy,0.85,6.9,51,0,festival
7357,19,female,b.sc,4th year,post graduate,hot,1.82,4.22,60,0,travel
7359,17,male,b.sc,3rd year,graduate,rainy,4.09,8.82,30,1,none
7360,17,male,bca,2nd year,post graduate,cloudy,5.03,5.15,7,1,none
7361,22,male,pharmacy,4th year,high school,hot,5.24,7.39,39,1,none
7362,17,male,bca,3rd year,graduate,cold,2.86,4.86,36,0,no reason
7363,18,male,b.tech,1st year,high school,sunny,0.8,6.0,6,1,none
7364,24,male,diploma,4th year,high school,sunny,0.29,4.06,22,0,festival
7365,20,male,bba,3rd year,high school,rainy,2.37,8.18,73,0,travel
7366,22,female,diploma,2nd year,no formal,rainy,2.96,6.54,46,0,festival
7368,17,male,ba,3rd year,phd,hot,0.13,4.25,29,0,no reason
7369,18,male,bca,1st year,post graduate,sunny,0.62,5.6,8,0,travel
7371,17,male,b.sc,3rd year,graduate,cold,1.17,8.62,73,1,none
7373,19,female,pharmacy,3rd year,phd,cloudy,5.5,5.26,35,1,none
7375,24,male,b.com,3rd year,no formal,hot,3.88,5.78,5,1,none
7376,21,male,bba,3rd year,phd,hot,1.73,7.09,23,0,none
7377,21,female,pharmacy,3rd year,no formal,cloudy,4.34,7.6,77,1,none
7378,19,male,pharmacy,3rd year,post graduate,cold,1.27,7.32,54,1,none
7379,20,male,bca,4th year,high school,cold,2.43,5.51,73,0,personal work
7381,17,male,ba,2nd year,phd,hot,3.77,5.8,67,0,personal work
7382,18,female,bba,1st year,graduate,cold,0.46,8.0,64,0,project work
7384,21,male,bba,2nd year,graduate,hot,5.92,9.23,20,1,none
7385,17,male,bba,4th year,no formal,hot,2.2,5.59,69,1,none
7386,23,female,nursing,4th year,phd,hot,1.21,6.27,34,0,personal work
7387,21,male,b.sc,3rd year,high school,cold,2.76,7.1,68,0,none
7389,23,male,diploma,1st year,phd,hot,3.95,8.43,71,0,travel
7390,24,male,bca,3rd year,high school,rainy,3.02,9.05,55,0,sick
7391,20,male,bca,2nd year,high school,hot,3.8,9.47,40,1,none
7392,19,male,bca,4th year,phd,sunny,5.15,6.88,41,1,none
7393,19,male,bca,1st year,post graduate,cold,2.82,6.68,63,1,none
7394,21,female,ba,3rd year,graduate,cloudy,4.21,7.81,21,0,festival
7395,17,female,diploma,4th year,phd,hot,2.87,9.06,82,1,none
7396,20,female,b.com,2nd year,high school,cold,5.02,6.42,25,1,none
7397,17,male,bca,1st year,post graduate,cloudy,2.64,5.17,53,0,sick
7398,17,male,bba,1st year,high school,hot,1.69,4.85,15,1,none
7399,20,male,ba,3rd year,no formal,rainy,5.53,4.73,14,1,none
7400,22,male,nursing,3rd year,high school,hot,3.01,6.82,40,0,personal work
7402,17,male,bca,4th year,phd,sunny,4.01,8.3,32,1,none
7403,18,male,b.com,4th year,high school,cloudy,4.15,4.39,15,1,none
7404,20,female,b.sc,1st year,phd,cloudy,0.6,7.88,28,1,none
7405,21,male,bca,2nd year,post graduate,cloudy,2.39,4.22,44,0,sick
7406,24,female,pharmacy,2nd year,high school,cloudy,5.69,4.76,11,1,none
7407,22,female,b.com,4th year,phd,hot,3.01,4.3,65,0,sick
7409,17,male,b.sc,3rd year,no formal,hot,1.76,6.74,24,1,none
7410,17,male,bba,2nd year,phd,rainy,0.58,5.55,89,0,sick
7412,22,female,diploma,3rd year,no formal,hot,0.89,4.21,76,0,none
7413,19,male,b.sc,2nd year,no formal,sunny,4.97,9.43,48,1,none
7414,18,female,nursing,3rd year,phd,hot,2.58,8.58,61,1,none
7415,22,female,b.sc,2nd year,graduate,cloudy,5.27,5.75,42,0,festival
7418,24,female,nursing,1st year,no formal,cloudy,0.61,9.59,43,1,none
7419,22,male,diploma,2nd year,phd,cold,1.2,8.82,65,0,no reason
7421,23,male,diploma,1st year,high school,rainy,2.02,7.19,49,0,festival
7423,23,female,ba,4th year,no formal,cloudy,3.6,4.35,67,1,none
7424,24,female,bba,4th year,graduate,hot,2.02,7.82,27,0,no reason
7426,21,female,b.sc,3rd year,post graduate,sunny,2.21,8.01,61,0,festival
7427,23,female,pharmacy,1st year,phd,cloudy,3.24,6.92,85,0,no reason
7428,24,male,nursing,2nd year,no formal,sunny,0.49,8.45,29,1,none
7429,23,female,b.com,3rd year,high school,cold,2.9,7.33,27,1,none
7430,24,male,b.com,1st year,high school,hot,1.97,6.18,45,0,festival
7431,23,male,b.tech,4th year,phd,sunny,4.79,5.2,70,1,none
7432,20,male,ba,4th year,graduate,sunny,2.06,5.64,46,0,sick
7433,22,female,b.sc,4th year,graduate,cloudy,4.48,8.7,86,0,none
7435,23,male,pharmacy,4th year,graduate,cloudy,5.55,6.95,83,0,no reason
7436,23,male,nursing,1st year,post graduate,cloudy,2.74,5.66,9,1,none
7437,24,female,b.com,4th year,graduate,sunny,2.4,6.47,51,1,none
7438,21,male,diploma,1st year,post graduate,cold,3.47,6.79,50,0,project work
7439,20,male,bba,2nd year,phd,hot,2.33,4.78,11,0,personal work
7440,18,female,b.com,4th year,phd,rainy,1.74,5.01,83,0,travel
7441,22,female,bba,3rd year,graduate,sunny,0.33,4.96,33,1,none
7442,21,male,b.sc,1st year,phd,sunny,2.6,5.93,32,0,project work
7443,21,male,pharmacy,2nd year,high school,cold,1.9,4.17,45,0,none
7444,22,male,b.sc,2nd year,no formal,cloudy,4.57,7.94,78,1,none
7446,18,female,b.sc,2nd year,post graduate,cold,0.26,7.29,38,0,none
7448,22,male,diploma,1st year,high school,cold,3.79,8.52,86,0,travel
7450,23,male,ba,1st year,graduate,hot,5.35,6.99,48,0,no reason
7453,24,female,bca,4th year,graduate,cold,2.16,9.07,7,1,none
7457,22,male,b.com,4th year,graduate,cold,5.01,8.93,23,1,none
7458,17,male,pharmacy,4th year,post graduate,rainy,2.65,7.07,78,0,travel
7461,24,female,b.com,1st year,no formal,hot,4.16,8.26,47,1,none
7462,18,male,b.com,4th year,phd,cloudy,3.89,8.05,79,1,none
7463,24,female,b.sc,4th year,phd,cold,5.6,9.17,51,0,festival
7464,20,female,b.sc,3rd year,high school,sunny,1.17,4.35,53,0,travel
7465,21,female,nursing,2nd year,high school,hot,3.75,5.28,42,0,no reason
7466,22,female,b.tech,4th year,no formal,cold,3.45,4.27,71,0,project work
7468,24,female,pharmacy,2nd year,high school,cold,1.16,6.93,47,1,none
7470,22,male,nursing,3rd year,post graduate,cold,0.05,5.05,25,0,project work
7473,19,female,pharmacy,2nd year,high school,cloudy,5.89,7.75,44,1,none
7474,20,female,b.tech,1st year,phd,cloudy,2.47,5.0,24,1,none
7475,22,female,b.com,3rd year,graduate,rainy,1.39,7.62,68,0,none
7476,24,female,b.com,2nd year,no formal,sunny,3.24,4.62,7,0,none
7478,23,male,b.tech,1st year,no formal,rainy,0.92,5.34,27,0,personal work
7479,20,female,b.tech,2nd year,no formal,hot,3.79,9.72,10,1,none
7481,18,female,nursing,1st year,phd,hot,4.33,5.24,82,0,personal work
7482,20,female,bca,1st year,post graduate,sunny,2.33,5.13,20,1,none
7483,18,female,nursing,1st year,high school,sunny,1.87,7.48,38,1,none
7484,17,female,ba,4th year,no formal,rainy,4.35,6.67,36,1,none
7485,23,female,bba,2nd year,graduate,cold,5.67,7.6,67,1,none
7489,17,female,bba,2nd year,no formal,rainy,1.2,9.46,6,0,no reason
7492,18,male,bca,1st year,no formal,cold,0.7,4.83,47,0,none
7495,24,female,b.tech,2nd year,phd,sunny,4.05,8.33,71,1,none
7497,19,male,b.com,3rd year,graduate,cloudy,5.93,5.9,85,1,none
7499,18,female,diploma,4th year,high school,cloudy,4.41,4.15,66,0,no reason
7501,17,female,pharmacy,3rd year,graduate,cold,0.08,8.86,50,0,festival
7502,22,female,b.sc,3rd year,no formal,sunny,0.22,4.12,36,0,none
7503,21,female,b.sc,1st year,high school,rainy,5.05,6.17,28,1,none
7504,23,female,ba,2nd year,graduate,hot,1.52,7.79,27,1,none
7507,23,male,bba,4th year,graduate,sunny,2.36,6.03,31,0,festival
7508,22,female,pharmacy,4th year,post graduate,cold,5.66,6.55,65,0,none
7509,20,male,bca,4th year,high school,hot,0.74,7.76,23,0,travel
7510,19,male,pharmacy,1st year,no formal,cold,3.76,9.92,31,0,travel
7514,19,female,ba,3rd year,phd,hot,5.41,5.48,46,0,none
7515,19,female,b.tech,3rd year,phd,cloudy,3.8,7.17,56,1,none
7517,24,male,b.com,1st year,graduate,cloudy,5.93,9.43,57,1,none
7518,18,male,b.tech,2nd year,post graduate,hot,5.47,5.0,58,0,personal work
7519,18,female,nursing,4th year,high school,hot,1.66,5.95,42,0,project work
7520,18,female,ba,1st year,no formal,sunny,0.39,9.7,36,0,travel
7521,24,female,bba,1st year,no formal,cloudy,4.14,8.39,71,1,none
7522,20,male,nursing,4th year,high school,rainy,3.73,7.61,32,1,none
7523,19,female,b.com,4th year,high school,cold,0.49,6.2,60,1,none
7525,17,male,bca,2nd year,phd,cold,1.07,4.17,83,0,no reason
7526,19,female,bca,1st year,graduate,sunny,3.71,9.34,24,1,none
7527,18,male,b.com,3rd year,phd,cold,1.75,8.94,28,1,none
7528,23,male,nursing,3rd year,graduate,cold,5.37,9.58,12,1,none
7529,17,female,b.com,4th year,phd,sunny,1.26,4.39,77,0,personal work
7530,20,female,bca,2nd year,high school,hot,2.59,8.73,48,0,no reason
7531,23,female,nursing,4th year,post graduate,cloudy,0.28,4.08,21,1,none
7532,23,male,b.sc,4th year,phd,rainy,4.42,8.63,77,0,festival
7533,21,female,ba,1st year,phd,hot,5.44,5.68,5,1,none
7534,18,male,diploma,4th year,high school,cold,5.55,4.06,21,0,project work
7535,19,female,b.com,3rd year,high school,cold,1.21,4.36,16,1,none
7537,22,female,ba,1st year,post graduate,rainy,4.53,4.77,77,0,travel
7539,22,female,pharmacy,1st year,high school,cloudy,2.6,8.16,66,0,travel
7543,24,female,b.sc,4th year,phd,rainy,4.7,6.22,87,0,sick
7544,20,male,pharmacy,3rd year,graduate,cold,5.66,5.0,52,0,festival
7545,22,female,ba,4th year,post graduate,cloudy,5.05,9.56,53,0,sick
7547,23,female,b.tech,3rd year,post graduate,rainy,5.8,8.3,38,0,sick
7551,20,female,b.tech,1st year,no formal,rainy,3.22,6.6,61,1,none
7552,20,male,b.sc,3rd year,no formal,cloudy,5.28,9.85,87,0,no reason
7553,22,female,b.sc,1st year,graduate,sunny,2.89,6.46,89,0,festival
7554,21,female,diploma,2nd year,phd,sunny,3.08,5.2,67,0,sick
7556,23,male,bca,3rd year,post graduate,cold,3.01,6.99,87,0,festival
7557,23,male,b.sc,4th year,post graduate,hot,0.12,4.75,7,1,none
7558,17,male,b.com,3rd year,phd,hot,4.9,5.84,48,1,none
7559,24,female,ba,3rd year,graduate,hot,2.54,8.32,76,1,none
7560,22,male,pharmacy,1st year,graduate,rainy,4.34,8.56,37,0,travel
7561,17,female,diploma,1st year,high school,cloudy,4.52,8.66,81,1,none
7562,20,male,b.tech,1st year,graduate,sunny,1.98,9.37,36,1,none
7564,19,female,ba,4th year,phd,rainy,4.16,7.09,56,1,none
7566,20,female,ba,3rd year,high school,sunny,0.47,5.76,10,0,sick
7567,18,male,pharmacy,4th year,post graduate,rainy,1.1,9.84,81,0,personal work
7568,19,male,b.sc,2nd year,post graduate,hot,3.56,4.35,66,0,no reason
7570,22,female,bba,1st year,no formal,rainy,2.66,9.49,82,1,none
7573,24,female,bba,3rd year,no formal,hot,2.42,9.32,27,0,personal work
7574,21,female,b.com,4th year,phd,cold,1.42,7.67,85,0,sick
7575,18,male,pharmacy,1st year,graduate,cloudy,2.65,7.65,19,1,none
7576,24,male,b.com,2nd year,phd,hot,3.26,5.35,78,1,none
7577,19,male,b.sc,2nd year,no formal,sunny,2.48,7.84,19,1,none
7578,21,male,b.tech,2nd year,high school,hot,2.08,6.76,41,1,none
7579,22,female,b.tech,3rd year,no formal,rainy,2.23,4.46,87,1,none
7581,18,female,nursing,2nd year,no formal,cloudy,3.57,9.62,57,1,none
7582,22,female,b.sc,1st year,high school,rainy,1.29,9.59,35,1,none
7585,17,male,bca,4th year,no formal,cold,3.87,4.24,9,0,personal work
7586,23,male,bca,1st year,high school,cold,5.83,5.21,13,0,sick
7587,18,female,b.tech,1st year,post graduate,cloudy,4.4,7.22,36,1,none
7588,17,male,b.sc,3rd year,graduate,rainy,1.09,4.62,86,0,project work
7589,21,male,ba,2nd year,graduate,cold,0.1,9.82,56,0,travel
7590,17,female,diploma,1st year,phd,rainy,0.23,5.6,82,0,personal work
7591,22,female,bca,3rd year,graduate,rainy,0.05,9.35,81,0,personal work
7592,21,male,nursing,2nd year,phd,rainy,4.6,7.95,59,0,festival
7593,22,male,bba,3rd year,phd,cold,3.12,5.69,53,0,sick
7595,23,female,bca,4th year,graduate,rainy,3.6,4.62,49,0,project work
7596,22,female,ba,1st year,high school,cold,1.1,8.76,8,0,project work
7597,20,male,b.sc,1st year,phd,cold,1.47,7.36,24,0,travel
7598,17,male,bca,2nd year,post graduate,cold,5.78,8.56,56,0,no reason
7599,19,female,b.com,4th year,no formal,hot,0.81,7.76,12,0,personal work
7600,18,male,b.com,3rd year,post graduate,cloudy,0.54,6.04,86,1,none
7601,17,male,diploma,2nd year,high school,cold,5.18,9.04,45,1,none
7604,17,female,ba,3rd year,no formal,sunny,4.51,6.91,17,1,none
7605,19,male,bca,3rd year,phd,sunny,2.51,9.22,72,0,sick
7606,21,male,nursing,3rd year,post graduate,hot,1.28,6.97,39,0,travel
7607,18,female,bba,2nd year,phd,cold,0.32,7.16,9,1,none
7609,17,female,ba,1st year,graduate,cloudy,4.62,5.94,86,0,sick
7610,17,female,ba,2nd year,graduate,cloudy,5.0,9.15,68,1,none
7611,18,male,ba,1st year,phd,sunny,4.05,8.96,21,1,none
7612,20,male,diploma,2nd year,high school,sunny,1.17,5.84,52,0,travel
7613,22,male,nursing,2nd year,high school,sunny,2.31,8.97,76,0,none
7614,23,female,diploma,4th year,graduate,sunny,0.84,9.07,77,0,none
7615,22,male,ba,3rd year,graduate,rainy,0.24,4.17,40,0,personal work
7616,21,male,b.com,2nd year,phd,rainy,1.02,8.36,6,1,none
7617,24,female,b.tech,1st year,no formal,cloudy,2.8,8.15,85,0,no reason
7618,19,female,nursing,1st year,graduate,hot,2.39,8.24,61,0,travel
7620,24,female,b.tech,2nd year,phd,cloudy,2.25,5.21,83,0,sick
7621,21,male,b.sc,2nd year,high school,sunny,2.43,7.87,39,1,none
7626,18,female,ba,4th year,no formal,sunny,5.76,8.31,16,1,none
7629,20,female,bba,4th year,no formal,cold,5.24,6.66,8,0,no reason
7633,20,female,diploma,4th year,high school,cold,1.61,6.64,80,1,none
7634,17,female,bca,4th year,phd,hot,1.78,6.34,10,0,personal work
7637,22,male,bba,2nd year,graduate,sunny,1.7,5.92,53,1,none
7638,23,male,nursing,3rd year,high school,rainy,1.71,8.1,56,1,none
7640,22,male,b.com,3rd year,phd,cold,2.14,9.74,44,1,none
7642,20,male,bca,4th year,phd,cloudy,5.62,6.57,46,0,sick
7645,21,male,ba,4th year,graduate,hot,1.77,5.43,61,0,festival
7646,21,male,b.tech,2nd year,graduate,cold,3.32,6.64,69,1,none
7648,21,male,bba,3rd year,high school,rainy,4.19,4.58,58,1,none
7649,22,male,pharmacy,3rd year,no formal,rainy,2.45,7.71,36,1,none
7652,19,male,b.sc,1st year,graduate,hot,4.82,5.05,49,1,none
7653,19,female,bca,3rd year,graduate,cold,3.99,9.36,48,1,none
7654,18,female,b.sc,4th year,phd,hot,4.97,7.0,14,1,none
7655,19,female,ba,3rd year,phd,hot,4.27,9.6,74,0,sick
7656,23,female,nursing,4th year,no formal,cloudy,5.0,7.64,65,1,none
7657,24,female,ba,3rd year,no formal,hot,2.51,9.3,36,0,none
7658,22,male,pharmacy,2nd year,phd,cold,4.68,9.21,66,1,none
7659,21,male,b.tech,1st year,no formal,rainy,5.45,9.46,28,1,none
7661,20,male,b.sc,4th year,post graduate,cloudy,3.56,8.35,87,0,personal work
7663,21,male,ba,2nd year,high school,sunny,3.23,9.72,43,1,none
7665,20,female,b.com,1st year,high school,sunny,3.91,6.99,60,0,none
7668,19,female,diploma,3rd year,high school,cloudy,4.53,6.0,23,1,none
7670,17,female,b.tech,3rd year,graduate,rainy,2.53,9.0,36,0,sick
7675,17,female,nursing,1st year,graduate,sunny,3.83,5.37,82,1,none
7676,23,male,b.tech,3rd year,graduate,rainy,1.7,4.41,55,0,none
7677,23,female,bca,1st year,high school,rainy,4.72,8.52,82,0,festival
7678,20,male,nursing,4th year,high school,cold,0.23,9.27,77,0,none
7679,19,female,b.tech,1st year,no formal,hot,2.14,9.42,73,1,none
7681,22,male,diploma,4th year,phd,cloudy,2.43,9.54,20,1,none
7683,22,female,bba,3rd year,graduate,cold,1.0,4.68,29,0,no reason
7684,21,male,diploma,4th year,high school,cold,4.94,8.7,30,1,none
7686,17,male,diploma,3rd year,post graduate,cold,5.59,4.06,77,0,personal work
7687,21,female,pharmacy,3rd year,phd,sunny,3.83,4.34,12,0,travel
7688,17,female,ba,3rd year,high school,rainy,1.5,4.07,73,1,none
7690,24,female,ba,2nd year,graduate,cold,2.66,8.45,75,0,personal work
7691,21,male,bca,3rd year,no formal,cloudy,1.0,6.56,42,0,personal work
7692,19,female,diploma,2nd year,graduate,rainy,5.78,8.62,39,1,none
7695,22,male,b.tech,3rd year,post graduate,rainy,5.53,8.07,57,0,no reason
7696,21,female,bca,3rd year,no formal,cloudy,3.9,9.55,9,1,none
7698,17,male,diploma,2nd year,post graduate,cloudy,3.64,6.92,36,0,sick
7699,19,male,b.com,1st year,graduate,sunny,1.34,5.67,63,1,none
7701,20,female,b.tech,4th year,no formal,hot,1.43,9.7,51,1,none
7702,21,female,nursing,2nd year,graduate,cold,2.16,7.65,37,0,none
7703,19,female,bba,2nd year,no formal,cloudy,4.95,5.71,78,1,none
7704,24,female,bba,3rd year,no formal,sunny,1.17,5.97,44,0,sick
7705,19,male,b.com,1st year,graduate,hot,5.49,6.38,30,0,none
7707,20,female,ba,1st year,no formal,hot,1.49,4.97,19,1,none
7708,20,female,b.com,3rd year,phd,sunny,5.53,6.71,81,0,project work
7709,21,male,b.tech,3rd year,post graduate,cold,4.02,5.34,36,1,none
7710,19,male,ba,3rd year,graduate,hot,4.74,6.97,25,0,festival
7711,18,female,ba,1st year,phd,cloudy,5.25,7.66,67,1,none
7712,20,male,diploma,2nd year,no formal,hot,0.95,8.38,5,1,none
7715,20,male,bba,2nd year,graduate,cloudy,4.12,4.41,69,1,none
7716,22,male,ba,2nd year,post graduate,cold,5.93,5.57,5,1,none
7717,22,female,diploma,1st year,high school,cloudy,5.77,5.26,29,1,none
7718,20,male,diploma,2nd year,phd,cold,2.03,7.95,81,1,none
7720,17,male,bba,1st year,high school,hot,0.92,9.3,11,1,none
7721,20,female,b.tech,1st year,no formal,cold,2.36,7.0,28,1,none
7722,23,male,bca,1st year,post graduate,cloudy,4.51,4.17,33,0,travel
7724,24,male,b.tech,1st year,post graduate,sunny,3.05,6.86,34,0,travel
7725,22,female,nursing,1st year,post graduate,hot,0.72,4.97,25,0,no reason
7727,19,female,bca,4th year,high school,cloudy,0.16,5.86,84,1,none
7728,18,male,bca,3rd year,high school,cold,2.45,6.57,36,1,none
7729,24,male,pharmacy,3rd year,post graduate,hot,1.81,9.81,87,1,none
7730,21,female,diploma,1st year,post graduate,rainy,4.43,5.45,59,1,none
7731,19,male,diploma,1st year,high school,cloudy,5.4,6.0,55,1,none
7732,19,female,diploma,1st year,no formal,cold,5.65,4.77,13,0,none
7733,21,female,diploma,1st year,post graduate,rainy,3.24,6.73,19,1,none
7734,17,female,diploma,1st year,phd,cold,4.32,5.67,62,0,personal work
7737,21,male,b.com,3rd year,phd,cold,3.87,7.84,33,1,none
7740,18,male,bba,2nd year,phd,sunny,2.43,5.8,30,0,festival
7741,19,female,bba,1st year,high school,rainy,3.25,6.01,18,1,none
7742,23,female,diploma,2nd year,phd,cold,0.73,6.94,79,0,personal work
7743,18,female,diploma,3rd year,graduate,sunny,1.84,9.82,40,1,none
7744,18,female,b.sc,1st year,high school,sunny,3.62,8.59,57,1,none
7746,23,female,diploma,2nd year,post graduate,hot,5.93,6.42,63,1,none
7748,21,female,bca,3rd year,high school,cold,2.32,7.5,15,0,no reason
7749,24,female,ba,2nd year,graduate,rainy,2.1,9.92,81,0,personal work
7750,22,male,ba,3rd year,phd,rainy,1.99,9.83,55,0,personal work
7751,20,male,nursing,4th year,phd,rainy,5.0,8.13,23,1,none
7752,18,female,b.com,2nd year,graduate,cloudy,0.98,8.09,68,1,none
7753,17,male,nursing,2nd year,phd,cloudy,2.91,5.86,18,1,none
7755,24,male,nursing,1st year,high school,cold,1.27,5.48,18,1,none
7756,18,male,diploma,1st year,graduate,cold,0.66,7.6,8,1,none
7758,23,male,b.sc,2nd year,no formal,cloudy,4.53,9.25,30,0,travel
7759,20,male,pharmacy,3rd year,post graduate,cloudy,0.65,7.34,51,1,none
7760,19,male,bca,1st year,no formal,rainy,0.37,6.13,15,0,personal work
7763,24,male,b.sc,3rd year,high school,rainy,1.82,8.58,75,0,festival
7764,20,female,b.com,3rd year,high school,cloudy,0.13,9.19,73,1,none
7765,22,female,b.sc,3rd year,graduate,sunny,5.17,8.98,48,1,none
7767,20,female,ba,2nd year,graduate,rainy,2.22,6.91,69,0,none
7768,19,female,bca,4th year,post graduate,cloudy,3.05,7.18,47,1,none
7769,24,female,nursing,2nd year,graduate,sunny,5.11,6.43,5,0,personal work
7770,18,male,pharmacy,2nd year,post graduate,cold,0.46,8.2,44,0,none
7771,17,female,bba,4th year,high school,cold,4.01,8.63,35,1,none
7772,21,female,b.tech,4th year,high school,cloudy,4.47,8.45,30,1,none
7774,17,female,pharmacy,4th year,graduate,sunny,1.1,7.43,61,0,personal work
7776,23,female,b.tech,4th year,post graduate,hot,5.66,7.68,48,0,sick
7779,19,male,b.sc,1st year,graduate,rainy,1.36,8.76,25,0,none
7780,21,female,b.tech,1st year,phd,cold,3.27,4.73,26,0,sick
7782,23,female,b.sc,4th year,post graduate,hot,4.45,7.91,8,1,none
7784,20,female,b.com,1st year,graduate,rainy,5.75,5.44,37,0,travel
7786,22,female,nursing,4th year,graduate,rainy,3.87,9.6,22,0,festival
7787,21,female,ba,4th year,no formal,cloudy,5.08,4.43,71,1,none
7788,23,male,nursing,3rd year,graduate,rainy,2.74,8.06,24,1,none
7789,24,male,bca,3rd year,post graduate,rainy,2.86,5.97,11,0,travel
7790,24,male,ba,3rd year,post graduate,rainy,2.89,5.49,70,0,travel
7792,22,female,b.sc,3rd year,high school,hot,1.66,7.27,88,0,sick
7793,19,female,pharmacy,1st year,post graduate,rainy,5.51,8.66,79,0,project work
7794,17,female,b.com,1st year,post graduate,cold,1.48,9.94,5,1,none
7795,20,female,pharmacy,4th year,no formal,cloudy,3.33,4.56,84,1,none
7797,18,female,b.com,1st year,no formal,hot,4.74,7.4,83,1,none
7798,21,female,bba,4th year,high school,cloudy,5.92,6.85,68,0,festival
7799,18,female,b.sc,4th year,phd,hot,3.14,6.38,20,0,sick
7800,20,female,bca,2nd year,no formal,cloudy,3.07,6.22,55,0,no reason
7801,18,female,b.tech,1st year,graduate,hot,3.14,9.3,78,0,none
7802,22,male,bca,3rd year,graduate,rainy,2.51,9.57,15,0,no reason
7804,23,female,b.sc,2nd year,phd,hot,4.6,8.02,48,1,none
7805,22,female,b.sc,3rd year,phd,cloudy,3.76,5.14,9,1,none
7806,18,female,b.tech,4th year,no formal,rainy,0.38,6.62,24,1,none
7807,21,female,nursing,1st year,high school,cloudy,1.64,5.5,82,0,festival
7809,19,male,pharmacy,1st year,no formal,rainy,0.6,5.86,63,0,project work
7810,21,male,diploma,2nd year,graduate,cloudy,3.63,5.51,15,0,festival
7813,23,female,diploma,3rd year,post graduate,cold,5.88,4.72,61,0,no reason
7814,20,female,b.com,4th year,phd,sunny,1.66,4.83,60,0,travel
7815,24,female,nursing,2nd year,post graduate,cloudy,3.36,5.17,68,0,personal work
7817,21,female,ba,3rd year,graduate,hot,2.5,8.93,78,1,none
7819,23,female,nursing,3rd year,graduate,sunny,4.92,7.61,43,1,none
7820,18,female,b.com,4th year,high school,hot,3.57,7.49,34,1,none
7822,17,female,b.com,2nd year,high school,rainy,5.61,7.07,63,1,none
7823,20,male,pharmacy,2nd year,high school,rainy,4.06,5.26,65,1,none
7824,23,male,b.com,4th year,phd,cold,5.62,5.67,56,1,none
7826,19,female,bba,1st year,phd,cloudy,2.49,5.93,39,0,sick
7827,20,male,ba,4th year,no formal,cold,2.56,9.58,85,1,none
7830,18,female,diploma,2nd year,phd,rainy,5.16,6.28,62,0,none
7831,19,female,pharmacy,3rd year,phd,rainy,1.29,6.77,61,0,sick
7833,21,male,b.com,3rd year,high school,cloudy,4.97,8.75,46,0,festival
7834,24,male,diploma,4th year,high school,hot,5.52,9.2,23,0,no reason
7835,21,female,ba,3rd year,high school,cold,5.3,4.52,47,0,sick
7836,20,female,pharmacy,1st year,phd,cloudy,3.9,7.31,11,1,none
7837,22,male,b.com,4th year,post graduate,cold,2.88,4.87,86,0,no reason
7838,23,male,bba,3rd year,no formal,hot,1.85,4.99,40,0,festival
7840,20,female,nursing,3rd year,no formal,hot,0.96,7.61,40,1,none
7842,23,female,bca,4th year,phd,rainy,4.14,6.37,81,1,none
7843,23,female,nursing,4th year,graduate,cold,3.08,4.77,78,1,none
7844,18,female,ba,4th year,high school,sunny,1.3,6.11,84,0,personal work
7845,19,female,bba,3rd year,graduate,hot,1.26,6.69,26,0,personal work
7850,19,male,b.sc,4th year,phd,rainy,3.54,9.44,49,0,project work
7851,21,female,bca,1st year,no formal,cloudy,4.78,5.49,64,0,sick
7853,21,female,nursing,2nd year,no formal,rainy,1.37,8.17,54,0,project work
7854,22,female,b.tech,4th year,graduate,sunny,1.54,8.76,70,0,project work
7855,23,male,pharmacy,3rd year,high school,cold,4.11,8.94,32,1,none
7856,17,male,diploma,2nd year,post graduate,cloudy,0.22,6.26,54,0,personal work
7858,17,male,ba,2nd year,post graduate,cloudy,4.1,5.88,74,0,sick
7859,24,female,bba,1st year,post graduate,sunny,0.7,7.41,73,0,none
7860,22,female,ba,3rd year,phd,hot,4.84,5.84,22,1,none
7863,21,female,bba,2nd year,graduate,hot,0.99,5.57,65,0,project work
7864,18,male,b.com,4th year,high school,rainy,0.83,6.78,13,1,none
7865,21,female,bca,3rd year,graduate,cold,3.47,5.96,74,1,none
7867,17,female,diploma,1st year,no formal,sunny,3.25,6.92,8,1,none
7868,21,female,b.tech,1st year,high school,hot,2.22,5.05,82,0,project work
7870,17,female,b.tech,4th year,post graduate,cloudy,2.23,8.2,33,0,none
7871,19,female,bba,1st year,high school,rainy,3.48,9.38,16,1,none
7872,20,female,b.sc,3rd year,no formal,hot,5.53,7.78,13,1,none
7874,19,female,bba,4th year,graduate,rainy,1.92,9.13,40,0,sick
7875,22,male,b.com,3rd year,post graduate,hot,2.8,8.63,71,1,none
7876,20,female,nursing,4th year,post graduate,sunny,2.82,9.94,46,1,none
7882,24,female,nursing,3rd year,graduate,cold,0.25,7.55,84,0,none
7883,18,female,nursing,2nd year,phd,hot,1.15,5.7,34,1,none
7884,23,female,diploma,3rd year,post graduate,cloudy,2.56,6.04,30,0,none
7886,19,female,pharmacy,1st year,phd,rainy,4.51,6.9,33,1,none
7887,21,male,b.com,3rd year,graduate,cold,2.33,8.0,74,0,no reason
7888,23,male,b.tech,4th year,post graduate,hot,4.63,7.43,60,0,none
7889,18,male,bca,3rd year,post graduate,sunny,1.45,8.94,71,1,none
7890,18,female,bba,3rd year,post graduate,cloudy,5.87,8.38,51,0,sick
7895,17,male,diploma,1st year,graduate,sunny,0.69,9.67,52,1,none
7899,19,female,bca,4th year,no formal,hot,2.48,9.14,32,1,none
7900,17,male,nursing,4th year,post graduate,sunny,2.99,6.0,80,0,no reason
7902,19,male,ba,2nd year,phd,sunny,0.7,6.33,42,0,personal work
7906,23,female,b.sc,4th year,graduate,cold,2.91,7.78,34,1,none
7910,17,female,diploma,4th year,high school,cold,0.7,4.91,12,1,none
7911,21,female,b.com,3rd year,high school,sunny,3.63,7.05,45,0,no reason
7913,24,male,ba,2nd year,no formal,cold,0.08,5.31,55,0,festival
7914,18,male,ba,1st year,graduate,cold,0.97,7.55,53,0,sick
7915,24,female,bca,4th year,post graduate,cloudy,5.66,8.93,60,1,none
7916,22,female,bca,1st year,graduate,hot,2.85,6.95,74,0,no reason
7919,20,male,b.com,3rd year,high school,cloudy,0.57,5.9,77,1,none
7920,19,male,diploma,2nd year,no formal,rainy,5.61,9.6,19,0,festival
7922,21,female,b.com,3rd year,no formal,cloudy,4.37,6.71,86,0,no reason
7923,18,male,bba,1st year,phd,cloudy,0.38,9.27,46,0,none
7924,18,female,bba,1st year,no formal,hot,4.81,6.73,89,1,none
7926,24,female,b.sc,2nd year,graduate,rainy,3.3,6.66,59,1,none
7927,19,female,nursing,3rd year,graduate,rainy,5.1,7.05,25,1,none
7928,24,female,bca,2nd year,phd,cloudy,3.29,8.94,6,1,none
7930,19,female,diploma,2nd year,no formal,sunny,0.18,9.13,9,1,none
7933,20,female,bba,1st year,high school,cold,2.1,9.41,30,1,none
7934,22,female,b.com,4th year,phd,hot,0.68,5.41,73,1,none
7936,18,male,b.sc,3rd year,graduate,cloudy,2.79,7.25,34,1,none
7937,20,male,bca,3rd year,no formal,rainy,2.03,7.67,69,0,travel
7938,17,male,ba,4th year,graduate,hot,0.13,4.35,25,0,travel
7942,21,male,bca,2nd year,post graduate,rainy,4.85,5.77,70,1,none
7943,18,male,ba,2nd year,no formal,cloudy,0.94,9.73,49,0,no reason
7944,24,male,bba,3rd year,high school,rainy,1.46,9.54,47,0,none
7945,21,male,bca,1st year,graduate,cold,0.67,9.58,29,1,none
7946,22,male,b.sc,1st year,graduate,sunny,3.45,8.84,77,1,none
7947,18,female,bca,3rd year,no formal,cold,2.32,4.27,40,1,none
7949,17,male,nursing,4th year,graduate,rainy,3.59,4.86,70,0,sick
7952,24,male,bba,2nd year,high school,rainy,5.14,6.05,14,1,none
7953,17,male,nursing,3rd year,post graduate,hot,1.51,9.83,42,1,none
7954,22,female,pharmacy,1st year,post graduate,hot,2.17,6.68,69,0,project work
7958,24,male,ba,2nd year,no formal,rainy,3.94,9.94,64,0,personal work
7961,17,female,b.com,1st year,phd,sunny,2.41,6.34,20,0,festival
7962,21,male,b.com,1st year,graduate,hot,2.38,4.66,68,1,none
7963,20,male,bca,2nd year,post graduate,cloudy,1.4,7.37,31,0,travel
7964,17,male,bca,3rd year,phd,cold,3.03,5.63,24,0,project work
7966,18,male,ba,2nd year,high school,cloudy,3.55,9.92,24,0,sick
7968,17,male,bba,3rd year,post graduate,cloudy,0.26,4.26,24,0,no reason
7971,17,female,ba,2nd year,no formal,cold,0.57,4.12,14,0,project work
7972,20,female,nursing,3rd year,high school,hot,4.94,9.63,11,1,none
7973,18,male,nursing,4th year,phd,sunny,3.26,8.02,68,1,none
7974,18,male,b.sc,4th year,no formal,cold,1.69,9.94,23,1,none
7978,20,female,diploma,4th year,post graduate,rainy,1.02,6.81,81,1,none
7979,24,male,diploma,3rd year,graduate,rainy,0.05,7.71,51,1,none
7980,24,male,ba,4th year,post graduate,cold,5.55,5.02,78,1,none
7982,21,male,b.tech,1st year,high school,cold,3.43,7.9,75,0,no reason
7983,20,male,bca,2nd year,post graduate,cloudy,4.49,4.68,37,0,sick
7984,22,male,bba,3rd year,no formal,sunny,2.61,8.12,37,0,travel
7985,17,female,nursing,3rd year,graduate,hot,0.25,7.52,52,1,none
7987,19,female,bca,3rd year,no formal,hot,5.23,9.39,50,1,none
7989,18,female,pharmacy,1st year,post graduate,rainy,2.92,8.99,31,1,none
7991,17,male,b.sc,2nd year,phd,cold,2.86,8.58,84,1,none
7992,22,female,bba,1st year,post graduate,cold,1.6,9.89,89,1,none
7993,17,male,ba,3rd year,no formal,cold,0.99,7.17,77,0,festival
7995,20,female,nursing,4th year,high school,cloudy,3.64,5.67,12,0,no reason
7996,22,male,bba,3rd year,graduate,sunny,4.78,4.25,46,0,none
7997,19,male,b.com,4th year,phd,rainy,5.59,5.98,30,0,none
7998,18,female,bca,3rd year,post graduate,cloudy,3.19,9.94,69,0,travel
7999,18,female,ba,1st year,no formal,cloudy,1.59,9.01,13,1,none
8000,22,male,b.sc,3rd year,high school,cloudy,5.27,5.41,83,0,project work
8001,22,female,diploma,3rd year,no formal,sunny,5.25,4.59,45,0,sick
8004,24,male,pharmacy,4th year,high school,cloudy,2.22,9.52,61,0,personal work
8007,18,male,b.sc,3rd year,high school,rainy,4.46,9.94,74,1,none
8008,19,male,ba,1st year,graduate,cloudy,0.99,9.92,20,1,none
8009,21,male,b.com,2nd year,phd,cloudy,5.25,5.45,26,0,personal work
8012,17,female,bca,4th year,post graduate,rainy,1.17,7.2,64,0,none
8014,23,female,bba,3rd year,phd,rainy,3.55,7.66,66,0,festival
8018,18,female,pharmacy,4th year,graduate,hot,3.04,5.98,73,0,no reason
8019,21,female,nursing,2nd year,post graduate,sunny,0.83,4.86,74,0,no reason
8020,19,male,ba,4th year,high school,cloudy,1.97,6.1,62,0,sick
8022,24,male,b.sc,3rd year,no formal,cold,5.76,9.18,45,1,none
8023,18,female,b.com,2nd year,graduate,cold,1.15,4.41,34,0,personal work
8024,18,female,pharmacy,2nd year,graduate,rainy,2.12,4.69,77,0,personal work
8030,19,female,b.tech,4th year,graduate,hot,0.2,8.08,81,0,no reason
8031,21,female,pharmacy,1st year,phd,rainy,3.98,4.29,75,0,travel
8033,19,female,nursing,4th year,high school,rainy,0.34,7.59,73,0,sick
8034,23,female,pharmacy,1st year,phd,sunny,2.45,9.33,60,1,none
8035,20,male,b.com,1st year,no formal,sunny,0.4,7.9,84,0,festival
8036,24,female,nursing,3rd year,graduate,sunny,5.73,8.51,55,1,none
8037,17,female,b.com,3rd year,no formal,cold,4.65,6.94,19,0,travel
8038,19,male,b.sc,3rd year,high school,sunny,3.11,4.69,54,1,none
8042,24,male,bca,1st year,phd,sunny,5.77,9.47,78,1,none
8043,18,male,b.com,4th year,high school,sunny,3.23,8.26,7,0,none
8044,20,male,bca,2nd year,post graduate,cold,5.08,5.19,20,1,none
8047,24,female,ba,3rd year,graduate,rainy,1.67,6.09,81,0,festival
8048,22,male,b.sc,1st year,phd,cloudy,0.07,6.14,60,0,sick
8049,23,female,ba,1st year,phd,cold,1.56,4.52,21,1,none
8051,24,female,ba,2nd year,high school,hot,1.43,4.68,85,0,travel
8052,20,male,b.tech,2nd year,no formal,rainy,0.05,6.11,20,0,no reason
8053,22,female,ba,2nd year,no formal,rainy,0.74,5.55,46,0,no reason
8056,21,female,bca,1st year,high school,cold,2.06,8.3,8,1,none
8058,22,male,b.sc,3rd year,no formal,cloudy,2.16,9.07,27,0,no reason
8060,20,male,b.tech,3rd year,post graduate,cloudy,3.33,5.18,6,1,none
8061,21,female,bba,2nd year,no formal,cloudy,4.73,4.33,71,1,none
8062,18,female,bba,2nd year,phd,cloudy,4.95,9.62,8,1,none
8064,23,male,bca,4th year,phd,rainy,4.87,8.88,78,0,personal work
8065,22,male,diploma,2nd year,phd,hot,0.88,8.35,22,0,festival
8067,21,female,bba,1st year,graduate,hot,1.46,4.84,84,0,travel
8069,17,female,bba,2nd year,no formal,hot,2.48,8.24,6,0,none
8070,17,female,ba,1st year,phd,hot,3.51,6.02,51,1,none
8075,23,male,nursing,1st year,graduate,cold,5.39,8.57,62,1,none
8076,21,male,b.tech,1st year,high school,hot,2.38,4.39,12,1,none
8078,17,female,pharmacy,1st year,post graduate,hot,1.04,5.36,76,1,none
8079,23,male,b.com,3rd year,graduate,cold,2.99,7.56,27,1,none
8080,24,male,ba,1st year,high school,rainy,4.28,4.19,43,1,none
8081,20,female,ba,1st year,high school,sunny,2.49,6.76,83,1,none
8082,21,female,ba,1st year,post graduate,hot,3.19,6.02,69,0,sick
8086,22,female,ba,2nd year,graduate,sunny,4.8,8.59,76,1,none
8090,21,female,pharmacy,3rd year,post graduate,sunny,2.95,6.93,56,0,sick
8091,19,male,b.tech,1st year,graduate,cold,0.32,8.64,51,0,project work
8092,22,male,bca,4th year,post graduate,rainy,0.66,6.86,60,1,none
8097,19,female,b.com,1st year,phd,cold,5.67,5.84,39,1,none
8098,17,male,pharmacy,2nd year,graduate,cloudy,4.38,9.94,9,0,no reason
8099,22,male,b.com,1st year,phd,hot,3.47,9.94,76,1,none
8101,24,male,b.com,4th year,high school,hot,0.74,7.85,85,0,travel
8102,18,female,ba,1st year,phd,cloudy,5.58,6.94,14,0,sick
8104,18,female,b.tech,4th year,post graduate,sunny,1.3,5.34,50,1,none
8106,20,female,bca,2nd year,post graduate,hot,4.11,6.8,46,1,none
8108,22,male,b.tech,3rd year,high school,sunny,5.62,9.57,46,1,none
8109,23,female,pharmacy,1st year,high school,cloudy,1.24,9.85,53,1,none
8110,19,male,b.com,4th year,graduate,sunny,1.9,7.63,75,0,personal work
8111,23,male,b.com,4th year,phd,rainy,3.41,6.74,20,1,none
8113,19,female,b.tech,2nd year,post graduate,cold,0.83,4.61,59,0,none
8114,19,female,b.sc,2nd year,no formal,sunny,3.4,6.03,74,0,project work
8115,24,female,b.tech,3rd year,post graduate,rainy,3.11,7.93,68,0,personal work
8116,17,male,bba,4th year,phd,cloudy,2.77,7.13,77,1,none
8117,20,male,bba,3rd year,graduate,rainy,5.44,5.21,23,0,festival
8119,23,male,pharmacy,1st year,no formal,cold,5.6,4.07,50,0,project work
8120,20,female,b.com,4th year,phd,cloudy,0.57,8.7,79,1,none
8121,24,male,b.tech,4th year,no formal,cloudy,2.19,9.29,11,1,none
8123,22,male,diploma,1st year,post graduate,hot,4.2,8.18,86,0,travel
8124,23,female,bba,1st year,no formal,cold,5.39,8.2,42,1,none
8126,20,female,b.com,1st year,post graduate,hot,1.66,6.72,72,1,none
8127,21,female,b.sc,1st year,graduate,cold,1.93,8.64,59,1,none
8128,18,female,ba,1st year,phd,rainy,0.61,6.75,21,0,festival
8129,17,female,diploma,1st year,no formal,rainy,4.07,8.3,73,0,project work
8130,18,male,bca,4th year,graduate,sunny,3.17,8.36,50,0,travel
8131,23,female,diploma,1st year,high school,cold,1.6,5.04,75,0,sick
8132,22,female,b.tech,4th year,graduate,hot,4.51,6.29,31,0,no reason
8134,22,female,diploma,3rd year,post graduate,cloudy,2.16,9.03,39,0,sick
8136,23,male,bca,4th year,phd,sunny,3.58,5.7,21,0,personal work
8137,24,female,b.tech,3rd year,phd,cold,3.97,8.18,30,0,no reason
8138,24,female,pharmacy,1st year,high school,hot,3.57,8.53,46,0,sick
8140,23,female,bca,1st year,graduate,cloudy,4.36,4.67,84,0,sick
8142,20,male,diploma,4th year,phd,hot,2.23,7.71,13,1,none
8145,20,female,b.sc,2nd year,graduate,rainy,0.05,9.53,67,0,project work
8146,24,male,nursing,4th year,no formal,sunny,2.21,6.97,14,1,none
8147,18,female,diploma,3rd year,high school,rainy,4.77,8.05,25,0,no reason
8149,17,female,b.tech,4th year,graduate,rainy,1.14,6.4,74,0,sick
8150,23,male,bba,3rd year,phd,sunny,4.85,8.25,64,1,none
8151,20,female,bca,2nd year,no formal,sunny,1.86,7.99,20,1,none
8153,22,male,diploma,2nd year,phd,rainy,2.52,7.94,37,1,none
8154,20,female,bca,1st year,high school,hot,2.79,9.76,46,1,none
8155,21,female,b.com,2nd year,phd,rainy,1.23,5.09,10,0,sick
8157,18,female,bba,1st year,graduate,hot,1.28,5.2,28,1,none
8158,24,female,pharmacy,2nd year,phd,cold,4.01,5.47,61,1,none
8159,20,female,bba,3rd year,high school,cloudy,2.54,5.31,72,0,project work
8160,18,female,bba,1st year,post graduate,cold,1.01,7.33,82,1,none
8161,19,female,bca,1st year,no formal,sunny,4.84,5.29,13,1,none
8162,19,male,nursing,4th year,graduate,cloudy,1.8,6.63,35,0,sick
8163,19,male,pharmacy,4th year,no formal,hot,3.25,8.94,11,1,none
8165,22,female,bba,1st year,high school,cloudy,1.6,7.56,23,1,none
8166,17,female,b.tech,2nd year,phd,sunny,1.86,6.06,87,0,festival
8167,19,female,b.tech,1st year,phd,cold,3.44,6.61,85,0,personal work
8170,24,female,ba,3rd year,post graduate,sunny,2.26,4.53,11,1,none
8171,24,male,bca,2nd year,phd,cloudy,4.87,4.84,86,0,personal work
8173,21,male,b.com,4th year,graduate,cold,5.92,7.19,45,0,sick
8174,17,male,b.tech,2nd year,post graduate,cold,3.47,5.68,69,0,personal work
8175,21,male,diploma,4th year,graduate,rainy,3.88,8.99,34,0,project work
8176,18,female,bba,4th year,post graduate,rainy,0.42,5.12,74,0,travel
8177,17,female,b.sc,2nd year,no formal,hot,0.13,9.71,85,0,sick
8178,22,male,bca,2nd year,no formal,cold,3.03,5.82,45,0,project work
8179,18,male,b.sc,1st year,no formal,hot,5.44,8.08,84,1,none
8180,20,male,nursing,4th year,high school,cloudy,1.2,9.32,69,0,personal work
8181,17,female,b.com,3rd year,graduate,cold,2.09,4.73,87,0,none
8182,22,male,b.com,2nd year,high school,cloudy,3.8,4.49,12,0,personal work
8183,23,female,nursing,3rd year,graduate,sunny,4.32,6.77,17,1,none
8184,21,female,diploma,2nd year,no formal,sunny,2.19,4.29,75,1,none
8187,18,female,bba,2nd year,high school,sunny,0.13,9.0,57,1,none
8188,18,female,b.sc,3rd year,post graduate,cloudy,2.37,6.85,83,0,sick
8189,18,male,b.com,3rd year,no formal,rainy,1.42,7.14,10,0,no reason
8190,18,female,pharmacy,1st year,post graduate,hot,3.39,4.24,53,1,none
8191,19,female,pharmacy,1st year,high school,rainy,1.04,6.28,82,0,none
8192,18,male,diploma,2nd year,phd,hot,1.68,4.26,14,0,none
8194,18,male,nursing,1st year,phd,cold,5.25,7.79,27,1,none
8195,21,male,ba,4th year,post graduate,cloudy,5.76,9.22,68,1,none
8198,21,female,b.sc,4th year,no formal,hot,2.05,8.06,77,1,none
8199,24,female,pharmacy,2nd year,post graduate,hot,1.86,6.34,17,1,none
8201,19,male,b.com,1st year,no formal,rainy,2.45,9.29,61,0,travel
8202,21,female,bba,1st year,no formal,cold,2.02,6.82,7,0,no reason
8203,22,male,b.com,1st year,post graduate,rainy,1.76,4.07,51,0,project work
8204,20,female,b.com,2nd year,no formal,cloudy,4.64,4.48,74,0,none
8206,20,female,pharmacy,3rd year,high school,sunny,4.87,6.72,83,0,personal work
8208,19,female,b.sc,2nd year,no formal,rainy,3.42,7.54,52,1,none
8210,22,male,b.com,3rd year,no formal,sunny,5.53,9.13,66,1,none
8211,17,male,bba,4th year,post graduate,rainy,4.94,6.76,84,0,personal work
8212,24,male,b.com,1st year,post graduate,cold,5.79,4.28,52,0,travel
8214,17,female,b.com,3rd year,graduate,cloudy,5.38,7.28,81,1,none
8215,22,male,ba,1st year,no formal,rainy,4.81,4.5,81,0,travel
8216,21,male,pharmacy,3rd year,high school,hot,0.05,8.77,44,0,festival
8217,24,female,diploma,2nd year,no formal,sunny,0.27,4.3,87,1,none
8218,20,male,diploma,2nd year,no formal,hot,3.43,6.95,32,1,none
8222,21,male,nursing,1st year,no formal,cold,3.03,8.73,43,1,none
8223,23,female,b.tech,3rd year,post graduate,sunny,2.83,7.55,61,1,none
8224,24,female,diploma,1st year,phd,cloudy,5.61,7.4,19,1,none
8225,23,female,nursing,1st year,no formal,sunny,0.91,9.05,50,1,none
8226,21,female,b.com,1st year,phd,cloudy,5.25,7.75,11,1,none
8227,21,male,b.sc,3rd year,no formal,sunny,1.87,7.98,51,1,none
8228,19,male,b.sc,4th year,phd,rainy,0.99,8.63,62,0,no reason
8229,23,female,b.tech,4th year,post graduate,cold,3.17,8.99,45,1,none
8230,19,male,nursing,4th year,phd,hot,2.39,4.06,54,0,personal work
8231,19,male,nursing,1st year,no formal,hot,1.63,8.45,71,1,none
8232,23,female,diploma,1st year,graduate,sunny,5.8,4.77,37,1,none
8234,19,female,pharmacy,1st year,graduate,hot,1.08,6.17,20,0,none
8235,23,male,diploma,1st year,no formal,cloudy,5.21,7.72,64,1,none
8238,21,male,b.sc,1st year,post graduate,cold,3.28,8.58,45,0,project work
8239,20,male,nursing,2nd year,high school,rainy,0.9,5.9,13,0,festival
8241,24,female,b.sc,2nd year,graduate,cloudy,5.68,8.09,75,1,none
8242,21,male,b.sc,2nd year,post graduate,hot,2.06,9.14,61,0,project work
8243,23,male,b.tech,1st year,graduate,hot,3.34,7.42,75,0,none
8244,21,male,bba,3rd year,high school,sunny,4.77,5.65,56,1,none
8245,24,female,b.com,2nd year,high school,hot,1.11,4.08,64,0,no reason
8246,20,female,pharmacy,4th year,phd,hot,2.17,7.51,73,0,project work
8247,20,female,pharmacy,1st year,no formal,cold,2.25,6.48,37,1,none
8248,20,male,b.sc,4th year,graduate,rainy,0.97,7.91,77,0,sick
8249,24,female,nursing,3rd year,high school,cloudy,4.0,4.83,82,0,travel
8250,21,female,b.tech,2nd year,high school,hot,4.4,5.24,81,0,no reason
8253,21,male,b.sc,3rd year,phd,cloudy,2.0,8.55,32,1,none
8254,23,male,b.tech,1st year,phd,hot,2.19,6.38,19,1,none
8255,20,female,b.sc,3rd year,post graduate,rainy,3.99,4.7,39,0,personal work
8256,21,female,bca,3rd year,phd,rainy,3.99,4.32,31,1,none
8258,21,female,b.com,3rd year,no formal,hot,3.65,6.0,82,0,sick
8259,24,male,b.sc,3rd year,phd,sunny,3.43,8.29,23,1,none
8260,22,female,nursing,2nd year,phd,hot,5.93,6.32,62,1,none
8262,23,male,nursing,1st year,phd,cold,1.51,9.32,47,1,none
8264,17,male,b.com,4th year,phd,hot,2.55,5.92,24,1,none
8266,18,female,bba,2nd year,post graduate,rainy,0.71,5.46,24,1,none
8267,21,female,b.tech,3rd year,post graduate,cloudy,4.64,6.92,55,1,none
8268,18,male,b.com,4th year,post graduate,hot,1.05,8.58,42,1,none
8270,19,female,nursing,3rd year,no formal,cloudy,2.62,7.48,38,1,none
8271,17,female,ba,3rd year,high school,sunny,4.45,4.25,74,1,none
8272,17,female,b.sc,1st year,no formal,cloudy,0.94,5.16,57,1,none
8273,21,female,b.tech,3rd year,post graduate,cloudy,1.58,7.02,88,1,none
8274,17,female,b.com,4th year,no formal,hot,4.09,6.37,31,1,none
8276,23,male,nursing,1st year,post graduate,cold,5.67,5.94,22,0,none
8277,22,male,b.com,2nd year,phd,rainy,5.65,4.78,17,0,travel
8280,22,female,pharmacy,3rd year,no formal,cold,1.51,4.87,63,0,no reason
8281,20,female,diploma,1st year,high school,cold,2.68,7.35,53,0,project work
8282,17,male,bca,1st year,post graduate,hot,1.47,5.89,26,1,none
8283,21,male,pharmacy,1st year,phd,cold,1.74,9.75,86,0,personal work
8285,17,female,nursing,3rd year,no formal,sunny,1.44,5.62,38,0,no reason
8286,17,male,ba,2nd year,high school,cold,3.9,7.18,79,1,none
8288,21,female,bca,4th year,post graduate,sunny,0.08,5.5,5,0,none
8289,20,female,ba,4th year,graduate,rainy,4.84,4.15,33,1,none
8292,17,male,bca,1st year,graduate,rainy,2.97,5.32,31,1,none
8293,17,female,b.com,3rd year,no formal,cloudy,4.68,8.93,57,1,none
8294,17,male,b.com,3rd year,phd,cloudy,1.73,9.3,57,0,project work
8297,20,female,b.com,1st year,graduate,cloudy,2.1,4.07,29,0,sick
8298,17,male,b.sc,3rd year,phd,hot,1.97,4.27,22,0,no reason
8300,24,female,ba,4th year,graduate,cold,1.97,4.08,33,0,no reason
8301,18,male,ba,2nd year,phd,cloudy,4.76,4.63,14,0,personal work
8302,20,female,b.sc,4th year,high school,rainy,5.9,4.46,68,1,none
8303,21,female,b.tech,2nd year,post graduate,hot,0.05,6.99,78,1,none
8304,19,male,diploma,2nd year,no formal,rainy,0.97,9.28,68,1,none
8307,20,male,nursing,1st year,high school,hot,5.69,6.73,72,1,none
8309,21,female,b.com,4th year,phd,cloudy,0.57,7.58,86,0,festival
8312,20,female,ba,3rd year,no formal,cloudy,1.64,7.8,85,0,travel
8316,22,female,pharmacy,1st year,high school,sunny,2.01,9.67,34,1,none
8320,22,male,nursing,2nd year,graduate,hot,0.19,6.22,44,0,travel
8321,21,female,b.com,2nd year,no formal,cloudy,2.9,6.62,45,0,travel
8322,22,female,b.tech,1st year,no formal,rainy,1.33,6.65,11,0,personal work
8323,19,female,b.com,4th year,post graduate,rainy,2.05,5.8,49,0,festival
8324,21,female,diploma,2nd year,post graduate,hot,4.12,9.65,86,0,project work
8326,19,female,b.com,4th year,phd,hot,4.11,7.91,83,1,none
8329,22,male,bca,4th year,graduate,cold,2.55,6.55,18,0,no reason
8330,17,female,nursing,4th year,high school,sunny,5.48,6.61,56,1,none
8331,18,female,b.sc,2nd year,post graduate,sunny,4.22,4.56,23,0,none
8333,17,female,pharmacy,4th year,high school,sunny,1.95,9.66,10,1,none
8334,24,female,nursing,3rd year,graduate,cloudy,0.1,4.7,84,1,none
8336,20,male,bba,3rd year,graduate,rainy,4.88,5.97,71,1,none
8337,21,female,b.sc,1st year,post graduate,cloudy,2.69,9.05,37,1,none
8340,24,male,bba,2nd year,phd,cold,5.58,9.03,34,1,none
8342,18,male,b.sc,1st year,post graduate,cold,4.39,6.06,82,0,personal work
8343,22,male,ba,4th year,post graduate,hot,1.5,8.0,39,1,none
8345,24,female,bca,1st year,phd,sunny,1.81,7.96,12,1,none
8346,19,female,ba,2nd year,no formal,sunny,1.68,7.83,58,0,sick
8347,19,female,b.tech,1st year,post graduate,sunny,2.13,9.94,67,1,none
8349,23,male,b.sc,4th year,graduate,cold,0.97,7.94,81,0,none
8350,18,male,ba,3rd year,post graduate,cloudy,5.06,7.19,69,0,travel
8351,21,female,b.sc,2nd year,phd,cold,0.08,6.02,10,1,none
8353,21,female,b.sc,3rd year,graduate,cold,1.3,8.18,63,0,sick
8357,22,female,pharmacy,4th year,no formal,hot,0.35,6.96,81,0,no reason
8358,22,female,ba,1st year,post graduate,cloudy,0.13,8.5,67,0,project work
8359,24,male,bca,4th year,post graduate,cloudy,2.8,9.18,50,1,none
8360,18,male,nursing,1st year,phd,cold,3.12,7.26,39,1,none
8361,22,female,pharmacy,3rd year,no formal,rainy,1.0,6.02,16,0,none
8364,24,female,nursing,4th year,high school,cloudy,0.23,5.75,75,0,project work
8365,22,female,b.com,4th year,graduate,hot,0.78,4.95,86,0,sick
8367,20,male,nursing,4th year,no formal,sunny,1.05,6.99,58,0,sick
8368,20,male,ba,1st year,graduate,cloudy,3.94,5.2,16,1,none
8370,24,female,diploma,2nd year,high school,rainy,2.58,7.88,38,1,none
8371,23,male,b.tech,3rd year,post graduate,sunny,5.9,6.55,47,0,no reason
8372,22,male,b.tech,2nd year,high school,cloudy,5.36,8.31,37,0,none
8373,17,male,pharmacy,2nd year,graduate,rainy,4.57,9.07,57,1,none
8374,24,male,bca,3rd year,no formal,rainy,0.45,5.71,29,0,sick
8375,18,female,bca,1st year,post graduate,cold,2.25,5.76,19,1,none
8380,18,male,b.com,2nd year,graduate,hot,1.34,6.94,29,1,none
8381,17,male,diploma,3rd year,phd,sunny,3.27,5.37,66,0,personal work
8382,20,male,b.tech,3rd year,no formal,cold,3.13,4.72,9,1,none
8384,24,female,bba,2nd year,phd,rainy,1.16,4.62,80,0,sick
8386,21,female,b.sc,2nd year,high school,sunny,4.78,6.13,74,1,none
8388,24,female,bba,4th year,post graduate,cloudy,4.05,9.72,24,1,none
8390,24,male,bca,1st year,phd,hot,2.38,6.77,87,1,none
8392,24,female,bba,1st year,high school,cloudy,0.11,5.65,24,1,none
8393,17,male,nursing,1st year,graduate,sunny,5.32,5.68,6,1,none
8394,17,male,b.com,1st year,post graduate,rainy,3.49,9.69,23,1,none
8395,24,male,nursing,1st year,graduate,hot,5.17,7.9,87,1,none
8396,22,male,nursing,1st year,graduate,rainy,1.51,9.28,43,0,travel
8398,24,male,diploma,3rd year,no formal,sunny,4.68,5.72,49,1,none
8399,17,female,b.sc,1st year,phd,cloudy,1.06,8.45,63,1,none
8400,22,female,bba,3rd year,post graduate,rainy,5.75,5.79,81,0,no reason
8401,18,female,pharmacy,1st year,high school,cloudy,2.96,6.17,48,1,none
8402,17,female,b.sc,3rd year,graduate,cloudy,0.82,9.53,54,1,none
8406,17,female,b.tech,4th year,high school,cold,5.5,6.68,42,1,none
8408,17,male,bba,4th year,no formal,hot,5.47,4.34,28,1,none
8410,24,male,b.tech,2nd year,phd,cloudy,5.93,4.46,30,1,none
8411,23,male,pharmacy,2nd year,post graduate,hot,3.06,7.84,18,1,none
8414,22,male,b.tech,1st year,high school,hot,0.57,6.93,56,0,no reason
8416,21,male,bba,3rd year,phd,rainy,5.74,7.41,41,1,none
8417,20,male,b.sc,2nd year,high school,hot,3.33,6.91,35,0,festival
8419,18,male,b.com,2nd year,post graduate,rainy,2.76,5.44,41,0,personal work
8420,23,male,bba,2nd year,high school,rainy,3.54,6.54,84,0,project work
8422,18,female,b.com,1st year,graduate,cloudy,0.27,8.79,74,0,sick
8423,19,female,nursing,1st year,graduate,cold,0.62,9.94,87,0,festival
8425,20,male,b.com,3rd year,post graduate,rainy,1.21,7.94,15,1,none
8427,17,male,b.com,2nd year,graduate,cold,5.23,7.93,8,1,none
8428,21,female,bba,1st year,phd,rainy,1.32,4.86,23,0,travel
8429,21,male,bba,2nd year,high school,cold,0.14,5.52,76,0,project work
8430,17,male,ba,2nd year,post graduate,rainy,5.8,6.85,36,1,none
8431,18,male,b.tech,1st year,phd,rainy,0.98,5.84,65,0,sick
8432,17,female,diploma,3rd year,post graduate,rainy,4.68,5.16,87,1,none
8434,19,male,ba,3rd year,phd,cold,4.46,7.38,42,1,none
8435,17,female,bca,1st year,phd,rainy,0.54,9.48,48,1,none
8439,22,male,bca,1st year,post graduate,hot,3.43,6.58,57,0,none
8440,20,female,bba,1st year,phd,rainy,5.23,9.94,37,0,no reason
8441,18,female,b.tech,4th year,graduate,hot,4.02,7.43,57,0,festival
8442,19,female,diploma,4th year,graduate,hot,4.64,4.55,11,0,sick
8443,17,male,diploma,2nd year,phd,cloudy,5.17,6.63,60,0,no reason
8444,22,male,bca,2nd year,post graduate,hot,1.42,5.05,23,1,none
8446,20,male,nursing,4th year,no formal,cloudy,4.36,5.82,58,1,none
8448,23,male,b.com,3rd year,post graduate,sunny,2.1,7.39,39,0,travel
8449,18,female,diploma,4th year,high school,cold,5.09,7.88,56,1,none
8450,21,female,b.tech,2nd year,no formal,sunny,0.75,6.17,87,0,personal work
8453,21,male,b.com,3rd year,post graduate,sunny,0.61,6.55,86,1,none
8455,18,male,ba,1st year,high school,cloudy,2.4,9.44,76,1,none
8458,20,male,pharmacy,1st year,high school,cold,3.6,7.01,30,1,none
8459,19,female,diploma,3rd year,graduate,cold,2.82,8.29,69,1,none
8462,22,female,b.tech,2nd year,post graduate,rainy,4.26,9.4,86,0,no reason
8463,17,male,ba,3rd year,post graduate,hot,1.94,8.86,44,1,none
8464,20,female,bca,4th year,graduate,sunny,0.77,9.07,15,0,none
8466,20,female,b.com,2nd year,graduate,sunny,2.38,7.48,63,1,none
8467,23,male,bca,3rd year,phd,rainy,2.25,4.42,76,0,project work
8468,22,male,bca,2nd year,post graduate,rainy,4.65,8.11,26,0,no reason
8469,17,male,ba,1st year,phd,rainy,2.17,6.11,12,0,sick
8470,21,female,b.com,4th year,graduate,hot,4.68,8.65,66,0,sick
8471,18,female,ba,2nd year,post graduate,cloudy,0.44,8.99,21,1,none
8472,20,female,diploma,2nd year,phd,hot,1.55,7.84,20,1,none
8474,23,female,b.sc,3rd year,post graduate,rainy,1.96,9.32,68,0,festival
8475,23,female,pharmacy,2nd year,graduate,rainy,2.45,9.33,41,0,none
8476,20,female,b.sc,1st year,graduate,hot,2.62,4.91,46,1,none
8477,21,female,diploma,3rd year,high school,hot,4.92,5.45,76,1,none
8479,22,male,b.com,1st year,phd,rainy,0.89,9.5,88,0,none
8480,22,female,bca,1st year,phd,sunny,5.18,9.04,51,1,none
8481,23,male,nursing,4th year,high school,sunny,1.96,5.16,73,1,none
8482,24,male,bca,3rd year,phd,rainy,5.4,5.33,43,1,none
8483,23,male,b.tech,3rd year,post graduate,sunny,5.2,5.18,13,0,sick
8484,18,female,pharmacy,2nd year,high school,hot,0.47,8.9,23,1,none
8487,21,male,b.tech,4th year,graduate,cold,4.48,4.41,66,1,none
8489,22,male,bba,4th year,no formal,hot,5.75,5.13,52,1,none
8490,20,male,b.sc,4th year,graduate,rainy,0.47,5.03,55,0,project work
8491,19,female,bca,1st year,no formal,hot,5.07,6.74,42,0,personal work
8493,23,female,bba,2nd year,post graduate,cold,1.88,7.35,41,0,festival
8494,19,male,bca,2nd year,phd,cloudy,0.11,6.53,52,0,no reason
8495,17,female,nursing,2nd year,high school,cloudy,5.35,6.51,58,1,none
8496,24,male,diploma,2nd year,phd,hot,3.65,5.94,37,1,none
8497,18,male,bca,2nd year,no formal,cloudy,1.37,6.0,58,1,none
8498,21,male,b.tech,3rd year,no formal,sunny,5.71,7.98,76,1,none
8499,23,female,b.com,2nd year,high school,rainy,2.12,7.01,31,1,none
8500,19,male,bca,3rd year,high school,cloudy,2.04,9.56,86,0,none
8502,19,male,bba,2nd year,no formal,hot,3.13,4.57,42,1,none
8503,18,male,diploma,1st year,graduate,sunny,5.01,6.07,17,0,none
8506,20,female,b.sc,3rd year,graduate,hot,0.05,8.58,37,0,no reason
8507,21,male,ba,2nd year,post graduate,hot,3.61,6.43,78,0,no reason
8508,17,male,b.com,4th year,graduate,sunny,5.06,6.23,86,0,none
8513,17,male,b.com,1st year,phd,rainy,5.04,9.04,46,1,none
8515,20,female,nursing,1st year,no formal,cloudy,1.51,5.07,79,0,no reason
8517,24,female,b.sc,4th year,graduate,cloudy,3.72,9.36,68,1,none
8521,24,female,diploma,4th year,no formal,cold,0.21,8.06,78,0,festival
8522,22,male,ba,1st year,no formal,rainy,0.21,7.74,48,1,none
8523,24,female,nursing,4th year,post graduate,sunny,0.71,5.78,19,0,project work
8524,20,female,ba,1st year,graduate,cold,1.0,8.25,47,0,personal work
8525,19,male,bca,3rd year,post graduate,sunny,2.46,9.22,57,0,sick
8527,23,male,bba,4th year,post graduate,rainy,0.17,4.67,19,0,no reason
8528,24,female,bba,3rd year,no formal,sunny,1.37,8.31,13,1,none
8531,21,female,ba,3rd year,post graduate,hot,0.05,6.01,61,1,none
8534,20,male,diploma,2nd year,no formal,hot,0.3,4.65,19,0,project work
8536,21,female,bba,4th year,no formal,cloudy,0.05,6.5,25,0,project work
8537,23,female,ba,1st year,post graduate,rainy,2.78,7.2,21,0,none
8538,17,male,ba,3rd year,post graduate,hot,1.84,6.72,68,0,travel
8539,23,female,bba,4th year,post graduate,sunny,1.58,8.72,51,1,none
8544,18,female,diploma,3rd year,phd,cloudy,1.7,9.4,11,0,project work
8546,22,male,bca,3rd year,graduate,cloudy,2.7,5.41,63,1,none
8548,17,male,b.sc,3rd year,graduate,rainy,0.91,5.53,38,1,none
8549,18,female,bba,2nd year,graduate,cold,3.92,9.49,64,1,none
8554,24,female,ba,1st year,post graduate,cold,0.09,9.74,17,0,festival
8555,23,male,diploma,3rd year,no formal,cloudy,4.17,6.83,14,0,personal work
8557,19,female,pharmacy,2nd year,graduate,sunny,1.42,6.62,20,0,travel
8559,22,female,b.com,3rd year,graduate,hot,5.54,6.72,79,1,none
8561,17,female,b.sc,4th year,no formal,hot,1.6,6.53,8,1,none
8562,24,male,b.sc,3rd year,no formal,cold,4.78,8.41,76,0,personal work
8563,19,male,b.com,2nd year,post graduate,hot,0.89,6.35,39,1,none
8566,23,male,b.com,2nd year,graduate,cloudy,1.38,5.2,41,0,travel
8569,24,female,b.sc,3rd year,high school,cold,1.68,5.06,73,0,sick
8571,18,male,ba,4th year,graduate,cold,5.78,6.82,66,1,none
8572,24,female,ba,3rd year,phd,hot,4.77,4.21,60,1,none
8573,24,female,b.com,3rd year,phd,cloudy,4.9,4.79,46,0,no reason
8574,24,female,bba,3rd year,graduate,cloudy,3.45,5.92,14,1,none
8575,18,male,bca,2nd year,phd,cold,1.0,7.54,62,1,none
8576,21,female,b.tech,1st year,no formal,sunny,3.38,8.28,6,0,travel
8577,24,female,pharmacy,3rd year,no formal,rainy,1.18,6.87,26,1,none
8578,24,male,b.com,4th year,no formal,rainy,3.96,4.14,68,0,travel
8579,21,female,b.sc,4th year,no formal,sunny,3.44,8.01,24,1,none
8580,18,female,b.sc,4th year,no formal,cold,2.56,9.71,37,1,none
8582,19,female,bba,4th year,post graduate,cold,4.39,8.14,40,0,sick
8583,17,female,b.tech,1st year,graduate,cold,0.22,5.99,36,0,personal work
8584,18,female,bba,2nd year,post graduate,cloudy,5.68,7.66,23,1,none
8585,17,female,b.sc,3rd year,post graduate,cloudy,1.33,8.71,48,1,none
8586,23,male,pharmacy,2nd year,post graduate,sunny,1.66,6.58,56,0,no reason
8588,21,female,pharmacy,1st year,no formal,cold,2.54,8.19,33,1,none
8589,23,female,bca,4th year,post graduate,cold,4.11,6.77,16,1,none
8590,20,male,pharmacy,2nd year,phd,cloudy,4.0,9.39,45,1,none
8592,18,female,b.sc,3rd year,post graduate,rainy,3.66,8.8,13,0,festival
8593,20,male,bca,2nd year,no formal,sunny,0.05,8.46,89,1,none
8594,18,male,bba,2nd year,no formal,rainy,5.8,4.84,82,0,project work
8595,21,female,nursing,4th year,graduate,cloudy,0.98,6.0,13,0,personal work
8597,21,male,b.sc,1st year,graduate,cloudy,3.98,9.64,48,1,none
8598,19,male,b.sc,4th year,graduate,cloudy,0.78,7.56,25,0,sick
8599,22,female,diploma,1st year,high school,sunny,2.87,4.25,29,1,none
8600,23,female,b.com,3rd year,post graduate,hot,0.05,9.06,69,1,none
8603,22,female,b.tech,4th year,high school,hot,5.18,8.02,54,0,no reason
8604,18,female,diploma,1st year,graduate,cold,4.76,5.61,28,0,sick
8605,24,female,ba,4th year,phd,sunny,0.79,7.83,38,0,personal work
8606,19,female,bca,2nd year,high school,cold,4.64,8.43,43,1,none
8607,19,male,b.tech,2nd year,phd,hot,0.05,8.17,17,0,sick
8608,22,female,b.sc,4th year,no formal,cold,0.62,9.9,76,0,travel
8610,18,female,b.com,2nd year,graduate,hot,5.32,4.29,37,1,none
8611,18,female,b.com,3rd year,phd,cold,2.51,5.34,51,0,sick
8613,21,male,b.com,1st year,graduate,cloudy,0.96,8.64,67,0,festival
8614,18,male,bba,2nd year,graduate,cloudy,1.71,7.94,84,1,none
8617,24,female,pharmacy,4th year,graduate,cloudy,3.15,6.98,51,1,none
8619,22,female,bca,1st year,phd,cloudy,4.52,6.7,80,0,sick
8621,21,male,diploma,3rd year,post graduate,hot,1.05,9.27,88,0,travel
8623,23,male,pharmacy,1st year,phd,cloudy,2.32,5.62,31,1,none
8624,18,male,b.tech,3rd year,phd,cloudy,0.74,5.84,47,0,no reason
8626,23,male,bba,2nd year,high school,cloudy,5.78,7.61,20,1,none
8627,23,female,bba,1st year,phd,rainy,0.97,8.09,76,0,sick
8630,20,female,ba,3rd year,graduate,rainy,2.78,7.46,19,1,none
8631,21,male,pharmacy,1st year,phd,rainy,1.73,6.27,81,0,festival
8632,20,male,diploma,1st year,post graduate,rainy,5.32,6.83,68,1,none
8633,24,female,nursing,4th year,phd,rainy,2.04,5.22,37,1,none
8634,23,female,bca,2nd year,post graduate,rainy,1.07,5.09,71,0,project work
8637,23,female,diploma,2nd year,post graduate,rainy,1.12,5.33,27,0,no reason
8638,23,female,b.sc,1st year,post graduate,sunny,4.42,6.24,8,1,none
8639,20,female,b.com,2nd year,high school,sunny,1.04,5.22,55,0,sick
8640,21,male,ba,1st year,graduate,cloudy,2.34,5.58,71,1,none
8641,23,female,b.com,2nd year,phd,cloudy,5.77,7.59,58,1,none
8646,22,female,b.com,3rd year,post graduate,cold,4.13,7.88,69,1,none
8647,17,female,b.sc,3rd year,graduate,sunny,1.58,8.76,69,1,none
8649,18,female,b.com,3rd year,no formal,cloudy,4.75,4.35,5,1,none
8651,21,female,diploma,4th year,graduate,sunny,0.36,6.57,43,0,travel
8652,19,male,diploma,2nd year,high school,cloudy,4.04,4.55,63,1,none
8653,17,male,b.sc,4th year,no formal,cold,2.18,4.87,66,0,sick
8654,17,male,b.tech,4th year,graduate,cold,4.98,9.28,64,1,none
8655,22,male,nursing,1st year,phd,cold,5.56,9.9,82,0,project work
8659,24,male,bca,4th year,phd,rainy,3.32,8.5,13,0,none
8660,24,female,diploma,3rd year,post graduate,sunny,3.96,9.45,36,1,none
8661,17,male,b.tech,4th year,no formal,rainy,2.11,8.45,37,0,none
8662,22,male,b.com,4th year,graduate,hot,0.73,7.76,17,0,no reason
8663,24,female,pharmacy,4th year,high school,sunny,2.94,4.95,62,1,none
8665,17,male,pharmacy,3rd year,phd,cloudy,4.23,9.54,58,1,none
8666,24,female,ba,4th year,graduate,cloudy,3.88,5.69,72,0,personal work
8667,20,male,b.sc,2nd year,post graduate,sunny,3.53,8.46,24,1,none
8669,23,male,bca,2nd year,no formal,cold,0.05,7.56,38,1,none
8670,22,female,ba,3rd year,high school,hot,1.24,8.82,87,0,none
8671,17,male,nursing,4th year,phd,sunny,0.2,5.27,64,0,project work
8672,19,female,b.tech,4th year,high school,cloudy,5.92,9.25,42,1,none
8673,17,female,b.sc,4th year,no formal,hot,0.52,5.87,54,0,travel
8674,24,female,bca,4th year,post graduate,cloudy,1.12,4.95,13,0,festival
8677,21,female,nursing,3rd year,post graduate,sunny,4.49,8.17,14,1,none
8679,23,female,bba,1st year,post graduate,sunny,5.8,5.56,88,1,none
8680,24,male,bba,2nd year,no formal,cloudy,2.8,9.73,74,0,no reason
8681,18,female,pharmacy,2nd year,post graduate,cloudy,3.14,5.8,55,0,travel
8683,17,male,b.tech,2nd year,no formal,sunny,0.58,5.45,5,0,project work
8684,22,female,bba,3rd year,phd,hot,2.26,5.5,57,0,personal work
8685,21,female,pharmacy,2nd year,high school,hot,0.05,9.6,65,1,none
8686,17,male,b.tech,3rd year,post graduate,cold,1.44,6.11,41,1,none
8687,18,female,pharmacy,3rd year,high school,rainy,5.17,7.18,9,1,none
8688,21,female,diploma,2nd year,post graduate,cloudy,3.95,7.06,81,1,none
8689,22,female,b.sc,1st year,graduate,cloudy,5.21,8.96,21,1,none
8691,24,female,ba,3rd year,no formal,rainy,0.7,5.93,59,0,none
8692,24,female,ba,2nd year,graduate,sunny,5.3,5.64,55,1,none
8693,23,male,bca,3rd year,post graduate,hot,5.81,6.61,32,0,none
8694,20,male,diploma,4th year,post graduate,sunny,3.75,4.06,34,1,none
8698,20,male,nursing,3rd year,post graduate,cloudy,2.57,8.69,67,0,festival
8700,21,male,diploma,2nd year,no formal,sunny,0.13,5.97,70,1,none
8701,18,male,nursing,3rd year,high school,sunny,1.59,9.02,82,0,festival
8702,24,male,b.tech,4th year,graduate,cloudy,0.68,9.65,31,1,none
8704,22,female,b.tech,2nd year,graduate,cloudy,3.49,6.49,42,1,none
8705,22,female,bca,2nd year,phd,sunny,1.84,6.5,39,0,sick
8707,17,male,bca,2nd year,no formal,sunny,4.58,6.16,46,0,no reason
8708,20,male,b.com,4th year,graduate,cloudy,3.89,4.1,64,1,none
8710,18,female,b.tech,2nd year,no formal,cloudy,2.87,4.99,67,0,personal work
8712,23,female,ba,4th year,no formal,sunny,4.65,4.89,40,1,none
8713,24,male,pharmacy,1st year,post graduate,cloudy,4.42,4.09,28,1,none
8714,21,female,pharmacy,2nd year,graduate,rainy,3.02,8.87,42,1,none
8716,22,male,pharmacy,4th year,no formal,cloudy,4.86,9.85,46,1,none
8717,20,male,pharmacy,4th year,graduate,rainy,5.76,7.48,44,1,none
8718,22,female,bca,4th year,phd,cold,0.96,5.94,53,1,none
8719,22,female,b.sc,1st year,graduate,hot,3.47,5.95,73,0,no reason
8720,22,female,pharmacy,1st year,high school,rainy,2.6,9.94,17,0,none
8721,18,male,bca,4th year,post graduate,rainy,0.08,9.13,44,0,travel
8723,21,male,nursing,2nd year,phd,cold,4.94,8.83,18,1,none
8724,24,male,ba,2nd year,post graduate,rainy,5.9,8.34,89,1,none
8726,24,female,b.com,2nd year,no formal,hot,0.88,6.75,76,0,no reason
8727,24,female,b.tech,3rd year,post graduate,rainy,3.39,5.84,10,1,none
8728,24,female,bba,3rd year,phd,cloudy,1.08,6.06,41,0,no reason
8729,22,male,bba,2nd year,phd,cloudy,5.51,4.68,46,1,none
8730,21,female,nursing,4th year,post graduate,rainy,0.91,8.74,68,0,travel
8732,20,male,pharmacy,2nd year,phd,sunny,0.51,6.65,9,1,none
8734,23,male,pharmacy,3rd year,phd,rainy,4.27,8.65,27,1,none
8738,22,female,ba,4th year,graduate,cloudy,5.51,9.25,87,1,none
8741,19,female,b.tech,3rd year,no formal,cold,0.98,4.16,31,0,sick
8743,17,female,b.com,2nd year,no formal,cloudy,5.12,6.18,65,1,none
8746,17,female,bca,3rd year,graduate,rainy,5.91,6.88,53,0,no reason
8747,18,male,b.sc,4th year,post graduate,hot,5.72,5.3,75,1,none
8748,24,male,diploma,4th year,no formal,cloudy,3.8,6.06,62,0,no reason
8749,21,male,nursing,2nd year,high school,hot,0.82,8.08,82,0,personal work
8750,18,female,nursing,2nd year,post graduate,cold,0.11,5.71,15,0,travel
8751,18,female,b.sc,3rd year,high school,hot,2.13,9.5,6,1,none
8753,22,male,b.sc,3rd year,post graduate,sunny,0.18,5.26,85,0,none
8754,22,male,b.tech,4th year,high school,hot,3.65,9.84,37,0,none
8755,18,female,diploma,1st year,high school,sunny,3.33,9.8,30,1,none
8756,22,male,diploma,2nd year,phd,cold,1.8,6.48,47,0,none
8758,18,male,ba,4th year,phd,sunny,3.58,7.94,17,1,none
8759,17,female,ba,1st year,graduate,cold,5.07,7.64,47,0,personal work
8761,21,female,bba,1st year,graduate,cold,4.44,6.45,73,1,none
8763,19,female,b.tech,4th year,phd,rainy,0.93,9.11,29,0,none
8766,18,female,diploma,3rd year,high school,cold,3.18,8.52,89,0,travel
8767,20,male,bba,1st year,no formal,rainy,2.37,9.9,19,0,personal work
8769,23,male,diploma,3rd year,graduate,cloudy,2.36,8.37,67,1,none
8770,21,female,b.com,4th year,high school,rainy,0.21,8.24,77,1,none
8771,24,female,b.sc,4th year,graduate,sunny,5.17,6.2,62,1,none
8773,19,female,ba,1st year,graduate,rainy,4.12,6.84,46,0,sick
8774,21,female,pharmacy,2nd year,graduate,cloudy,2.57,7.58,48,1,none
8775,18,female,bca,1st year,phd,hot,4.12,5.88,87,0,festival
8777,22,female,b.tech,3rd year,phd,rainy,3.26,7.26,36,0,project work
8779,21,male,b.sc,3rd year,no formal,cloudy,0.81,7.93,9,1,none
8780,21,female,b.sc,3rd year,phd,hot,4.26,9.15,61,0,personal work
8783,23,female,b.tech,1st year,graduate,hot,4.47,6.16,54,0,no reason
8785,21,female,b.tech,4th year,phd,hot,4.57,7.01,81,1,none
8786,18,female,pharmacy,1st year,graduate,rainy,2.08,5.91,32,0,personal work
8791,20,male,bba,4th year,high school,cold,3.58,5.41,11,1,none
8792,21,female,bba,2nd year,post graduate,hot,5.88,4.49,27,1,none
8793,18,female,b.com,3rd year,phd,rainy,0.09,4.53,75,0,project work
8795,23,male,b.tech,1st year,no formal,sunny,4.75,9.94,89,1,none
8797,18,male,diploma,3rd year,graduate,hot,4.22,8.59,58,1,none
8798,23,female,b.tech,3rd year,graduate,rainy,1.68,5.02,28,0,festival
8800,22,male,diploma,4th year,post graduate,sunny,4.5,5.58,7,1,none
8801,23,male,pharmacy,1st year,post graduate,sunny,0.24,6.96,51,0,festival
8803,22,male,b.tech,2nd year,high school,cold,1.04,6.27,8,0,no reason
8806,21,female,bca,1st year,post graduate,hot,1.6,7.66,9,0,sick
8808,23,male,bca,2nd year,graduate,rainy,0.84,5.91,38,0,project work
8810,24,male,b.sc,1st year,no formal,sunny,0.87,5.34,89,1,none
8813,24,male,b.com,4th year,phd,rainy,1.11,5.31,15,0,personal work
8815,20,female,b.tech,3rd year,post graduate,cloudy,4.46,5.35,51,0,travel
8817,24,female,nursing,4th year,no formal,cold,1.64,7.74,63,1,none
8818,23,male,b.com,2nd year,no formal,cloudy,4.4,9.73,9,1,none
8820,20,male,b.tech,2nd year,high school,sunny,5.45,7.14,25,1,none
8821,19,female,bca,2nd year,graduate,cloudy,2.88,9.86,50,1,none
8822,22,male,b.tech,3rd year,post graduate,hot,3.06,9.1,9,1,none
8823,17,male,ba,3rd year,no formal,cold,1.0,4.81,65,0,no reason
8824,22,male,pharmacy,2nd year,no formal,hot,5.88,6.55,43,1,none
8825,22,male,diploma,4th year,phd,cold,2.97,5.25,18,0,none
8829,19,male,nursing,4th year,post graduate,cloudy,2.0,8.4,84,0,sick
8831,23,female,bba,4th year,post graduate,cloudy,1.32,6.05,76,0,sick
8834,24,male,bca,3rd year,phd,rainy,4.52,7.81,43,1,none
8836,19,female,b.sc,1st year,post graduate,rainy,3.64,7.66,11,0,travel
8837,17,female,bca,2nd year,no formal,cloudy,0.43,7.4,40,1,none
8838,22,female,nursing,2nd year,phd,rainy,0.57,4.88,62,0,none
8839,21,male,nursing,3rd year,no formal,sunny,0.06,4.81,80,0,personal work
8840,19,male,nursing,3rd year,no formal,cloudy,0.11,7.37,23,0,travel
8843,18,female,pharmacy,1st year,no formal,cold,3.69,7.17,33,1,none
8845,21,female,ba,2nd year,high school,cold,4.55,7.12,49,1,none
8846,18,male,bba,3rd year,no formal,cold,0.58,9.45,78,0,personal work
8849,21,male,b.com,1st year,high school,cold,3.87,5.48,72,0,personal work
8851,20,female,bca,3rd year,post graduate,cloudy,5.93,4.33,38,0,project work
8853,18,male,b.sc,2nd year,high school,cold,1.58,5.3,31,0,festival
8854,21,female,bba,4th year,phd,cloudy,5.09,4.25,51,1,none
8855,18,male,ba,3rd year,no formal,sunny,3.96,5.65,44,1,none
8857,18,female,pharmacy,3rd year,no formal,sunny,5.16,8.81,73,1,none
8858,19,male,b.com,1st year,no formal,sunny,1.7,4.06,47,0,project work
8861,19,female,bba,3rd year,high school,hot,0.88,9.42,40,1,none
8864,23,female,diploma,2nd year,no formal,cold,2.93,8.89,10,1,none
8866,17,male,diploma,4th year,phd,cold,0.05,8.2,82,0,travel
8868,22,female,diploma,4th year,graduate,rainy,1.59,8.88,66,0,personal work
8869,21,male,b.tech,4th year,no formal,rainy,4.08,5.06,21,0,no reason
8873,23,male,bba,1st year,no formal,hot,0.49,7.96,41,0,travel
8877,19,female,diploma,2nd year,phd,rainy,0.68,6.71,25,0,no reason
8880,20,male,ba,2nd year,phd,rainy,1.58,5.23,65,0,personal work
8881,17,male,ba,3rd year,high school,sunny,5.77,5.13,40,1,none
8883,19,female,b.com,4th year,post graduate,cold,2.12,4.44,88,0,personal work
8884,18,male,b.com,4th year,graduate,cloudy,4.81,7.17,13,0,festival
8885,24,male,b.sc,1st year,high school,hot,1.08,7.93,76,1,none
8887,24,male,bba,3rd year,graduate,hot,4.69,9.1,79,1,none
8888,21,male,b.com,4th year,phd,cold,3.89,5.58,12,1,none
8889,17,female,diploma,3rd year,no formal,cold,4.71,5.79,84,0,none
8891,20,female,bba,3rd year,phd,rainy,3.83,4.43,6,1,none
8892,22,female,b.com,2nd year,phd,cold,0.9,7.2,56,0,none
8894,20,female,pharmacy,4th year,graduate,rainy,5.68,6.68,66,1,none
8896,19,male,pharmacy,3rd year,phd,cold,3.28,8.08,71,1,none
8897,21,female,nursing,3rd year,graduate,hot,1.78,6.81,64,0,sick
8898,22,male,diploma,1st year,no formal,cloudy,0.1,6.85,15,0,sick
8902,21,male,b.tech,3rd year,post graduate,cloudy,1.6,8.52,29,0,festival
8904,21,female,ba,4th year,no formal,sunny,4.5,8.9,40,1,none
8905,22,male,b.com,1st year,high school,sunny,4.59,8.36,61,1,none
8906,24,female,diploma,4th year,post graduate,hot,5.93,5.46,77,0,travel
8907,22,female,b.sc,1st year,post graduate,hot,4.93,9.58,50,1,none
8908,19,female,pharmacy,2nd year,post graduate,hot,4.49,5.77,30,1,none
8910,18,female,b.tech,1st year,high school,sunny,5.64,9.94,30,1,none
8911,19,male,nursing,1st year,high school,sunny,3.08,7.09,34,1,none
8912,22,female,b.tech,1st year,post graduate,rainy,5.17,8.23,72,1,none
8913,18,male,nursing,2nd year,post graduate,hot,5.19,9.68,68,1,none
8914,22,male,nursing,2nd year,no formal,rainy,1.15,7.93,45,0,festival
8915,21,male,bca,1st year,post graduate,cold,0.77,6.33,22,1,none
8917,17,female,nursing,1st year,high school,sunny,2.25,6.06,21,0,no reason
8918,22,male,nursing,3rd year,graduate,cloudy,5.02,6.55,34,1,none
8919,23,female,diploma,3rd year,graduate,cold,2.14,5.32,52,0,festival
8921,20,female,bca,3rd year,graduate,rainy,4.3,6.12,75,1,none
8923,20,female,b.tech,4th year,phd,rainy,2.03,8.26,67,0,none
8925,19,female,bba,4th year,post graduate,rainy,3.68,6.66,63,1,none
8926,18,female,pharmacy,2nd year,phd,rainy,1.83,5.43,78,0,sick
8927,24,male,b.tech,4th year,graduate,cold,0.34,8.11,78,0,festival
8928,22,male,b.tech,1st year,high school,cloudy,2.71,7.61,62,1,none
8931,18,female,bba,2nd year,high school,hot,1.09,5.32,42,1,none
8932,21,female,nursing,3rd year,phd,hot,1.96,4.21,50,0,sick
8933,18,male,b.tech,1st year,graduate,hot,1.86,8.34,57,0,personal work
8934,19,female,nursing,3rd year,high school,sunny,2.31,4.84,78,1,none
8935,22,male,pharmacy,4th year,post graduate,hot,5.13,5.35,59,1,none
8936,24,female,b.tech,2nd year,high school,sunny,3.95,9.38,6,1,none
8937,24,male,bba,4th year,graduate,hot,4.0,7.74,59,0,travel
8940,17,male,b.sc,2nd year,no formal,hot,1.42,7.32,66,0,travel
8941,24,male,b.sc,3rd year,no formal,cloudy,3.33,4.56,88,1,none
8943,19,male,nursing,1st year,post graduate,sunny,4.79,7.59,54,1,none
8944,17,female,pharmacy,4th year,phd,hot,4.54,6.29,69,0,festival
8945,22,male,bba,1st year,post graduate,cloudy,3.49,5.25,60,1,none
8946,17,female,bba,4th year,graduate,cloudy,1.98,7.73,35,0,festival
8947,17,male,bca,3rd year,phd,rainy,5.39,5.0,22,1,none
8948,24,male,bba,4th year,no formal,hot,5.74,9.12,68,1,none
8949,20,female,bca,1st year,no formal,hot,5.88,5.35,70,1,none
8950,17,male,b.com,1st year,phd,cold,0.13,8.25,30,0,no reason
8952,19,female,bca,4th year,graduate,cold,2.22,9.01,67,0,travel
8953,21,female,bca,4th year,no formal,cloudy,2.87,7.82,47,0,festival
8954,24,female,pharmacy,4th year,no formal,sunny,0.27,4.63,79,0,sick
8957,23,male,nursing,4th year,graduate,cold,0.24,6.01,51,0,personal work
8959,24,female,b.com,1st year,graduate,hot,0.32,4.12,50,0,no reason
8964,23,male,bba,3rd year,high school,rainy,2.42,4.25,68,1,none
8967,18,male,b.com,4th year,graduate,sunny,2.85,6.27,71,0,travel
8968,20,male,b.tech,1st year,phd,sunny,3.54,4.13,25,0,project work
8969,23,female,ba,2nd year,graduate,rainy,0.67,8.79,27,0,personal work
8970,21,female,b.tech,2nd year,phd,cloudy,4.79,4.83,10,1,none
8972,19,female,diploma,4th year,no formal,sunny,0.46,4.48,59,0,festival
8973,23,male,nursing,2nd year,high school,sunny,3.08,4.06,63,0,festival
8974,18,female,nursing,1st year,graduate,cold,1.69,8.42,76,0,no reason
8977,19,male,pharmacy,2nd year,high school,hot,5.16,6.05,59,1,none
8979,21,male,b.tech,2nd year,post graduate,rainy,3.97,9.86,71,1,none
8982,23,male,bca,1st year,graduate,rainy,2.69,4.51,70,1,none
8984,18,female,bba,1st year,high school,cloudy,5.19,8.67,12,1,none
8986,22,male,nursing,3rd year,high school,rainy,2.9,9.84,10,0,festival
8989,19,male,diploma,4th year,phd,sunny,5.3,8.77,63,1,none
8990,17,female,b.tech,4th year,post graduate,sunny,4.18,8.11,9,1,none
8991,19,female,diploma,3rd year,high school,cold,3.63,4.78,85,0,travel
8992,24,male,b.tech,4th year,high school,cloudy,5.7,9.06,5,1,none
8994,17,male,bba,3rd year,phd,rainy,2.13,5.15,12,1,none
8995,20,male,b.sc,1st year,phd,sunny,5.24,9.11,41,0,travel
8996,18,female,b.tech,3rd year,graduate,rainy,4.76,4.34,42,1,none
8997,23,female,ba,1st year,no formal,cold,1.44,4.82,60,0,none
8998,17,male,diploma,2nd year,no formal,rainy,3.71,5.23,20,0,travel
9000,20,male,b.com,2nd year,post graduate,rainy,3.79,8.18,89,1,none
9001,17,male,diploma,3rd year,high school,cold,2.79,4.06,23,0,personal work
9002,22,female,pharmacy,4th year,phd,sunny,2.17,5.43,13,1,none
9004,23,male,bca,4th year,high school,sunny,5.13,5.59,13,0,project work
9005,21,female,nursing,1st year,post graduate,sunny,2.92,5.93,26,1,none
9008,17,male,bba,4th year,post graduate,hot,0.95,7.83,39,0,project work
9009,18,female,ba,4th year,phd,cold,2.25,4.14,64,0,none
9012,23,female,pharmacy,4th year,phd,cold,2.08,4.18,78,1,none
9014,23,female,bba,1st year,no formal,cold,4.57,4.98,35,0,no reason
9015,18,male,b.sc,2nd year,high school,cold,5.73,9.51,62,0,sick
9016,20,female,b.sc,1st year,graduate,sunny,2.9,7.6,44,1,none
9017,23,female,nursing,1st year,phd,cloudy,2.03,9.44,76,0,sick
9020,23,female,ba,4th year,phd,cloudy,0.13,7.15,87,0,no reason
9022,23,male,ba,4th year,high school,cloudy,1.01,5.77,39,0,project work
9024,23,male,bba,4th year,no formal,cold,3.33,4.88,74,1,none
9025,24,female,nursing,2nd year,graduate,rainy,1.28,7.23,28,1,none
9027,17,female,diploma,4th year,high school,cold,3.0,7.37,30,1,none
9029,17,female,nursing,2nd year,phd,rainy,3.14,6.01,49,1,none
9030,18,male,bba,2nd year,no formal,sunny,5.74,5.69,55,1,none
9031,19,female,b.com,1st year,no formal,cold,0.53,5.33,20,0,personal work
9032,22,male,bba,1st year,post graduate,rainy,2.62,8.28,49,1,none
9033,20,female,pharmacy,4th year,no formal,cloudy,2.17,9.77,72,1,none
9034,23,female,b.sc,1st year,phd,cloudy,2.56,9.54,74,1,none
9035,19,male,bca,3rd year,graduate,sunny,3.25,7.83,55,0,festival
9036,21,female,b.com,4th year,post graduate,sunny,3.0,6.47,85,1,none
9037,23,male,diploma,4th year,high school,sunny,4.36,8.43,7,1,none
9038,24,male,ba,2nd year,high school,rainy,4.7,8.47,48,0,travel
9039,18,female,nursing,1st year,post graduate,sunny,4.69,9.59,12,1,none
9041,17,male,b.sc,2nd year,phd,rainy,0.42,7.18,86,1,none
9042,21,male,pharmacy,4th year,phd,cloudy,5.46,5.1,26,0,project work
9043,20,male,ba,4th year,post graduate,cloudy,5.88,4.11,5,0,festival
9044,24,female,b.tech,1st year,post graduate,cloudy,2.38,9.08,12,0,none
9045,23,male,nursing,1st year,phd,cold,3.7,8.62,61,0,sick
9046,24,female,ba,4th year,graduate,cloudy,4.44,9.71,50,1,none
9048,20,male,ba,4th year,no formal,cold,2.9,6.38,26,1,none
9050,17,female,bca,2nd year,graduate,cold,0.86,6.43,30,0,none
9051,21,female,bba,2nd year,no formal,cloudy,3.4,9.93,25,1,none
9052,17,female,bba,1st year,graduate,sunny,1.58,4.45,5,1,none
9054,24,female,diploma,4th year,high school,sunny,2.21,7.85,34,0,sick
9056,23,male,b.tech,3rd year,phd,cold,2.36,7.21,57,1,none
9057,18,male,ba,4th year,phd,rainy,3.58,7.18,83,1,none
9058,24,female,ba,1st year,post graduate,cloudy,1.13,4.44,72,0,no reason
9059,21,male,nursing,2nd year,post graduate,cloudy,1.32,6.05,73,1,none
9060,22,male,ba,1st year,post graduate,sunny,1.44,6.09,35,0,no reason
9061,23,male,bca,3rd year,no formal,hot,3.94,7.03,18,0,no reason
9062,22,male,b.tech,1st year,phd,sunny,1.82,9.91,57,0,project work
9063,19,male,ba,2nd year,post graduate,rainy,3.79,4.77,46,0,personal work
9065,22,female,bba,1st year,post graduate,sunny,2.78,6.48,24,1,none
9066,23,male,pharmacy,1st year,graduate,sunny,4.32,8.9,34,0,no reason
9067,20,male,pharmacy,4th year,phd,sunny,2.82,5.15,53,1,none
9070,17,male,pharmacy,2nd year,no formal,sunny,0.91,8.22,67,0,sick
9071,17,female,b.com,1st year,no formal,cloudy,3.36,7.25,77,1,none
9072,17,male,ba,1st year,phd,hot,4.84,5.42,36,1,none
9073,22,female,bba,3rd year,post graduate,sunny,1.66,5.45,34,1,none
9074,20,female,b.tech,1st year,post graduate,rainy,5.76,4.64,63,0,project work
9076,22,female,b.sc,2nd year,post graduate,sunny,3.88,5.83,15,1,none
9082,18,male,b.tech,4th year,phd,cold,0.75,7.12,80,0,no reason
9085,24,female,ba,4th year,no formal,cold,4.78,8.01,56,0,sick
9088,18,male,bba,3rd year,phd,hot,1.35,9.0,41,1,none
9089,19,male,bca,2nd year,high school,cold,4.08,8.47,57,1,none
9091,19,female,diploma,4th year,post graduate,cloudy,2.5,6.57,30,0,none
9093,24,female,b.sc,4th year,post graduate,rainy,1.59,9.24,32,1,none
9094,18,female,ba,1st year,post graduate,sunny,2.68,4.4,52,1,none
9095,19,male,b.com,4th year,graduate,hot,0.16,6.23,18,0,sick
9096,18,male,ba,2nd year,high school,hot,0.6,7.72,56,1,none
9097,22,male,diploma,4th year,graduate,cloudy,0.96,8.33,18,0,none
9098,20,female,bca,2nd year,post graduate,cold,4.88,5.52,77,1,none
9099,19,male,pharmacy,3rd year,post graduate,cold,5.0,7.23,75,1,none
9101,17,male,b.tech,4th year,no formal,sunny,1.49,9.72,48,0,sick
9103,22,male,b.tech,3rd year,graduate,cloudy,1.57,5.72,86,0,none
9104,18,male,ba,1st year,post graduate,rainy,3.5,7.58,37,1,none
9105,17,female,pharmacy,3rd year,phd,rainy,3.33,5.78,34,0,project work
9108,19,female,pharmacy,4th year,no formal,cloudy,2.69,6.64,21,0,no reason
9109,19,female,pharmacy,2nd year,high school,sunny,3.62,5.22,89,0,none
9113,23,male,b.sc,4th year,no formal,cloudy,2.49,9.75,41,0,none
9114,21,female,bca,4th year,graduate,cold,4.49,4.23,67,0,sick
9116,20,female,b.com,4th year,post graduate,hot,4.83,4.06,6,1,none
9117,17,male,pharmacy,2nd year,phd,rainy,0.79,6.66,14,1,none
9118,19,female,pharmacy,1st year,no formal,hot,3.59,6.98,5,0,no reason
9119,22,male,b.com,4th year,no formal,cold,5.06,9.05,49,1,none
9120,22,female,bba,3rd year,phd,hot,2.75,4.13,19,0,travel
9121,24,female,bba,4th year,phd,hot,3.48,8.18,74,0,personal work
9126,24,male,nursing,3rd year,no formal,sunny,4.16,9.92,11,1,none
9128,17,female,b.tech,4th year,no formal,hot,5.6,5.38,72,1,none
9130,21,male,bca,2nd year,graduate,sunny,2.33,9.49,56,1,none
9131,22,female,b.tech,4th year,phd,hot,3.84,6.03,43,1,none
9132,24,male,nursing,4th year,graduate,hot,3.19,6.63,53,0,no reason
9133,23,female,bca,4th year,high school,cold,1.78,5.74,25,1,none
9134,18,male,diploma,2nd year,high school,sunny,5.08,9.7,49,1,none
9135,17,male,bca,2nd year,phd,sunny,1.01,7.55,68,0,festival
9136,22,male,ba,4th year,no formal,sunny,3.86,9.73,80,1,none
9137,21,male,b.sc,2nd year,post graduate,sunny,0.05,8.85,45,1,none
9140,21,male,bca,1st year,no formal,cold,0.69,8.55,66,0,no reason
9142,17,female,b.sc,4th year,phd,cold,3.32,8.0,79,0,none
9143,24,male,b.tech,2nd year,post graduate,cold,0.06,6.76,79,0,sick
9145,18,male,pharmacy,1st year,phd,rainy,5.35,4.34,62,0,sick
9146,22,male,ba,3rd year,phd,cloudy,2.05,5.64,54,0,festival
9147,19,male,bba,2nd year,post graduate,rainy,5.59,9.35,66,1,none
9148,20,male,pharmacy,1st year,no formal,rainy,3.31,5.54,9,0,project work
9149,23,female,b.com,3rd year,phd,cold,3.58,9.71,72,0,none
9150,23,male,bba,1st year,post graduate,sunny,2.99,7.75,52,1,none
9151,18,male,b.tech,3rd year,high school,hot,3.39,6.0,28,1,none
9152,19,female,b.com,1st year,post graduate,sunny,2.04,7.5,9,1,none
9153,23,female,ba,2nd year,no formal,sunny,1.37,7.68,20,1,none
9155,17,male,b.com,2nd year,post graduate,rainy,4.8,8.73,27,1,none
9156,23,female,bba,1st year,post graduate,cloudy,2.52,4.8,80,1,none
9157,20,male,b.com,2nd year,high school,rainy,1.89,6.19,9,1,none
9159,17,male,nursing,3rd year,graduate,sunny,1.44,4.87,85,0,project work
9162,22,male,bca,3rd year,phd,cloudy,3.2,7.0,14,1,none
9163,23,male,b.sc,4th year,post graduate,rainy,5.78,4.69,50,0,personal work
9164,24,male,bba,3rd year,post graduate,sunny,4.04,8.19,11,1,none
9165,23,female,diploma,2nd year,phd,cloudy,5.41,6.28,83,1,none
9166,22,female,bba,2nd year,post graduate,sunny,2.97,5.16,38,1,none
9167,24,female,diploma,4th year,high school,rainy,3.43,5.93,41,1,none
9168,22,female,b.com,1st year,high school,cold,2.96,5.51,44,0,festival
9170,21,female,ba,2nd year,high school,sunny,4.69,7.69,75,0,sick
9171,23,male,pharmacy,3rd year,high school,sunny,3.05,9.67,10,0,festival
9172,17,male,b.sc,3rd year,post graduate,hot,4.63,5.83,28,0,personal work
9174,20,male,diploma,4th year,high school,rainy,3.44,6.77,57,0,project work
9175,24,male,b.tech,1st year,graduate,cold,3.15,5.84,76,1,none
9176,17,male,bba,2nd year,phd,cloudy,4.76,6.9,34,0,travel
9177,22,female,b.tech,2nd year,phd,sunny,3.35,9.89,12,1,none
9178,18,male,bba,1st year,no formal,cloudy,4.0,4.42,50,1,none
9179,24,female,b.com,1st year,high school,sunny,3.46,4.1,10,1,none
9182,23,female,b.com,2nd year,phd,rainy,5.22,5.28,35,0,none
9184,24,female,bba,2nd year,no formal,rainy,4.69,4.31,68,1,none
9186,17,male,bca,4th year,graduate,hot,5.28,8.68,35,1,none
9188,20,male,diploma,3rd year,post graduate,sunny,4.87,5.33,42,0,personal work
9189,18,male,nursing,2nd year,graduate,cold,2.26,7.32,54,1,none
9190,18,male,bca,4th year,post graduate,sunny,3.43,5.21,16,0,project work
9191,24,female,diploma,2nd year,graduate,cloudy,0.73,9.47,69,0,no reason
9192,23,female,nursing,2nd year,phd,rainy,1.16,4.76,77,0,no reason
9193,20,male,bca,3rd year,phd,hot,5.55,8.74,83,1,none
9195,18,male,diploma,1st year,no formal,cloudy,2.37,8.42,20,1,none
9196,24,female,pharmacy,1st year,high school,cold,1.66,4.51,62,0,travel
9197,19,female,bba,1st year,no formal,cloudy,2.63,4.71,71,1,none
9198,17,female,b.com,1st year,no formal,rainy,3.93,8.75,71,1,none
9204,22,female,nursing,4th year,no formal,sunny,2.81,4.07,88,1,none
9205,24,female,bca,1st year,post graduate,rainy,5.27,5.11,83,0,project work
9206,19,male,b.com,3rd year,post graduate,hot,0.64,4.29,31,0,none
9213,23,male,nursing,2nd year,graduate,hot,4.82,7.84,42,0,none
9214,24,male,pharmacy,3rd year,phd,hot,5.55,8.28,8,1,none
9215,18,female,b.com,1st year,phd,hot,2.68,9.34,58,1,none
9216,22,female,bca,3rd year,high school,sunny,2.19,4.1,70,1,none
9221,23,male,b.sc,4th year,graduate,rainy,3.95,6.62,38,1,none
9222,20,female,b.tech,2nd year,graduate,sunny,4.5,9.39,64,1,none
9223,19,male,diploma,3rd year,phd,rainy,0.84,5.1,85,1,none
9224,17,female,ba,3rd year,graduate,cloudy,4.42,5.31,46,0,sick
9225,22,female,b.tech,3rd year,no formal,cloudy,1.97,4.94,25,1,none
9227,20,male,b.com,1st year,no formal,rainy,4.24,4.73,39,0,personal work
9228,23,female,pharmacy,3rd year,no formal,sunny,1.35,4.2,19,1,none
9230,21,female,bba,3rd year,high school,hot,3.27,9.45,7,1,none
9231,19,male,bba,4th year,post graduate,sunny,0.63,5.96,54,1,none
9232,21,male,bba,1st year,no formal,cloudy,5.14,6.67,87,0,none
9233,18,female,bca,1st year,high school,cloudy,3.73,9.46,30,1,none
9234,20,female,pharmacy,1st year,graduate,sunny,0.51,9.22,32,0,sick
9236,21,female,b.tech,2nd year,graduate,rainy,1.04,6.46,74,0,sick
9237,20,female,b.sc,2nd year,graduate,cold,2.66,4.23,89,1,none
9238,22,female,bca,4th year,high school,cloudy,3.33,7.8,30,1,none
9239,21,male,ba,1st year,high school,rainy,1.61,4.7,68,0,none
9240,19,male,bba,3rd year,graduate,cold,4.07,8.0,17,0,festival
9241,18,female,ba,3rd year,graduate,rainy,0.33,5.98,87,0,project work
9243,24,female,b.com,3rd year,no formal,rainy,4.36,9.82,12,0,personal work
9244,23,male,b.tech,1st year,graduate,cloudy,3.01,5.58,79,0,project work
9246,24,male,diploma,1st year,high school,rainy,1.6,8.57,37,0,personal work
9250,22,male,b.sc,2nd year,graduate,rainy,2.97,7.19,22,0,travel
9251,21,male,b.sc,2nd year,graduate,cold,3.99,6.83,62,0,personal work
9252,19,female,bca,1st year,no formal,hot,0.84,6.86,49,1,none
9255,19,female,bba,3rd year,post graduate,rainy,1.34,7.22,52,0,no reason
9256,20,male,b.tech,2nd year,high school,sunny,2.28,5.09,40,0,sick
9259,19,female,b.tech,1st year,no formal,hot,0.96,5.18,56,1,none
9260,19,female,b.tech,1st year,phd,cold,1.24,7.03,60,1,none
9261,19,male,diploma,3rd year,phd,rainy,5.5,5.45,31,1,none
9263,20,male,nursing,1st year,phd,sunny,0.6,6.85,58,0,none
9269,22,male,ba,2nd year,post graduate,hot,1.41,9.44,6,1,none
9270,24,female,bba,1st year,graduate,sunny,3.61,4.54,29,0,none
9271,17,female,b.tech,4th year,high school,cold,4.58,7.79,74,0,personal work
9274,17,female,nursing,4th year,graduate,rainy,3.76,6.17,60,1,none
9275,22,female,bba,1st year,graduate,cold,3.71,8.19,33,1,none
9276,18,male,bca,2nd year,phd,cloudy,1.69,9.74,68,0,festival
9277,18,male,nursing,4th year,post graduate,rainy,1.3,4.46,19,0,personal work
9278,24,female,bba,2nd year,graduate,hot,5.6,4.48,48,1,none
9281,18,female,b.com,2nd year,phd,cold,2.5,8.83,63,0,project work
9282,17,male,ba,4th year,phd,cold,0.37,9.64,56,1,none
9284,17,female,ba,2nd year,graduate,cold,1.85,6.0,10,1,none
9285,20,female,b.com,1st year,high school,rainy,2.15,9.47,31,0,travel
9286,20,female,nursing,3rd year,graduate,cold,0.95,5.7,43,0,no reason
9288,19,male,diploma,2nd year,phd,cloudy,1.76,6.95,87,1,none
9289,19,male,b.com,4th year,post graduate,sunny,0.44,8.77,8,0,personal work
9290,21,male,nursing,2nd year,no formal,hot,0.18,8.21,69,0,project work
9292,22,male,b.sc,4th year,phd,rainy,0.11,7.19,19,0,festival
9293,24,male,b.sc,2nd year,high school,sunny,5.42,8.9,87,1,none
9294,18,female,bca,1st year,no formal,cold,2.28,5.02,8,0,festival
9296,23,female,b.tech,4th year,graduate,sunny,5.92,8.24,52,1,none
9299,20,female,pharmacy,2nd year,high school,rainy,1.46,6.91,81,0,festival
9300,18,female,diploma,4th year,graduate,sunny,3.57,8.75,81,1,none
9301,23,female,pharmacy,4th year,post graduate,cloudy,1.23,6.34,81,1,none
9303,23,male,nursing,2nd year,phd,cloudy,3.61,5.42,65,0,festival
9305,18,female,b.tech,1st year,graduate,cold,0.62,8.58,64,0,none
9307,17,female,bba,1st year,post graduate,cold,2.51,5.61,59,1,none
9309,20,male,nursing,3rd year,no formal,cold,2.35,9.24,57,0,personal work
9310,23,male,b.com,2nd year,phd,cold,2.31,9.55,57,0,none
9311,23,male,bca,1st year,graduate,rainy,5.6,5.75,53,1,none
9315,17,male,nursing,4th year,phd,hot,2.57,4.34,52,1,none
9316,24,male,b.com,3rd year,no formal,cloudy,2.61,7.04,89,0,no reason
9317,21,female,b.com,1st year,high school,cloudy,4.09,7.43,64,1,none
9319,18,male,b.sc,3rd year,phd,cold,3.07,7.03,51,1,none
9320,19,female,bca,1st year,no formal,rainy,0.63,6.06,25,1,none
9321,22,female,b.com,2nd year,graduate,cold,2.89,9.69,43,0,personal work
9322,23,female,ba,3rd year,graduate,cold,4.28,4.95,51,0,project work
9323,24,female,diploma,3rd year,graduate,cloudy,1.49,8.24,54,0,sick
9324,20,female,nursing,3rd year,post graduate,rainy,4.64,5.43,72,0,project work
9326,18,male,bca,3rd year,no formal,sunny,3.14,4.34,78,1,none
9327,17,female,b.tech,4th year,high school,cold,4.11,8.5,39,0,travel
9328,20,male,b.com,1st year,post graduate,hot,4.19,8.48,38,1,none
9329,21,male,diploma,2nd year,high school,sunny,3.79,9.58,6,1,none
9330,17,female,bca,4th year,graduate,cloudy,4.48,6.16,40,1,none
9331,20,female,b.tech,3rd year,high school,cold,4.5,9.77,51,0,no reason
9332,22,male,pharmacy,1st year,graduate,cold,5.24,4.06,43,0,sick
9333,23,male,ba,1st year,post graduate,cold,1.51,5.73,63,0,festival
9337,23,male,bba,1st year,phd,cold,3.39,5.77,34,1,none
9338,22,male,b.sc,3rd year,graduate,sunny,0.97,4.93,50,0,none
9339,19,male,b.sc,3rd year,no formal,rainy,2.53,5.6,77,0,project work
9340,22,male,pharmacy,2nd year,post graduate,hot,3.18,8.66,38,1,none
9341,18,female,diploma,2nd year,post graduate,hot,0.65,7.27,26,0,no reason
9342,20,female,ba,2nd year,no formal,sunny,1.28,5.77,39,0,travel
9343,19,male,nursing,4th year,no formal,sunny,3.78,8.92,29,1,none
9344,24,female,nursing,2nd year,high school,rainy,5.93,5.29,37,0,travel
9345,17,female,diploma,2nd year,graduate,cloudy,5.27,8.1,64,0,festival
9346,23,male,diploma,4th year,graduate,rainy,1.59,4.93,65,0,travel
9347,19,female,pharmacy,3rd year,no formal,cold,4.85,5.9,20,1,none
9348,17,female,nursing,1st year,no formal,hot,0.69,5.68,77,1,none
9350,22,male,diploma,3rd year,post graduate,cold,1.53,6.75,57,0,project work
9351,18,male,b.sc,3rd year,graduate,sunny,1.82,8.74,68,1,none
9353,17,female,b.tech,4th year,graduate,rainy,4.67,9.17,18,1,none
9354,20,female,b.sc,4th year,phd,rainy,3.61,9.5,77,0,sick
9357,17,male,b.sc,1st year,graduate,sunny,0.54,6.26,45,1,none
9359,23,female,pharmacy,3rd year,no formal,cold,0.13,5.77,55,1,none
9360,22,female,b.com,2nd year,phd,cold,2.52,6.95,31,1,none
9362,24,male,b.com,1st year,high school,sunny,2.86,5.14,54,1,none
9364,19,female,diploma,3rd year,graduate,hot,4.87,6.96,34,1,none
9366,19,female,pharmacy,2nd year,post graduate,cold,2.64,9.37,23,1,none
9368,23,female,b.sc,1st year,graduate,rainy,1.71,4.36,63,1,none
9369,24,female,ba,4th year,high school,sunny,3.2,6.8,44,1,none
9370,19,female,nursing,1st year,graduate,hot,3.36,6.83,80,1,none
9373,19,male,diploma,2nd year,high school,cold,5.93,9.62,20,1,none
9375,20,female,b.com,2nd year,no formal,sunny,2.54,4.82,16,1,none
9376,20,male,nursing,4th year,post graduate,rainy,5.4,9.36,16,0,personal work
9378,23,male,bca,1st year,graduate,cloudy,1.48,4.89,86,1,none
9380,17,female,b.com,4th year,post graduate,cloudy,2.19,5.25,39,0,travel
9382,22,female,pharmacy,3rd year,no formal,cold,0.05,8.28,40,0,sick
9383,18,male,b.com,4th year,post graduate,cold,4.38,5.65,76,0,sick
9386,23,male,bba,3rd year,phd,hot,0.43,9.56,49,1,none
9387,23,male,b.tech,1st year,graduate,rainy,2.06,6.37,71,1,none
9390,20,male,nursing,3rd year,graduate,cloudy,0.91,7.64,5,0,project work
9392,20,male,nursing,1st year,graduate,cold,4.89,5.79,6,1,none
9393,20,male,pharmacy,3rd year,phd,sunny,0.77,7.32,57,0,no reason
9394,18,female,b.tech,3rd year,high school,sunny,0.69,9.82,39,1,none
9397,21,female,b.tech,4th year,graduate,cloudy,0.37,5.14,34,0,sick
9398,24,male,b.tech,2nd year,phd,rainy,4.35,9.29,77,0,none
9399,23,female,diploma,1st year,graduate,cloudy,1.16,5.53,78,0,sick
9402,24,male,ba,1st year,no formal,sunny,0.4,7.97,76,0,no reason
9403,20,female,ba,4th year,high school,cold,5.79,5.88,50,0,sick
9404,23,female,pharmacy,4th year,high school,cold,4.76,4.38,22,0,none
9405,19,female,b.com,1st year,no formal,cloudy,2.44,4.5,17,0,none
9406,24,male,b.tech,3rd year,no formal,sunny,4.65,7.82,65,1,none
9407,19,male,nursing,2nd year,phd,rainy,2.96,5.36,11,1,none
9408,19,female,nursing,3rd year,phd,cold,1.56,7.0,46,1,none
9409,18,male,pharmacy,4th year,phd,rainy,3.56,8.86,44,0,none
9410,23,female,pharmacy,2nd year,no formal,cloudy,5.93,7.11,45,1,none
9411,19,male,b.tech,2nd year,phd,sunny,2.88,4.86,35,1,none
9413,17,male,b.com,1st year,graduate,rainy,1.04,5.87,72,1,none
9414,21,female,ba,4th year,no formal,cloudy,1.76,9.13,64,0,no reason
9415,20,female,bba,2nd year,phd,rainy,3.19,9.67,16,0,no reason
9416,20,female,pharmacy,4th year,phd,rainy,0.05,4.93,46,0,sick
9417,18,female,bba,3rd year,post graduate,cold,4.28,9.79,34,1,none
9418,17,female,b.com,2nd year,no formal,cloudy,0.23,9.93,64,0,festival
9421,23,male,nursing,4th year,phd,rainy,1.61,9.53,84,1,none
9423,18,female,pharmacy,4th year,phd,hot,5.63,4.56,14,1,none
9424,19,male,b.tech,3rd year,phd,sunny,3.4,9.94,13,0,festival
9427,24,male,nursing,4th year,post graduate,rainy,4.4,6.85,72,0,none
9428,20,male,b.com,2nd year,post graduate,rainy,5.51,8.76,73,0,festival
9429,21,female,diploma,1st year,post graduate,rainy,1.25,7.83,57,1,none
9431,18,male,bca,3rd year,post graduate,cloudy,3.36,8.56,20,1,none
9432,23,female,diploma,2nd year,post graduate,rainy,4.77,4.66,34,0,sick
9433,19,female,nursing,4th year,graduate,hot,0.14,7.03,47,0,travel
9437,21,male,bba,3rd year,phd,cold,0.77,8.86,11,1,none
9439,18,female,b.com,1st year,no formal,rainy,4.05,8.23,71,0,sick
9440,20,female,diploma,2nd year,post graduate,cloudy,0.71,9.58,13,1,none
9443,21,male,b.sc,3rd year,high school,rainy,3.73,4.42,60,0,no reason
9444,22,male,b.sc,4th year,graduate,cold,3.66,7.11,40,0,no reason
9447,21,female,bba,2nd year,high school,sunny,2.39,9.21,67,0,personal work
9448,23,male,ba,1st year,post graduate,cold,4.64,8.55,66,1,none
9449,17,male,ba,4th year,no formal,cloudy,5.81,7.27,43,1,none
9453,23,female,b.sc,2nd year,graduate,cold,2.46,8.88,6,0,none
9454,19,female,bca,1st year,graduate,cloudy,2.25,8.96,78,1,none
9455,19,male,nursing,1st year,phd,hot,4.59,4.3,42,0,sick
9458,23,male,b.sc,3rd year,graduate,cloudy,3.56,4.43,51,0,sick
9459,20,female,ba,1st year,graduate,cloudy,4.63,5.15,18,0,project work
9460,18,female,ba,1st year,high school,cloudy,3.89,5.55,6,0,no reason
9463,24,male,nursing,3rd year,high school,cold,2.01,9.64,36,0,project work
9465,19,male,b.tech,2nd year,phd,cold,0.09,8.94,28,0,none
9468,24,male,bca,3rd year,high school,cold,4.23,4.79,47,0,sick
9470,20,male,ba,3rd year,phd,cloudy,0.84,7.59,83,1,none
9471,22,male,bba,2nd year,phd,cloudy,4.32,5.95,89,0,no reason
9472,23,male,b.sc,4th year,post graduate,rainy,0.3,5.91,41,1,none
9475,17,female,b.tech,3rd year,phd,hot,1.4,4.13,42,1,none
9477,18,female,bba,3rd year,post graduate,hot,0.98,7.77,28,1,none
9478,19,female,diploma,4th year,graduate,cloudy,0.17,7.96,25,1,none
9480,21,female,nursing,3rd year,no formal,cold,0.44,7.27,26,1,none
9481,18,female,bba,4th year,phd,cloudy,5.78,7.89,70,1,none
9482,17,male,bba,1st year,high school,hot,5.66,4.36,7,0,personal work
9483,18,female,b.tech,2nd year,graduate,sunny,4.13,4.59,34,1,none
9486,19,male,b.sc,2nd year,no formal,rainy,4.06,4.44,77,0,festival
9487,19,female,bba,3rd year,no formal,sunny,0.73,6.4,81,0,project work
9488,21,female,b.tech,1st year,post graduate,rainy,5.86,6.67,89,0,travel
9493,20,female,b.tech,2nd year,high school,rainy,4.42,9.25,89,1,none
9494,21,female,diploma,2nd year,high school,sunny,4.01,9.68,27,1,none
9495,21,female,bca,2nd year,high school,rainy,0.28,7.26,39,0,sick
9496,20,female,diploma,2nd year,graduate,cold,4.35,6.44,23,1,none
9500,24,female,b.sc,3rd year,post graduate,rainy,2.27,5.57,9,1,none
9501,18,male,b.com,4th year,post graduate,rainy,4.28,8.33,8,1,none
9502,18,male,nursing,2nd year,high school,hot,5.45,7.48,58,0,none
9503,21,male,b.tech,4th year,phd,sunny,2.83,9.85,18,1,none
9504,17,female,b.sc,2nd year,high school,cold,4.65,9.01,56,1,none
9505,19,female,diploma,1st year,no formal,hot,2.71,4.9,60,1,none
9506,18,female,ba,1st year,graduate,sunny,5.68,9.83,82,1,none
9508,23,female,ba,3rd year,phd,hot,0.05,8.85,79,1,none
9510,18,female,bca,2nd year,high school,rainy,1.99,6.0,79,1,none
9512,20,male,bba,3rd year,high school,sunny,4.86,4.9,79,0,travel
9513,20,male,nursing,2nd year,graduate,cloudy,4.53,6.75,26,0,travel
9516,20,female,pharmacy,2nd year,high school,hot,1.98,6.52,33,0,sick
9517,17,male,b.com,1st year,no formal,cold,5.55,7.69,22,1,none
9518,24,male,ba,3rd year,phd,rainy,0.36,9.08,15,0,project work
9519,24,female,diploma,2nd year,no formal,rainy,2.85,4.58,25,0,travel
9521,21,female,b.tech,4th year,post graduate,sunny,3.48,5.35,15,1,none
9523,21,female,pharmacy,3rd year,graduate,cloudy,0.68,8.25,32,1,none
9524,20,male,pharmacy,1st year,graduate,hot,4.36,9.28,89,1,none
9525,24,female,b.tech,1st year,post graduate,hot,2.3,7.91,44,0,none
9526,23,female,bba,1st year,high school,cloudy,2.81,8.04,54,0,festival
9527,21,male,nursing,3rd year,high school,rainy,2.93,9.47,79,0,project work
9529,20,male,ba,2nd year,graduate,hot,2.55,4.83,40,1,none
9533,22,male,ba,2nd year,high school,rainy,1.47,7.98,54,0,personal work
9535,21,female,pharmacy,4th year,high school,sunny,2.35,8.2,60,1,none
9537,18,male,bba,4th year,no formal,sunny,2.01,5.07,83,1,none
9539,22,male,b.tech,3rd year,post graduate,sunny,0.4,6.66,17,0,no reason
9541,22,male,pharmacy,3rd year,graduate,cold,2.19,8.34,49,0,project work
9544,22,female,b.sc,3rd year,phd,rainy,2.9,9.92,21,1,none
9545,17,female,b.tech,2nd year,graduate,cold,3.56,7.56,86,1,none
9546,17,male,nursing,2nd year,no formal,rainy,3.9,4.67,19,0,personal work
9547,20,male,b.tech,4th year,no formal,cold,1.18,6.11,81,0,sick
9551,17,male,b.sc,4th year,post graduate,rainy,2.29,4.17,42,1,none
9552,20,male,ba,3rd year,phd,sunny,4.65,9.02,17,1,none
9554,20,female,b.sc,2nd year,graduate,rainy,3.65,4.95,75,0,personal work
9555,17,male,pharmacy,3rd year,phd,rainy,2.73,5.57,47,1,none
9556,23,male,ba,3rd year,high school,cloudy,3.38,4.23,56,0,travel
9559,22,male,b.com,1st year,graduate,rainy,4.58,8.78,51,1,none
9561,19,female,bca,3rd year,graduate,sunny,4.79,5.86,76,1,none
9563,24,female,b.com,4th year,post graduate,cloudy,1.6,9.32,34,0,sick
9565,24,female,bba,4th year,no formal,cold,3.72,4.41,18,1,none
9568,20,female,ba,4th year,graduate,cloudy,2.48,7.69,5,1,none
9569,24,male,bca,2nd year,phd,cloudy,5.58,4.54,31,0,travel
9570,24,male,ba,1st year,post graduate,cloudy,5.48,6.69,40,1,none
9571,23,female,diploma,3rd year,phd,hot,2.86,6.48,66,0,none
9572,18,female,b.tech,1st year,post graduate,cloudy,1.91,6.81,75,0,personal work
9574,22,male,b.sc,2nd year,graduate,cloudy,5.93,5.72,51,1,none
9576,19,male,b.tech,4th year,no formal,hot,3.17,7.26,24,1,none
9577,18,female,ba,1st year,graduate,cold,4.98,7.75,5,0,no reason
9578,18,female,b.sc,1st year,no formal,sunny,0.61,8.36,39,0,project work
9579,22,female,diploma,3rd year,graduate,cloudy,0.59,5.94,12,1,none
9580,20,male,bba,3rd year,graduate,cold,4.3,6.95,10,1,none
9582,23,male,nursing,1st year,phd,cold,4.43,5.88,19,1,none
9584,23,female,ba,3rd year,high school,sunny,1.82,8.3,81,0,festival
9588,21,female,b.sc,1st year,phd,cloudy,4.38,8.84,61,1,none
9589,19,female,pharmacy,2nd year,high school,sunny,0.48,9.22,54,0,no reason
9590,18,female,b.com,3rd year,phd,sunny,4.5,4.27,34,0,sick
9591,18,female,bca,2nd year,no formal,cold,4.63,7.73,14,1,none
9593,18,female,b.com,3rd year,graduate,sunny,5.93,5.12,52,1,none
9594,20,female,b.com,4th year,phd,cloudy,0.22,8.02,21,0,personal work
9595,20,male,bca,3rd year,post graduate,sunny,2.28,6.95,43,1,none
9596,22,male,b.sc,4th year,post graduate,hot,3.51,9.04,15,1,none
9599,23,female,b.tech,3rd year,post graduate,cold,5.24,5.49,35,0,travel
9600,21,female,diploma,2nd year,no formal,rainy,4.8,9.65,38,1,none
9601,20,male,b.com,4th year,no formal,cloudy,5.66,9.57,17,1,none
9602,18,male,b.com,1st year,graduate,rainy,3.47,6.43,15,1,none
9604,20,female,ba,3rd year,phd,cloudy,2.65,6.24,32,0,travel
9605,17,male,diploma,3rd year,high school,hot,0.11,8.59,82,0,sick
9606,19,male,nursing,1st year,post graduate,cold,4.68,5.24,50,1,none
9607,20,male,ba,4th year,graduate,rainy,3.08,7.49,58,1,none
9609,23,female,b.tech,4th year,phd,sunny,3.35,6.54,75,0,no reason
9610,24,male,diploma,2nd year,post graduate,sunny,5.49,8.92,51,0,no reason
9613,20,female,bca,4th year,high school,rainy,1.75,9.42,26,0,personal work
9614,22,male,b.sc,4th year,post graduate,sunny,1.32,5.77,11,0,no reason
9615,21,male,b.sc,3rd year,phd,sunny,2.73,5.43,71,1,none
9617,20,female,b.com,2nd year,post graduate,cold,3.72,9.59,12,0,no reason
9618,20,female,b.com,1st year,phd,hot,1.39,7.93,23,1,none
9619,21,male,b.sc,1st year,graduate,cold,0.84,9.31,11,1,none
9622,18,female,pharmacy,3rd year,no formal,rainy,5.4,9.64,16,1,none
9623,22,male,b.com,3rd year,post graduate,cloudy,2.85,9.84,80,1,none
9624,23,female,b.sc,4th year,graduate,sunny,0.56,5.84,53,1,none
9626,20,female,bca,4th year,post graduate,cold,1.9,5.83,39,1,none
9627,24,male,b.com,2nd year,high school,cloudy,3.07,8.51,82,1,none
9628,22,male,b.tech,3rd year,no formal,cloudy,1.45,7.26,55,1,none
9629,20,male,nursing,4th year,no formal,hot,3.68,7.43,29,1,none
9630,17,female,nursing,2nd year,high school,rainy,5.73,4.58,16,0,none
9631,17,female,b.tech,1st year,phd,rainy,3.12,6.74,41,1,none
9632,18,female,bba,4th year,no formal,rainy,4.92,9.25,55,0,none
9634,22,male,bba,1st year,high school,sunny,4.93,4.4,10,0,travel
9636,24,male,b.com,3rd year,graduate,sunny,1.5,5.39,73,0,none
9637,21,female,ba,1st year,post graduate,sunny,2.56,9.27,16,1,none
9638,24,male,pharmacy,4th year,phd,rainy,3.69,8.43,75,1,none
9639,21,female,pharmacy,3rd year,phd,sunny,2.71,6.59,54,1,none
9641,22,male,diploma,1st year,high school,sunny,3.02,5.03,46,0,sick
9642,20,female,bca,3rd year,phd,hot,2.58,5.65,5,1,none
9643,19,female,b.com,4th year,high school,sunny,2.76,4.33,75,1,none
9644,20,female,b.sc,3rd year,graduate,rainy,4.88,6.96,44,1,none
9645,22,female,diploma,3rd year,high school,hot,5.43,9.16,28,1,none
9646,20,female,ba,4th year,phd,hot,0.29,7.93,69,1,none
9648,24,male,pharmacy,1st year,phd,hot,3.4,6.2,76,0,festival
9649,20,female,pharmacy,1st year,graduate,hot,1.74,7.32,57,1,none
9650,19,female,ba,2nd year,phd,hot,5.42,6.45,60,1,none
9654,24,male,b.tech,2nd year,phd,sunny,0.23,5.62,33,0,festival
9655,20,male,b.com,3rd year,post graduate,hot,4.25,5.81,49,1,none
9656,23,female,ba,1st year,no formal,cloudy,1.84,9.2,10,1,none
9657,23,female,b.sc,1st year,high school,hot,2.27,9.4,89,0,personal work
9658,23,male,b.tech,4th year,graduate,rainy,2.96,9.15,30,1,none
9661,21,female,b.com,1st year,graduate,rainy,4.02,7.95,66,1,none
9663,19,female,b.sc,1st year,high school,cold,1.52,5.38,45,1,none
9664,17,female,pharmacy,4th year,post graduate,rainy,3.57,5.5,48,1,none
9666,21,male,b.sc,1st year,no formal,cloudy,1.84,4.5,77,1,none
9667,22,male,b.sc,1st year,graduate,sunny,2.99,8.67,15,1,none
9668,18,female,b.com,3rd year,high school,cold,5.75,9.25,41,1,none
9670,22,female,ba,1st year,phd,hot,0.73,4.22,14,0,travel
9671,23,female,diploma,3rd year,graduate,sunny,2.66,8.04,68,1,none
9672,24,male,diploma,2nd year,graduate,cold,4.0,6.36,76,1,none
9673,17,female,b.tech,3rd year,no formal,rainy,3.49,8.72,18,1,none
9674,20,male,ba,3rd year,graduate,sunny,2.71,8.03,6,1,none
9675,17,male,nursing,2nd year,post graduate,hot,5.93,8.0,67,1,none
9677,17,female,bca,1st year,phd,hot,1.93,9.48,9,1,none
9678,23,male,diploma,2nd year,post graduate,sunny,3.03,9.28,9,1,none
9679,18,male,b.com,4th year,no formal,cold,2.63,6.26,23,1,none
9680,17,female,nursing,4th year,no formal,hot,3.54,4.99,76,1,none
9681,24,male,bba,1st year,high school,rainy,0.17,4.32,11,0,sick
9682,20,female,diploma,1st year,phd,hot,1.14,9.28,84,1,none
9683,20,female,b.com,4th year,phd,sunny,2.56,6.73,6,1,none
9685,19,female,bba,3rd year,post graduate,hot,0.6,7.19,23,0,no reason
9686,22,male,bba,3rd year,post graduate,sunny,2.8,4.56,34,1,none
9687,20,female,bca,2nd year,high school,sunny,4.18,7.88,36,0,project work
9688,19,female,nursing,2nd year,post graduate,sunny,2.58,8.68,31,1,none
9689,20,male,diploma,3rd year,post graduate,cloudy,5.45,5.47,72,0,none
9690,17,male,b.com,2nd year,no formal,cold,5.52,9.27,62,1,none
9691,19,male,bba,4th year,phd,hot,4.92,4.67,16,1,none
9693,18,male,nursing,4th year,high school,cold,5.38,5.34,44,1,none
9695,22,female,b.tech,3rd year,post graduate,sunny,0.38,8.62,49,0,festival
9697,18,male,pharmacy,1st year,phd,sunny,4.59,9.7,58,1,none
9698,22,female,ba,3rd year,graduate,sunny,0.76,6.9,80,0,sick
9699,23,male,b.sc,3rd year,no formal,cold,5.54,5.81,17,0,personal work
9701,18,female,nursing,1st year,phd,cloudy,2.7,9.92,54,1,none
9702,19,male,bca,3rd year,high school,cold,0.69,6.37,56,0,project work
9707,18,male,ba,2nd year,graduate,rainy,5.84,9.56,10,0,personal work
9708,23,female,b.com,3rd year,high school,sunny,4.93,9.25,82,1,none
9710,18,female,pharmacy,4th year,phd,cloudy,3.99,5.91,75,1,none
9711,24,female,nursing,4th year,post graduate,cold,2.18,5.14,41,0,none
9713,20,female,diploma,1st year,no formal,rainy,3.45,5.32,68,0,none
9714,22,male,ba,4th year,post graduate,cold,0.46,7.39,46,0,none
9715,22,male,ba,1st year,high school,hot,0.79,8.84,56,1,none
9717,17,male,bca,2nd year,no formal,hot,2.99,6.41,48,1,none
9718,21,female,nursing,3rd year,high school,sunny,5.69,8.76,84,1,none
9719,19,female,b.com,1st year,high school,cloudy,5.18,8.82,87,1,none
9720,23,female,bba,3rd year,graduate,cold,3.6,9.01,72,0,none
9721,21,male,bca,1st year,post graduate,rainy,5.9,4.06,58,0,none
9722,17,male,bca,2nd year,graduate,sunny,0.05,9.59,15,0,none
9724,19,male,b.tech,1st year,high school,cloudy,0.6,5.85,68,0,none
9725,19,male,nursing,1st year,high school,cold,1.34,6.24,39,1,none
9727,23,male,diploma,1st year,post graduate,cold,4.88,4.29,7,1,none
9728,23,female,bba,1st year,phd,hot,3.51,7.59,51,1,none
9729,22,male,ba,2nd year,graduate,hot,1.64,7.32,65,1,none
9731,17,male,bca,1st year,graduate,cold,3.12,7.65,44,0,none
9732,21,female,nursing,4th year,graduate,sunny,2.14,8.8,14,1,none
9733,19,female,b.com,4th year,post graduate,cold,3.67,5.35,67,0,none
9735,18,male,b.sc,4th year,no formal,rainy,2.98,9.39,87,1,none
9736,18,female,bca,4th year,high school,cloudy,1.57,8.93,52,0,sick
9737,20,female,b.com,2nd year,no formal,rainy,4.68,7.01,12,0,none
9738,24,male,nursing,1st year,graduate,cloudy,3.87,9.16,69,1,none
9739,22,male,b.com,1st year,high school,cloudy,5.27,5.9,81,1,none
9741,20,female,b.com,4th year,phd,hot,0.74,9.16,28,0,none
9742,21,female,bba,3rd year,graduate,rainy,1.45,9.7,77,0,personal work
9744,21,female,nursing,2nd year,post graduate,cloudy,5.7,4.64,87,1,none
9747,21,female,bba,2nd year,graduate,rainy,3.01,6.0,52,1,none
9748,22,male,b.com,3rd year,phd,sunny,1.46,6.2,77,1,none
9749,21,female,pharmacy,3rd year,post graduate,sunny,3.87,6.29,50,0,project work
9750,19,male,diploma,2nd year,high school,sunny,5.86,8.02,7,1,none
9752,23,male,diploma,3rd year,post graduate,sunny,1.31,6.14,57,0,travel
9754,21,female,b.com,1st year,post graduate,cold,4.96,6.2,77,0,no reason
9755,22,female,bba,3rd year,no formal,cloudy,3.58,4.06,85,0,project work
9756,19,male,b.com,2nd year,post graduate,cold,4.18,4.88,49,0,personal work
9757,20,male,pharmacy,2nd year,no formal,hot,3.95,4.36,63,1,none
9760,21,male,bca,1st year,phd,hot,5.72,4.97,35,0,travel
9761,18,male,ba,3rd year,post graduate,cloudy,0.3,7.82,69,1,none
9762,24,male,b.sc,2nd year,phd,cloudy,2.85,6.48,54,1,none
9764,23,female,pharmacy,2nd year,no formal,cold,1.81,4.51,52,0,personal work
9765,21,male,diploma,3rd year,phd,rainy,0.49,4.51,79,1,none
9766,19,male,b.com,3rd year,high school,cloudy,2.94,8.58,48,0,festival
9767,19,male,nursing,1st year,post graduate,hot,0.51,9.84,84,0,festival
9770,18,female,nursing,1st year,no formal,hot,2.51,6.05,63,1,none
9772,23,male,b.com,2nd year,phd,cold,3.26,9.92,9,0,no reason
9773,17,female,diploma,1st year,no formal,cold,3.32,9.16,26,1,none
9774,17,male,b.com,4th year,phd,cold,4.53,7.82,84,1,none
9776,23,female,diploma,1st year,no formal,sunny,4.49,5.09,80,0,project work
9778,22,female,diploma,2nd year,post graduate,cold,1.54,8.46,21,0,festival
9779,24,female,b.tech,3rd year,no formal,rainy,1.59,9.22,65,1,none
9782,24,female,b.tech,4th year,no formal,sunny,1.48,8.59,77,1,none
9783,19,female,diploma,3rd year,phd,cloudy,0.71,6.09,47,0,sick
9784,20,female,b.sc,2nd year,high school,sunny,2.53,9.93,76,0,festival
9785,20,male,diploma,2nd year,phd,cold,5.03,6.76,88,0,travel
9786,21,female,b.tech,4th year,post graduate,cold,4.79,8.98,27,1,none
9789,22,female,b.com,1st year,high school,cloudy,0.78,5.33,66,0,sick
9790,18,female,bba,4th year,graduate,sunny,4.43,4.98,47,0,none
9792,17,male,bca,2nd year,phd,sunny,5.88,8.14,10,1,none
9793,18,male,b.tech,3rd year,phd,rainy,2.34,7.87,8,0,personal work
9794,24,male,pharmacy,1st year,no formal,rainy,5.02,7.3,18,0,festival
9795,21,male,pharmacy,2nd year,high school,rainy,5.04,9.63,19,1,none
9797,24,male,bba,2nd year,phd,hot,3.07,6.99,52,1,none
9798,22,male,b.sc,4th year,post graduate,cold,0.49,4.09,74,0,no reason
9799,23,female,diploma,2nd year,phd,cloudy,5.45,8.73,45,1,none
9800,22,female,bba,1st year,no formal,cold,2.21,8.65,80,0,no reason
9803,19,female,b.tech,2nd year,high school,hot,2.39,8.34,57,0,travel
9804,24,male,nursing,3rd year,high school,cloudy,0.38,4.95,76,0,festival
9805,18,male,b.tech,1st year,phd,sunny,4.58,9.33,67,0,none
9807,24,female,nursing,2nd year,post graduate,cold,5.88,8.78,10,0,personal work
9809,22,female,b.sc,1st year,post graduate,rainy,5.0,7.39,52,0,festival
9811,21,female,nursing,4th year,phd,hot,3.58,7.02,49,1,none
9813,24,female,b.com,3rd year,phd,sunny,2.49,5.52,18,0,festival
9814,21,male,bca,1st year,no formal,rainy,5.19,9.04,31,1,none
9815,17,male,bba,4th year,no formal,hot,5.69,6.44,66,1,none
9816,18,male,bba,3rd year,high school,cloudy,0.14,8.92,35,0,sick
9817,22,female,b.com,2nd year,graduate,sunny,2.66,8.61,11,1,none
9819,18,female,b.tech,1st year,phd,hot,1.54,8.46,88,1,none
9821,17,male,bba,2nd year,no formal,rainy,2.41,9.0,7,0,personal work
9822,18,female,ba,1st year,post graduate,cloudy,0.85,5.59,7,1,none
9823,20,female,ba,1st year,no formal,sunny,4.35,9.07,61,1,none
9824,17,male,ba,2nd year,no formal,cold,5.48,4.54,73,0,travel
9825,20,female,ba,2nd year,phd,rainy,0.12,9.83,31,1,none
9826,24,female,b.sc,1st year,phd,cold,2.07,5.91,6,1,none
9827,24,female,bca,4th year,post graduate,rainy,0.77,8.22,49,1,none
9828,23,female,b.sc,2nd year,high school,cold,2.15,9.64,34,1,none
9829,19,male,b.com,1st year,no formal,rainy,4.11,6.16,30,1,none
9831,23,male,bca,2nd year,no formal,rainy,0.06,9.0,53,1,none
9834,17,male,nursing,1st year,high school,hot,2.14,8.98,55,0,sick
9835,22,male,b.tech,2nd year,high school,hot,5.43,8.25,55,1,none
9836,21,female,bba,4th year,high school,cold,0.05,4.29,35,0,no reason
9838,17,female,b.tech,1st year,phd,cold,2.48,4.11,13,0,travel
9839,20,female,b.tech,1st year,phd,rainy,2.03,9.0,19,0,personal work
9841,20,female,b.tech,1st year,phd,rainy,1.65,7.98,71,0,personal work
9844,22,male,nursing,2nd year,phd,cloudy,5.32,5.38,56,1,none
9845,19,female,bca,2nd year,post graduate,sunny,5.93,6.53,39,0,sick
9846,21,male,pharmacy,3rd year,phd,hot,3.01,9.3,35,1,none
9847,24,male,b.tech,2nd year,graduate,cold,2.42,4.16,54,1,none
9848,22,male,b.tech,4th year,post graduate,rainy,5.53,4.72,68,0,festival
9849,20,male,nursing,3rd year,high school,cloudy,4.66,5.45,57,1,none
9850,18,male,ba,4th year,post graduate,sunny,2.65,4.39,19,0,sick
9852,23,female,b.sc,2nd year,no formal,rainy,0.58,7.03,5,1,none
9853,18,female,b.tech,4th year,graduate,hot,1.3,7.97,20,0,personal work
9856,19,female,b.sc,2nd year,graduate,sunny,2.56,9.52,31,1,none
9857,22,female,b.tech,2nd year,graduate,rainy,3.97,6.08,57,0,festival
9858,19,female,b.sc,4th year,high school,cloudy,0.62,6.81,14,1,none
9859,19,female,b.tech,2nd year,graduate,rainy,5.73,5.8,77,1,none
9860,21,female,pharmacy,2nd year,high school,cloudy,3.3,4.92,44,1,none
9861,23,male,pharmacy,2nd year,high school,hot,4.58,7.07,28,0,festival
9862,23,male,b.tech,1st year,no formal,cloudy,3.9,4.49,9,1,none
9863,22,male,bba,4th year,graduate,cold,3.61,8.52,69,0,travel
9864,22,female,ba,4th year,post graduate,cold,3.2,6.32,58,1,none
9866,19,female,bca,2nd year,high school,cloudy,3.03,4.09,56,0,no reason
9867,19,male,nursing,3rd year,phd,rainy,5.86,7.3,60,1,none
9868,20,female,bca,1st year,graduate,hot,0.34,7.87,28,1,none
9870,22,female,bca,4th year,phd,sunny,4.97,4.76,75,1,none
9871,18,male,bba,4th year,no formal,cold,4.04,5.98,26,1,none
9872,23,male,pharmacy,4th year,no formal,hot,1.07,6.9,62,1,none
9873,19,female,diploma,4th year,graduate,rainy,0.94,5.35,87,0,no reason
9875,22,male,nursing,2nd year,high school,hot,1.65,6.33,89,1,none
9878,21,male,diploma,3rd year,post graduate,hot,4.34,9.88,50,1,none
9879,18,male,bba,3rd year,phd,cloudy,2.57,6.69,81,0,none
9880,20,male,bca,3rd year,graduate,rainy,1.02,9.8,82,1,none
9881,23,female,nursing,3rd year,post graduate,sunny,0.05,5.14,71,0,project work
9882,20,male,b.sc,4th year,post graduate,sunny,0.87,8.08,35,0,sick
9884,18,male,diploma,2nd year,graduate,hot,1.57,7.37,88,0,no reason
9885,21,female,b.com,3rd year,post graduate,cloudy,1.65,7.52,29,1,none
9887,24,male,b.tech,3rd year,no formal,cloudy,0.46,9.93,89,1,none
9888,24,male,b.com,2nd year,high school,cold,0.48,5.66,51,1,none
9890,21,male,pharmacy,1st year,no formal,cold,0.88,9.43,55,1,none
9891,23,female,b.tech,3rd year,high school,hot,0.82,9.48,62,0,festival
9892,17,male,bca,1st year,phd,hot,0.77,5.4,60,0,travel
9893,21,male,b.tech,3rd year,high school,hot,2.09,5.02,32,0,personal work
9894,20,female,nursing,1st year,phd,rainy,5.7,6.59,64,1,none
9895,23,female,bba,1st year,graduate,cloudy,3.81,4.32,63,1,none
9896,23,female,ba,2nd year,no formal,cold,5.8,6.12,76,1,none
9898,22,male,diploma,2nd year,post graduate,rainy,4.38,9.71,39,0,festival
9899,22,female,b.tech,3rd year,post graduate,sunny,0.48,9.77,66,0,none
9900,21,male,b.com,1st year,high school,sunny,3.45,6.43,23,0,travel
9902,19,female,bca,2nd year,post graduate,sunny,0.71,4.41,70,1,none
9904,21,male,bca,3rd year,post graduate,hot,1.14,4.63,80,0,festival
9905,18,female,ba,2nd year,high school,cloudy,2.47,5.37,74,0,festival
9906,24,male,diploma,4th year,no formal,hot,0.76,5.64,17,0,sick
9907,24,male,diploma,1st year,high school,sunny,4.67,4.54,82,1,none
9910,24,male,diploma,2nd year,graduate,cold,0.09,6.45,83,1,none
9911,18,female,bca,2nd year,no formal,cold,4.84,6.17,75,1,none
9913,23,male,b.sc,2nd year,high school,sunny,4.5,4.16,61,0,festival
9915,18,male,ba,1st year,post graduate,cloudy,0.52,4.53,49,1,none
9916,17,female,pharmacy,1st year,graduate,cold,4.06,9.66,58,1,none
9919,22,male,b.tech,2nd year,post graduate,cloudy,0.33,7.38,15,1,none
9920,18,male,nursing,4th year,phd,cold,1.51,9.67,74,1,none
9921,18,male,b.sc,2nd year,high school,hot,5.43,6.46,78,1,none
9922,22,female,bca,3rd year,post graduate,rainy,1.75,7.64,56,1,none
9923,18,male,ba,4th year,post graduate,hot,3.08,6.68,31,0,personal work
9925,20,male,diploma,4th year,no formal,sunny,2.36,5.61,33,1,none
9926,21,female,bba,3rd year,high school,rainy,5.72,8.17,6,1,none
9928,18,female,diploma,2nd year,graduate,rainy,0.63,6.3,6,1,none
9929,18,female,diploma,4th year,no formal,cold,0.05,7.93,19,0,festival
9930,19,male,bca,1st year,no formal,cloudy,3.01,7.09,52,0,none
9934,17,male,ba,4th year,graduate,cold,3.94,8.61,52,1,none
9935,19,female,pharmacy,3rd year,post graduate,rainy,1.92,5.38,32,0,none
9938,21,female,bba,3rd year,post graduate,sunny,2.62,4.72,66,0,travel
9940,21,male,ba,3rd year,high school,rainy,1.13,9.58,39,1,none
9942,23,female,b.sc,1st year,phd,cloudy,1.78,6.95,19,0,none
9944,18,female,diploma,1st year,phd,cloudy,4.47,9.27,14,1,none
9945,19,female,pharmacy,2nd year,graduate,cloudy,2.9,7.36,20,0,personal work
9949,21,male,ba,3rd year,graduate,rainy,3.42,5.63,27,0,personal work
9950,20,female,nursing,1st year,phd,hot,3.09,9.05,54,1,none
9953,20,female,bca,2nd year,no formal,cold,4.16,5.42,68,0,personal work
9955,18,female,b.sc,1st year,post graduate,hot,1.57,8.08,58,0,sick
9956,23,male,b.com,3rd year,graduate,cold,0.53,7.34,69,1,none
9958,19,female,b.sc,3rd year,high school,cloudy,4.04,4.5,32,1,none
9959,24,female,nursing,3rd year,high school,hot,0.92,9.25,34,0,no reason
9960,17,male,b.com,1st year,graduate,cold,2.78,7.17,13,1,none
9961,24,male,ba,2nd year,post graduate,rainy,0.05,8.32,43,0,none
9962,23,female,nursing,2nd year,phd,hot,5.44,5.04,34,1,none
9964,22,male,nursing,1st year,post graduate,sunny,3.65,6.91,28,1,none
9967,18,female,bba,1st year,phd,rainy,1.56,8.02,84,1,none
9974,21,male,bba,2nd year,high school,sunny,3.94,6.3,71,0,sick
9975,18,female,nursing,1st year,graduate,hot,4.94,9.5,49,1,none
9977,24,female,b.sc,2nd year,graduate,sunny,0.12,7.27,70,1,none
9978,19,male,b.com,2nd year,phd,rainy,2.82,7.45,31,1,none
9980,20,female,diploma,1st year,high school,hot,5.93,7.48,75,1,none
9982,19,male,ba,1st year,high school,rainy,2.68,8.46,86,0,no reason
9983,23,male,diploma,3rd year,no formal,sunny,1.56,6.55,10,0,sick
9984,19,female,pharmacy,3rd year,high school,rainy,1.23,7.08,44,0,personal work
9985,22,male,ba,1st year,graduate,cold,4.81,9.35,84,1,none
9986,20,female,nursing,2nd year,no formal,rainy,1.65,7.72,51,1,none
9987,19,female,b.tech,2nd year,graduate,cloudy,2.97,6.99,11,0,project work
9988,22,male,diploma,2nd year,graduate,sunny,0.07,4.96,61,0,travel
9990,19,male,nursing,2nd year,phd,sunny,0.72,5.91,72,0,travel
9992,24,male,nursing,1st year,phd,sunny,2.69,9.47,15,1,none
9993,18,female,ba,4th year,phd,rainy,0.87,4.06,34,0,personal work
9995,20,male,bba,2nd year,post graduate,sunny,4.63,5.09,22,0,no reason
9997,19,male,b.sc,2nd year,no formal,sunny,0.65,4.81,7,0,none
10000,19,male,b.tech,4th year,no formal,sunny,2.6,9.06,44,1,none
10001,18,female,pharmacy,1st year,post graduate,cloudy,0.89,8.52,45,0,no reason
10003,22,male,pharmacy,1st year,post graduate,cold,1.94,7.6,24,0,personal work
10004,19,male,ba,2nd year,no formal,cold,5.2,8.4,24,1,none
10005,23,male,nursing,2nd year,high school,rainy,2.08,5.75,83,0,sick
10006,22,female,b.com,4th year,high school,rainy,3.34,4.77,61,0,project work
10008,24,female,ba,4th year,graduate,cloudy,2.99,6.31,74,0,sick
10009,17,female,bba,2nd year,high school,cold,5.74,4.13,26,1,none
10011,20,male,bba,4th year,high school,cold,0.14,8.0,28,1,none
10013,23,male,b.sc,4th year,post graduate,cloudy,4.08,6.11,46,1,none
10014,22,male,nursing,4th year,no formal,cold,3.0,6.55,32,0,none
10016,23,female,b.tech,1st year,no formal,sunny,4.57,6.26,43,1,none
10017,22,female,diploma,3rd year,post graduate,sunny,4.55,9.9,87,1,none
10018,23,male,bba,1st year,graduate,rainy,1.03,4.21,5,0,personal work
10019,20,female,bca,1st year,high school,cold,1.16,8.11,37,0,personal work
10021,18,male,b.sc,1st year,phd,sunny,3.45,6.32,60,1,none
10022,21,male,b.com,3rd year,post graduate,hot,4.71,4.16,19,1,none
10023,21,male,b.sc,2nd year,phd,sunny,4.9,8.39,45,0,no reason
10024,17,female,ba,4th year,high school,cloudy,0.05,4.18,78,0,festival
10026,24,male,nursing,2nd year,post graduate,hot,5.58,7.93,62,1,none
10029,18,female,b.tech,3rd year,post graduate,cold,2.64,7.24,6,1,none
10033,21,female,diploma,3rd year,high school,cold,5.52,9.68,21,1,none
10034,23,male,b.sc,4th year,post graduate,hot,0.77,4.57,66,0,personal work
10036,20,female,diploma,1st year,phd,rainy,3.58,6.93,15,1,none
10037,21,male,b.sc,4th year,graduate,hot,1.99,6.8,29,1,none
10039,20,female,nursing,4th year,no formal,sunny,3.77,4.12,87,1,none
10042,19,male,bca,3rd year,high school,cloudy,1.5,5.34,84,1,none
10046,20,male,bca,2nd year,post graduate,sunny,1.02,5.54,86,0,festival
10050,19,female,nursing,4th year,no formal,cloudy,4.77,8.8,63,1,none
10052,23,female,bba,4th year,high school,hot,1.48,8.13,10,1,none
10053,20,male,nursing,4th year,graduate,cloudy,1.59,6.75,52,0,personal work
10055,19,female,diploma,4th year,no formal,hot,5.11,4.78,89,0,project work
10056,22,male,pharmacy,4th year,graduate,hot,1.75,9.52,23,0,sick
10057,21,female,b.com,1st year,graduate,sunny,4.93,9.28,84,1,none
10058,21,male,b.sc,2nd year,post graduate,hot,2.94,6.27,78,0,project work
10059,17,female,b.sc,1st year,graduate,sunny,3.11,4.7,33,0,none
10060,17,female,bca,3rd year,post graduate,rainy,3.18,5.93,17,0,travel
10063,23,female,b.tech,4th year,graduate,sunny,4.68,6.9,53,1,none
10065,17,male,diploma,3rd year,post graduate,hot,5.87,8.79,26,1,none
10067,21,male,bba,4th year,no formal,sunny,1.08,7.97,88,0,none
10070,18,male,bba,1st year,graduate,rainy,1.7,5.71,56,1,none
10071,18,male,diploma,1st year,no formal,sunny,1.07,7.15,77,0,none
10075,18,male,nursing,4th year,phd,rainy,3.57,6.22,54,0,none
10076,21,female,ba,1st year,graduate,sunny,3.65,4.23,34,0,project work
10077,24,female,b.sc,2nd year,post graduate,hot,4.17,8.5,52,1,none
10081,18,female,b.sc,2nd year,phd,cloudy,4.93,9.19,7,1,none
10082,18,male,bca,3rd year,phd,rainy,3.36,9.94,71,0,travel
10084,18,male,ba,4th year,no formal,cloudy,4.12,8.17,24,1,none
10085,19,male,bca,4th year,no formal,rainy,3.12,8.13,35,1,none
10086,21,male,b.com,4th year,post graduate,rainy,3.86,5.45,75,0,festival
10087,20,female,ba,1st year,phd,cloudy,4.28,6.2,84,0,no reason
10088,20,male,bba,2nd year,phd,cloudy,0.85,8.96,43,1,none
10089,18,female,b.sc,2nd year,no formal,cold,4.4,8.17,66,1,none
10090,18,male,pharmacy,3rd year,graduate,rainy,2.42,9.29,84,0,no reason
10092,21,female,diploma,2nd year,phd,sunny,4.4,6.51,64,0,personal work
10093,18,male,b.tech,2nd year,phd,cold,0.07,8.28,28,1,none
10095,23,female,ba,3rd year,high school,cloudy,2.17,9.26,74,0,personal work
10096,24,male,b.sc,2nd year,high school,cloudy,0.21,7.01,31,0,project work
10097,18,female,nursing,4th year,post graduate,sunny,1.51,6.23,88,1,none
10100,23,female,diploma,1st year,no formal,hot,3.94,9.41,51,1,none
10102,24,male,ba,4th year,phd,cloudy,5.22,6.72,43,0,no reason
10105,21,female,bba,1st year,graduate,cloudy,1.79,6.29,13,0,none
10106,23,female,bba,1st year,phd,hot,4.58,6.99,31,0,personal work
10107,17,female,b.tech,2nd year,phd,hot,3.25,7.53,61,1,none
10108,21,male,b.sc,1st year,post graduate,rainy,1.04,6.06,10,1,none
10112,17,male,b.sc,2nd year,no formal,rainy,0.99,4.3,21,1,none
10114,22,female,ba,4th year,high school,rainy,5.41,6.16,34,1,none
10119,17,male,b.sc,1st year,no formal,hot,5.53,4.24,73,1,none
10120,21,male,bca,4th year,post graduate,hot,5.47,7.58,36,1,none
10121,18,male,nursing,3rd year,high school,hot,4.5,5.8,19,0,festival
10122,22,female,b.tech,3rd year,phd,hot,2.93,8.51,72,1,none
10125,19,female,b.tech,1st year,graduate,hot,2.13,8.44,21,1,none
10127,18,male,b.sc,4th year,high school,rainy,1.35,9.9,29,0,travel
10128,18,female,nursing,1st year,high school,cloudy,1.59,7.96,56,0,no reason
10129,24,female,diploma,4th year,graduate,hot,3.08,9.48,59,1,none
10130,19,male,ba,2nd year,phd,hot,4.12,5.17,56,0,festival
10131,21,female,bba,3rd year,phd,rainy,4.34,5.65,7,0,sick
10136,20,female,diploma,4th year,graduate,rainy,4.98,8.12,51,1,none
10137,19,male,pharmacy,2nd year,no formal,cold,3.48,4.39,13,1,none
10139,21,female,b.sc,2nd year,graduate,hot,1.38,5.3,81,0,sick
10140,20,female,ba,4th year,high school,rainy,3.66,7.79,22,0,festival
10141,19,male,b.com,4th year,high school,cold,1.8,9.6,67,0,travel
10145,20,male,b.sc,3rd year,high school,hot,1.94,4.19,84,0,no reason
10147,21,female,bba,2nd year,phd,cloudy,0.75,4.19,48,0,festival
10148,21,male,bba,1st year,high school,cold,0.87,9.48,67,1,none
10149,24,female,ba,3rd year,no formal,hot,4.41,6.84,65,0,none
10150,21,female,diploma,3rd year,high school,sunny,0.94,4.06,87,0,personal work
10151,18,female,bca,3rd year,phd,rainy,5.87,7.3,51,1,none
10152,20,male,b.sc,3rd year,no formal,cold,1.98,6.23,25,0,sick
10153,20,female,ba,1st year,high school,sunny,5.66,7.43,87,1,none
10157,19,female,nursing,1st year,phd,cloudy,1.54,8.08,11,0,none
10159,22,male,bba,2nd year,high school,sunny,1.84,9.89,69,1,none
10161,18,female,b.com,4th year,graduate,cold,3.1,8.06,65,0,none
10162,20,female,nursing,4th year,high school,hot,4.88,4.46,49,1,none
10163,21,female,b.tech,2nd year,post graduate,cloudy,0.43,7.17,13,0,none
10165,20,male,bca,3rd year,graduate,hot,1.16,7.02,16,0,festival
10166,19,female,b.com,2nd year,graduate,sunny,5.2,7.58,20,1,none
10168,23,female,b.tech,3rd year,post graduate,hot,2.3,7.92,34,1,none
10169,24,male,bca,1st year,phd,cloudy,2.79,6.27,9,1,none
10170,17,female,bca,2nd year,phd,sunny,3.29,8.95,69,1,none
10173,23,male,b.sc,3rd year,phd,hot,5.52,5.74,65,0,no reason
10174,24,female,bca,3rd year,high school,hot,5.23,7.16,57,1,none
10176,22,male,nursing,1st year,no formal,hot,4.22,6.35,77,1,none
10177,24,male,b.sc,3rd year,post graduate,hot,3.42,4.52,14,1,none
10178,23,male,ba,3rd year,high school,hot,5.77,9.17,5,1,none
10179,19,female,b.com,4th year,graduate,hot,5.64,8.49,26,1,none
10180,23,female,nursing,3rd year,no formal,hot,2.91,5.28,20,1,none
10181,20,male,bba,1st year,no formal,sunny,0.28,6.72,86,0,travel
10182,17,male,ba,1st year,post graduate,rainy,2.33,8.33,7,1,none
10183,23,female,b.tech,3rd year,phd,sunny,0.05,7.83,49,0,personal work
10185,19,male,ba,2nd year,phd,cold,2.53,4.1,56,0,sick
10186,20,female,b.tech,2nd year,post graduate,sunny,2.72,9.67,74,0,project work
10188,17,female,diploma,2nd year,high school,hot,4.66,8.83,76,1,none
10189,24,female,diploma,3rd year,phd,hot,3.67,9.94,15,0,personal work
10190,17,male,bba,2nd year,post graduate,hot,2.9,5.78,35,0,sick
10195,22,female,ba,3rd year,no formal,cold,5.93,5.64,56,1,none
10196,21,female,nursing,1st year,high school,cloudy,4.6,4.23,19,0,no reason
10198,24,male,bca,1st year,phd,rainy,0.3,9.14,47,1,none
10199,23,male,nursing,3rd year,graduate,hot,3.58,5.92,41,1,none
10200,18,male,bba,4th year,post graduate,sunny,0.87,7.6,67,1,none
10201,21,female,bba,4th year,no formal,cold,5.78,4.17,13,0,personal work
10202,23,male,b.sc,1st year,high school,cold,2.84,5.23,24,0,none
10203,19,female,bba,1st year,graduate,rainy,4.04,8.91,59,0,sick
10204,22,female,b.tech,4th year,no formal,cloudy,5.34,6.0,63,1,none
10206,24,female,bba,2nd year,no formal,sunny,4.01,8.8,22,1,none
10207,21,male,b.sc,4th year,graduate,rainy,1.47,4.58,7,1,none
10209,23,female,ba,1st year,high school,hot,1.74,5.89,55,1,none
10210,18,male,bba,2nd year,graduate,hot,1.64,5.9,72,1,none
10211,20,female,diploma,2nd year,no formal,cold,0.05,7.69,62,0,none
10212,23,male,bba,1st year,post graduate,cold,4.01,5.89,76,0,no reason
10213,18,female,nursing,3rd year,graduate,rainy,4.33,6.38,12,1,none
10215,19,male,pharmacy,3rd year,high school,cloudy,0.95,8.59,29,0,personal work
10217,21,female,ba,4th year,graduate,cloudy,1.71,6.3,82,0,no reason
10221,18,male,diploma,3rd year,phd,cloudy,4.26,6.22,79,1,none
10223,21,female,b.com,2nd year,no formal,cold,1.58,7.96,81,0,no reason
10226,19,female,diploma,1st year,no formal,sunny,2.9,8.39,41,0,festival
10228,17,female,b.sc,1st year,post graduate,sunny,1.07,9.51,81,0,project work
10229,17,male,b.com,1st year,high school,cold,1.85,7.35,87,1,none
10231,24,female,b.com,4th year,graduate,cloudy,1.4,6.25,39,1,none
10232,18,male,nursing,1st year,graduate,sunny,5.46,8.96,74,1,none
10233,21,male,ba,1st year,post graduate,cloudy,1.32,8.97,31,0,none
10237,17,female,b.com,4th year,phd,hot,0.05,6.69,56,1,none
10238,20,male,pharmacy,1st year,graduate,hot,4.47,7.78,29,0,sick
10239,21,female,b.sc,1st year,graduate,rainy,2.63,9.79,24,1,none
10240,22,male,b.com,3rd year,post graduate,hot,3.35,9.27,83,1,none
10241,21,male,b.sc,2nd year,post graduate,sunny,1.49,9.22,50,1,none
10242,21,male,bca,3rd year,graduate,hot,1.79,8.6,42,0,travel
10243,19,female,nursing,4th year,phd,rainy,0.34,7.69,36,0,no reason
10244,17,male,pharmacy,2nd year,graduate,hot,2.78,7.08,68,0,none
10245,20,male,nursing,4th year,phd,cloudy,5.87,8.47,24,1,none
10246,19,male,nursing,2nd year,graduate,rainy,2.23,5.28,5,0,none
10248,23,female,bca,4th year,no formal,sunny,4.26,4.4,71,1,none
10249,21,female,nursing,2nd year,graduate,hot,0.83,4.85,49,0,none
10250,21,female,bca,1st year,phd,cold,4.87,8.7,31,1,none
10251,17,female,b.sc,3rd year,graduate,rainy,5.36,5.02,65,1,none
10252,22,female,b.tech,3rd year,post graduate,cloudy,5.72,4.43,48,1,none
10255,18,male,bba,1st year,post graduate,cold,0.85,6.3,30,0,none
10257,24,male,bba,1st year,high school,sunny,2.93,8.45,76,0,no reason
10258,21,male,ba,2nd year,graduate,cloudy,3.39,7.21,67,0,project work
10259,24,female,diploma,4th year,graduate,rainy,0.6,4.06,75,0,travel
10260,18,female,nursing,2nd year,phd,cloudy,2.99,5.2,52,1,none
10263,18,male,pharmacy,4th year,high school,cold,3.81,5.27,13,1,none
10264,22,female,pharmacy,3rd year,high school,rainy,5.63,9.85,45,1,none
10267,20,female,bca,3rd year,no formal,cold,1.09,6.42,48,1,none
10268,19,female,bca,4th year,post graduate,cold,0.59,4.19,24,0,festival
10269,23,female,nursing,3rd year,post graduate,cold,2.18,6.28,15,1,none
10270,24,male,b.tech,3rd year,high school,cloudy,2.99,9.51,81,1,none
10271,21,female,bba,2nd year,no formal,rainy,2.99,9.19,55,1,none
10273,17,male,diploma,3rd year,post graduate,cold,4.63,8.87,80,1,none
10275,17,male,diploma,1st year,no formal,hot,5.36,5.94,73,0,no reason
10276,23,male,pharmacy,2nd year,graduate,rainy,0.45,7.97,33,1,none
10278,19,female,nursing,3rd year,graduate,cloudy,2.08,9.2,55,1,none
10279,23,female,nursing,3rd year,graduate,cold,3.89,6.83,77,1,none
10280,22,female,bca,4th year,high school,cloudy,2.28,9.91,53,1,none
10281,21,female,ba,2nd year,graduate,rainy,4.8,7.02,15,1,none
10282,17,female,ba,1st year,graduate,cold,1.11,6.54,56,1,none
10284,21,female,bca,2nd year,post graduate,hot,3.25,8.54,83,1,none
10285,19,male,nursing,4th year,phd,hot,0.86,9.51,21,1,none
10286,22,male,ba,1st year,high school,rainy,4.6,9.73,40,1,none
10287,24,female,bca,2nd year,no formal,sunny,1.92,8.97,76,0,personal work
10288,19,female,ba,1st year,no formal,sunny,5.74,5.95,27,1,none
10289,19,female,bca,2nd year,post graduate,hot,0.85,5.83,16,1,none
10290,19,male,nursing,3rd year,graduate,rainy,3.53,7.94,42,1,none
10291,23,male,ba,4th year,graduate,sunny,0.05,9.33,80,1,none
10292,17,male,ba,4th year,post graduate,rainy,4.09,8.08,11,0,personal work
10294,23,female,bba,4th year,phd,cold,5.63,7.68,13,1,none
10296,21,female,b.sc,1st year,post graduate,cloudy,3.6,9.19,71,1,none
10297,24,male,pharmacy,1st year,post graduate,cloudy,1.26,9.62,66,0,personal work
10298,23,female,nursing,4th year,phd,sunny,3.37,7.29,43,0,travel
10300,17,female,pharmacy,1st year,phd,cold,4.65,9.91,65,1,none
10301,22,male,b.com,2nd year,graduate,rainy,4.06,9.02,29,0,none
10302,18,male,ba,4th year,high school,cold,3.34,5.78,58,1,none
10304,24,male,bca,3rd year,phd,rainy,2.01,9.83,75,1,none
10307,18,male,b.com,3rd year,post graduate,sunny,5.49,8.4,58,1,none
10308,17,female,pharmacy,3rd year,post graduate,sunny,4.59,4.19,20,1,none
10309,17,female,diploma,2nd year,post graduate,cold,2.78,6.44,83,1,none
10312,20,male,b.tech,2nd year,phd,cloudy,3.76,7.46,14,1,none
10313,19,male,b.com,2nd year,no formal,rainy,3.34,7.7,78,1,none
10315,21,female,b.tech,1st year,post graduate,rainy,0.76,8.18,87,0,festival
10316,19,male,b.com,1st year,phd,cloudy,2.23,8.69,75,1,none
10317,20,female,b.tech,3rd year,high school,cold,1.52,9.75,70,0,travel
10318,17,male,bca,2nd year,graduate,cold,1.76,8.54,41,1,none
10319,19,male,nursing,4th year,high school,hot,2.73,6.91,80,0,sick
10321,24,male,pharmacy,1st year,graduate,cloudy,1.29,9.12,39,1,none
10323,24,male,diploma,4th year,graduate,cold,4.03,8.81,69,1,none
10324,21,male,b.com,2nd year,high school,cloudy,3.32,6.21,76,0,festival
10326,23,male,bca,2nd year,high school,cold,4.59,7.27,31,1,none
10327,20,female,b.tech,1st year,phd,cloudy,4.53,6.1,52,0,sick
10328,21,female,b.tech,1st year,phd,cloudy,0.58,9.54,7,1,none
10329,22,female,pharmacy,3rd year,no formal,cloudy,0.46,4.08,68,1,none
10330,19,female,b.com,3rd year,high school,cloudy,2.09,5.26,73,0,festival
10331,22,male,bba,2nd year,graduate,sunny,3.75,6.82,14,1,none
10332,21,male,diploma,2nd year,phd,cold,0.71,7.54,72,0,travel
10333,19,male,diploma,4th year,high school,sunny,0.62,8.11,31,0,festival
10334,19,male,b.tech,3rd year,post graduate,cold,5.31,6.02,27,1,none
10335,22,female,bca,3rd year,no formal,cold,5.44,6.95,17,1,none
10336,18,female,pharmacy,3rd year,phd,cloudy,4.86,6.1,33,1,none
10337,17,male,ba,1st year,high school,rainy,2.16,4.45,55,0,no reason
10338,24,male,bba,2nd year,high school,cold,3.1,8.58,12,1,none
10340,22,male,diploma,4th year,post graduate,sunny,0.78,7.18,72,0,none
10341,22,female,b.sc,2nd year,graduate,hot,2.94,4.73,17,1,none
10345,23,female,bba,4th year,graduate,hot,2.6,9.13,9,0,project work
10346,24,female,pharmacy,1st year,no formal,rainy,3.18,9.39,15,1,none
10349,18,male,b.tech,4th year,no formal,cold,3.47,4.95,82,1,none
10353,18,male,bba,1st year,phd,rainy,4.63,6.12,72,1,none
10354,21,female,bca,4th year,graduate,hot,0.74,8.3,8,0,project work
10355,17,male,b.tech,3rd year,post graduate,sunny,1.39,4.65,45,0,project work
10356,17,male,diploma,1st year,post graduate,cloudy,5.22,7.9,32,1,none
10357,21,female,b.com,1st year,high school,sunny,0.86,5.21,80,0,personal work
10358,24,male,ba,3rd year,high school,cloudy,5.84,7.35,36,1,none
10359,21,male,ba,1st year,graduate,rainy,5.65,8.82,69,0,sick
10360,20,male,b.tech,3rd year,no formal,hot,5.93,4.29,84,0,none
10361,22,female,bba,2nd year,graduate,rainy,3.78,7.39,24,1,none
10362,21,male,ba,3rd year,phd,cold,0.77,8.56,25,0,sick
10367,22,female,b.com,1st year,no formal,cloudy,1.65,4.26,29,0,festival
10368,19,female,nursing,4th year,graduate,cloudy,5.93,7.77,69,1,none
10370,17,female,bba,1st year,post graduate,sunny,2.08,9.39,69,0,travel
10371,23,female,nursing,4th year,no formal,sunny,5.09,7.5,25,1,none
10372,19,female,b.sc,1st year,graduate,cloudy,4.39,7.44,56,1,none
10373,17,male,b.sc,3rd year,phd,hot,0.88,8.82,19,1,none
10377,24,male,pharmacy,2nd year,graduate,sunny,1.5,8.41,53,1,none
10379,21,male,b.sc,2nd year,no formal,rainy,5.35,5.93,35,1,none
10380,22,male,pharmacy,2nd year,phd,sunny,3.05,5.19,59,0,travel
10381,21,male,b.sc,3rd year,phd,cold,3.26,9.8,6,0,project work
10382,18,male,bba,2nd year,no formal,cold,1.24,5.43,56,1,none
10383,22,male,b.tech,3rd year,no formal,hot,0.22,5.89,46,0,project work
10385,17,male,b.sc,2nd year,graduate,hot,3.13,4.75,87,1,none
10387,22,male,nursing,2nd year,no formal,cold,1.66,5.49,30,0,personal work
10388,17,female,b.com,1st year,post graduate,rainy,2.93,4.74,6,1,none
10389,24,female,nursing,3rd year,no formal,sunny,4.32,5.62,64,1,none
10394,19,male,diploma,4th year,phd,cloudy,5.13,6.93,23,1,none
10395,19,male,nursing,3rd year,post graduate,rainy,1.26,9.52,26,1,none
10396,22,female,nursing,2nd year,high school,cloudy,0.32,5.45,7,1,none
10397,23,male,b.sc,4th year,post graduate,hot,4.41,9.49,22,1,none
10398,18,female,diploma,3rd year,no formal,cold,2.86,9.79,68,1,none
10399,21,female,b.sc,3rd year,graduate,hot,3.31,8.73,15,1,none
10400,24,male,bba,2nd year,no formal,rainy,1.98,8.64,29,1,none
10401,19,male,b.tech,2nd year,post graduate,rainy,5.45,4.37,83,1,none
10403,18,female,nursing,3rd year,high school,rainy,0.43,6.01,19,0,no reason
10405,18,female,diploma,4th year,phd,cloudy,5.49,4.81,23,1,none
10406,19,female,bca,2nd year,phd,cloudy,2.32,4.61,83,0,sick
10408,19,male,b.tech,3rd year,no formal,hot,2.25,9.2,48,1,none
10409,18,male,diploma,1st year,graduate,hot,0.13,6.78,5,0,personal work
10412,24,male,bca,1st year,phd,rainy,1.93,4.32,39,0,festival
10413,17,female,ba,1st year,post graduate,hot,3.97,8.0,25,1,none
10414,19,female,bba,3rd year,no formal,cold,2.23,8.96,66,0,sick
10416,18,female,b.com,3rd year,no formal,cloudy,2.76,6.78,19,0,no reason
10417,17,male,pharmacy,3rd year,high school,rainy,3.94,7.68,14,1,none
10420,24,female,b.tech,2nd year,post graduate,rainy,3.17,6.64,9,0,project work
10422,23,male,b.com,2nd year,high school,sunny,5.93,7.19,35,0,none
10423,18,male,pharmacy,3rd year,post graduate,rainy,1.73,6.67,24,0,no reason
10425,24,female,ba,3rd year,no formal,rainy,2.15,5.73,22,0,travel
10426,23,male,nursing,2nd year,phd,cloudy,4.38,8.22,27,0,personal work
10428,19,male,nursing,3rd year,post graduate,sunny,4.76,7.09,20,1,none
10429,20,male,b.sc,2nd year,phd,sunny,2.64,8.03,78,0,travel
10430,21,female,b.sc,2nd year,graduate,sunny,5.72,9.31,65,1,none
10431,20,female,b.tech,1st year,no formal,sunny,4.04,5.8,86,0,no reason
10433,20,female,bca,4th year,phd,sunny,4.54,5.09,13,1,none
10434,21,male,b.tech,4th year,high school,sunny,4.05,5.32,40,1,none
10436,19,female,bca,1st year,post graduate,rainy,3.52,7.86,19,1,none
10437,19,male,b.com,1st year,post graduate,cold,0.5,4.97,14,1,none
10438,17,female,b.tech,2nd year,no formal,hot,5.52,9.92,83,1,none
10439,17,female,b.sc,1st year,no formal,sunny,0.78,9.57,61,0,travel
10440,20,female,b.sc,1st year,post graduate,sunny,4.3,5.71,40,1,none
10441,17,male,bba,3rd year,no formal,sunny,5.38,6.6,76,1,none
10442,19,female,pharmacy,1st year,graduate,rainy,3.56,5.0,27,0,travel
10443,21,female,ba,3rd year,high school,hot,3.72,4.83,5,0,personal work
10447,17,female,b.sc,2nd year,post graduate,cloudy,0.63,4.95,10,1,none
10448,20,female,bba,3rd year,high school,sunny,2.56,4.82,38,1,none
10449,20,female,nursing,1st year,post graduate,cloudy,1.48,8.98,84,0,travel
10450,23,male,b.com,1st year,no formal,rainy,0.22,7.2,38,0,none
10451,20,male,pharmacy,4th year,phd,hot,3.96,7.12,22,1,none
10453,18,male,ba,2nd year,high school,rainy,2.37,5.36,59,0,travel
10457,18,male,nursing,4th year,no formal,cold,3.75,5.85,38,1,none
10458,17,female,bca,3rd year,no formal,cold,3.07,6.36,84,0,none
10460,24,female,ba,3rd year,phd,cold,1.84,7.12,69,0,sick
10461,23,female,pharmacy,2nd year,graduate,rainy,2.24,9.58,38,0,project work
10464,18,male,bba,2nd year,graduate,cold,3.96,8.5,65,1,none
10465,20,male,bca,2nd year,post graduate,sunny,3.36,4.24,51,0,sick
10466,19,female,nursing,1st year,graduate,rainy,2.57,9.72,46,1,none
10467,20,female,bba,1st year,no formal,cloudy,4.79,9.69,72,1,none
10469,22,male,b.com,1st year,phd,rainy,5.62,9.17,62,1,none
10470,21,male,bca,3rd year,phd,sunny,5.92,6.83,11,1,none
10472,22,female,bca,4th year,post graduate,cloudy,1.15,5.12,29,1,none
10474,20,male,b.com,4th year,phd,cloudy,2.25,9.16,53,0,sick
10475,17,female,b.tech,4th year,graduate,cold,3.3,5.65,35,0,no reason
10476,22,female,pharmacy,3rd year,phd,rainy,4.75,5.92,75,1,none
10478,22,male,diploma,4th year,high school,cold,1.26,5.03,31,1,none
10479,21,male,pharmacy,3rd year,no formal,hot,5.56,9.27,48,1,none
10480,19,female,b.sc,2nd year,graduate,hot,0.45,8.33,72,0,personal work
10481,18,female,nursing,4th year,post graduate,sunny,2.64,8.68,25,1,none
10484,17,male,ba,2nd year,graduate,rainy,2.71,4.06,13,1,none
10485,19,male,b.sc,2nd year,graduate,cloudy,1.03,6.85,78,0,sick
10486,24,female,nursing,4th year,no formal,sunny,1.46,6.86,85,0,travel
10488,24,female,b.tech,1st year,high school,sunny,0.15,7.85,36,1,none
10490,23,male,pharmacy,4th year,no formal,cloudy,0.05,7.04,85,1,none
10492,17,male,bca,3rd year,high school,cloudy,1.86,8.09,18,1,none
10495,18,male,pharmacy,4th year,graduate,cold,3.61,8.42,38,1,none
10496,21,male,b.tech,3rd year,high school,cloudy,5.43,5.08,30,1,none
10497,17,female,b.tech,1st year,no formal,rainy,0.05,4.41,32,0,project work
10499,23,male,pharmacy,3rd year,high school,hot,2.13,8.0,66,1,none
10500,17,male,bca,1st year,high school,sunny,5.58,5.04,66,1,none
10503,17,male,diploma,3rd year,no formal,cloudy,3.95,6.97,59,0,festival
10507,23,male,ba,1st year,graduate,cloudy,2.7,4.24,74,1,none
10509,23,male,b.com,1st year,phd,rainy,3.41,6.23,56,0,project work
10510,21,male,b.tech,2nd year,high school,sunny,1.92,7.08,38,1,none
10511,24,male,b.sc,3rd year,no formal,hot,4.03,9.82,42,1,none
10512,24,female,bba,4th year,post graduate,sunny,1.6,8.3,28,1,none
10514,19,male,bba,4th year,high school,rainy,1.95,4.72,49,0,none
10515,20,male,b.tech,2nd year,post graduate,rainy,4.26,6.59,42,1,none
10516,23,male,b.sc,1st year,post graduate,rainy,1.65,7.14,74,0,personal work
10517,20,male,diploma,2nd year,no formal,cold,0.89,7.27,89,0,personal work
10519,18,male,ba,1st year,post graduate,cloudy,1.38,4.1,33,0,personal work
10520,24,male,b.sc,4th year,high school,cold,2.48,8.87,85,1,none
10521,22,male,b.tech,2nd year,post graduate,sunny,0.39,6.89,7,1,none
10522,19,male,b.sc,3rd year,post graduate,cloudy,4.83,5.54,25,1,none
10524,20,male,b.tech,3rd year,high school,rainy,1.42,9.93,48,0,personal work
10525,18,female,bca,1st year,high school,cloudy,2.47,8.14,58,0,no reason
10526,23,female,b.sc,2nd year,graduate,cold,5.57,8.69,62,0,sick
10527,24,male,pharmacy,2nd year,no formal,hot,1.75,8.26,7,1,none
10528,23,female,bba,4th year,graduate,cloudy,1.49,7.3,22,0,festival
10529,19,male,ba,3rd year,phd,hot,2.5,4.91,8,1,none
10530,19,female,nursing,3rd year,post graduate,hot,4.52,6.52,50,1,none
10531,17,male,diploma,4th year,phd,cold,2.76,7.78,62,0,festival
10532,22,female,ba,1st year,high school,rainy,2.54,9.02,77,0,sick
10533,19,female,pharmacy,1st year,post graduate,sunny,2.6,9.8,58,1,none
10534,24,female,bba,3rd year,post graduate,sunny,2.72,7.26,87,1,none
10535,23,male,diploma,3rd year,no formal,cold,2.06,8.97,66,1,none
10537,24,male,diploma,3rd year,graduate,sunny,2.5,4.13,83,0,personal work
10538,18,male,bca,1st year,post graduate,cloudy,2.74,5.38,51,1,none
10539,20,male,bca,1st year,post graduate,sunny,3.91,4.41,45,0,travel
10541,24,male,pharmacy,1st year,no formal,sunny,5.78,8.24,80,1,none
10542,22,female,diploma,3rd year,post graduate,rainy,1.28,5.46,46,0,travel
10544,21,male,b.tech,3rd year,no formal,cloudy,0.85,9.43,69,1,none
10545,23,male,nursing,2nd year,phd,sunny,5.24,6.49,79,0,festival
10546,23,male,bba,2nd year,phd,sunny,1.5,4.2,67,0,project work
10549,20,female,b.sc,3rd year,no formal,rainy,1.07,6.5,24,0,travel
10552,24,male,pharmacy,2nd year,graduate,cold,2.36,4.21,11,1,none
10553,21,male,nursing,1st year,graduate,hot,3.11,4.54,79,1,none
10554,24,male,nursing,1st year,phd,cold,0.64,4.32,38,0,none
10558,21,female,ba,1st year,post graduate,rainy,0.56,5.29,66,0,travel
10563,19,male,pharmacy,1st year,high school,cloudy,2.51,7.69,43,0,no reason
10566,18,male,bca,4th year,high school,cloudy,3.92,7.03,55,0,sick
10568,24,female,b.sc,4th year,graduate,cold,4.71,7.86,57,1,none
10569,18,male,ba,3rd year,phd,cloudy,2.69,5.98,14,1,none
10571,17,male,bca,1st year,no formal,cloudy,0.98,5.16,78,0,sick
10572,18,female,b.tech,1st year,graduate,cold,2.98,8.54,9,1,none
10574,21,male,b.tech,4th year,high school,hot,4.14,6.59,72,1,none
10575,21,male,nursing,4th year,high school,hot,5.93,4.77,34,0,sick
10578,21,female,bba,4th year,no formal,cloudy,4.76,4.82,67,0,sick
10579,21,female,nursing,2nd year,high school,cloudy,4.74,4.45,28,0,none
10583,20,male,pharmacy,4th year,graduate,cloudy,2.87,8.87,29,1,none
10584,21,female,b.tech,3rd year,no formal,sunny,4.24,8.83,34,1,none
10586,20,male,diploma,3rd year,high school,sunny,0.76,6.05,52,1,none
10587,22,female,bca,2nd year,no formal,cloudy,4.93,8.19,8,1,none
10588,24,male,nursing,1st year,no formal,cloudy,3.16,6.01,43,0,festival
10591,21,male,bba,1st year,graduate,hot,5.4,6.38,37,1,none
10592,19,female,nursing,3rd year,graduate,rainy,2.59,9.72,5,0,personal work
10593,24,male,b.sc,4th year,post graduate,rainy,4.89,5.02,57,1,none
10595,18,male,b.tech,2nd year,no formal,cloudy,1.69,5.09,17,0,travel
10596,19,female,b.sc,1st year,no formal,rainy,0.05,6.37,87,0,no reason
10597,19,male,b.sc,4th year,no formal,cloudy,0.35,5.15,66,0,no reason
10598,23,male,nursing,2nd year,high school,rainy,1.56,6.38,31,0,festival
10600,22,female,ba,2nd year,graduate,hot,1.51,9.63,83,0,no reason
10601,21,male,bca,4th year,high school,rainy,1.56,4.71,13,1,none
10603,21,male,bca,3rd year,no formal,cloudy,3.41,5.7,61,0,sick
10604,23,female,b.tech,3rd year,no formal,sunny,3.98,5.68,7,1,none
10607,19,male,b.tech,2nd year,graduate,hot,0.44,7.64,73,0,no reason
10608,18,male,b.tech,3rd year,phd,cloudy,2.13,7.9,70,0,project work
10609,17,male,b.sc,1st year,phd,cloudy,2.6,4.39,81,0,no reason
10610,19,female,bca,1st year,high school,hot,0.56,9.28,56,1,none
10612,17,female,nursing,4th year,no formal,sunny,2.27,5.61,80,1,none
10613,24,female,nursing,1st year,post graduate,hot,2.21,6.38,40,1,none
10614,21,male,bca,1st year,phd,sunny,4.7,8.94,20,1,none
10616,24,female,b.com,1st year,graduate,sunny,1.52,7.35,46,0,project work
10617,18,female,diploma,1st year,high school,hot,2.77,7.99,69,1,none
10618,24,male,b.sc,3rd year,phd,hot,5.13,8.68,66,0,project work
10619,19,male,pharmacy,4th year,phd,sunny,3.25,9.54,80,1,none
10620,20,male,b.tech,3rd year,post graduate,cold,4.09,7.09,77,1,none
10621,20,female,pharmacy,2nd year,no formal,hot,1.57,4.73,70,0,festival
10624,24,female,b.sc,4th year,high school,cloudy,3.21,9.72,40,1,none
10625,19,female,b.com,1st year,high school,hot,3.39,5.66,53,0,no reason
10626,19,female,nursing,3rd year,post graduate,sunny,3.88,6.74,85,0,no reason
10628,22,male,b.sc,2nd year,post graduate,sunny,4.25,4.75,35,1,none
10629,19,female,bca,3rd year,phd,cold,2.57,5.93,45,1,none
10631,20,female,ba,1st year,phd,cloudy,5.71,9.94,63,1,none
10632,21,female,b.tech,1st year,graduate,hot,2.65,8.53,68,0,sick
10634,17,male,pharmacy,4th year,high school,cloudy,4.98,8.77,88,1,none
10635,24,male,b.sc,2nd year,phd,cold,3.69,8.07,22,1,none
10637,20,female,pharmacy,4th year,graduate,hot,2.9,5.31,57,1,none
10638,23,male,ba,4th year,phd,cold,0.88,9.43,64,0,sick
10639,19,male,b.tech,1st year,high school,rainy,2.47,5.87,59,0,no reason
10642,23,male,bca,4th year,no formal,sunny,1.34,4.64,27,1,none
10643,22,female,pharmacy,4th year,high school,rainy,0.8,8.47,57,0,sick
10644,23,female,diploma,1st year,phd,rainy,0.86,7.74,63,0,personal work
10645,23,male,diploma,4th year,graduate,cloudy,0.46,6.94,30,1,none
10646,19,male,ba,1st year,phd,cloudy,5.67,8.91,15,0,no reason
10647,17,male,b.tech,2nd year,no formal,rainy,1.28,7.3,10,1,none
10651,18,male,bca,2nd year,post graduate,hot,0.87,4.12,34,1,none
10653,21,male,b.com,3rd year,no formal,cloudy,4.15,8.03,55,1,none
10655,24,male,bca,2nd year,post graduate,cloudy,5.93,9.44,66,1,none
10656,23,male,pharmacy,3rd year,phd,hot,0.43,8.16,43,0,project work
10657,20,female,b.sc,1st year,post graduate,cloudy,5.09,5.17,79,0,project work
10659,19,male,diploma,3rd year,phd,cloudy,0.31,5.72,30,1,none
10660,21,female,ba,2nd year,high school,cloudy,2.24,6.25,65,0,no reason
10662,19,female,bba,1st year,no formal,sunny,3.38,5.81,41,1,none
10664,19,female,b.tech,4th year,no formal,cold,5.11,6.3,54,1,none
10665,18,male,pharmacy,1st year,high school,cold,5.56,9.87,6,1,none
10666,20,male,b.com,1st year,no formal,sunny,2.99,6.74,59,0,personal work
10667,18,female,ba,4th year,phd,hot,4.25,5.04,64,1,none
10668,20,male,bca,1st year,high school,sunny,4.21,8.15,29,0,travel
10669,19,male,nursing,3rd year,phd,cloudy,5.78,7.43,52,1,none
10671,23,male,diploma,4th year,no formal,hot,0.89,7.38,81,0,none
10672,19,male,b.tech,3rd year,phd,rainy,2.67,7.05,11,0,travel
10673,22,female,b.tech,4th year,high school,sunny,5.93,6.09,56,1,none
10674,22,female,nursing,1st year,post graduate,cloudy,0.08,9.45,43,1,none
10675,22,male,pharmacy,1st year,no formal,sunny,3.71,9.74,77,1,none
10676,19,male,bca,4th year,no formal,sunny,2.72,6.2,89,0,none
10678,18,female,b.com,2nd year,post graduate,hot,2.23,6.26,39,0,travel
10679,19,female,ba,1st year,no formal,sunny,5.71,6.49,41,1,none
10680,23,male,b.sc,1st year,post graduate,cloudy,0.41,9.47,69,1,none
10681,19,male,nursing,3rd year,post graduate,rainy,3.29,6.32,36,0,personal work
10682,22,male,diploma,1st year,no formal,cold,3.88,8.09,45,1,none
10685,23,female,b.tech,3rd year,graduate,sunny,3.67,8.78,80,0,personal work
10687,21,male,b.sc,4th year,post graduate,sunny,5.04,5.88,86,1,none
10689,19,female,bba,2nd year,post graduate,sunny,3.42,8.01,89,1,none
10690,20,female,b.com,2nd year,phd,cold,4.27,8.55,62,1,none
10692,22,male,bca,1st year,no formal,hot,0.17,6.64,79,0,personal work
10693,22,female,b.sc,4th year,post graduate,hot,1.51,8.24,43,0,no reason
10694,23,male,bba,1st year,high school,cloudy,1.33,4.25,39,1,none
10695,22,female,pharmacy,4th year,post graduate,cold,3.92,6.7,20,0,no reason
10696,18,male,nursing,3rd year,no formal,cold,2.48,8.06,12,1,none
10697,22,female,bba,1st year,high school,cloudy,2.22,6.98,50,0,none
10699,18,male,nursing,2nd year,no formal,sunny,4.32,8.75,22,1,none
10700,20,male,bca,4th year,graduate,rainy,3.89,8.71,6,1,none
10701,24,male,b.sc,3rd year,post graduate,cold,5.75,6.78,14,1,none
10703,23,female,b.tech,2nd year,no formal,cold,4.63,7.56,12,1,none
10706,22,male,bca,3rd year,graduate,cloudy,1.72,8.28,48,0,none
10708,23,male,ba,3rd year,graduate,hot,3.32,9.56,29,0,festival
10709,24,male,bba,2nd year,phd,cloudy,2.44,7.96,31,0,sick
10711,24,female,pharmacy,2nd year,post graduate,hot,2.24,8.46,53,1,none
10713,21,male,b.com,1st year,post graduate,sunny,4.79,6.13,46,0,none
10714,19,female,b.sc,1st year,no formal,rainy,4.42,5.05,77,0,sick
10715,20,male,bba,4th year,high school,sunny,0.82,8.77,52,0,festival
10719,23,male,b.tech,1st year,graduate,cold,5.1,4.74,9,1,none
10723,17,female,bba,2nd year,graduate,cloudy,5.22,4.7,54,1,none
10726,23,male,pharmacy,3rd year,phd,cloudy,2.99,6.43,60,0,no reason
10728,20,male,diploma,2nd year,high school,hot,4.33,4.32,6,0,personal work
10730,20,male,bca,2nd year,graduate,cloudy,0.05,7.88,75,0,personal work
10735,23,female,diploma,3rd year,post graduate,cloudy,3.42,4.64,45,1,none
10737,23,male,ba,2nd year,no formal,sunny,1.3,5.88,82,0,sick
10738,17,female,b.com,3rd year,high school,hot,0.57,8.47,9,1,none
10739,19,male,pharmacy,4th year,high school,rainy,1.86,8.1,18,0,travel
10740,21,male,nursing,4th year,graduate,rainy,4.18,9.12,49,1,none
10742,20,female,pharmacy,2nd year,graduate,cloudy,3.74,7.28,64,1,none
10743,24,male,b.tech,2nd year,graduate,cloudy,1.51,5.19,44,0,travel
10746,21,female,b.sc,4th year,post graduate,hot,5.93,8.76,27,1,none
10747,21,male,b.sc,3rd year,no formal,cloudy,3.4,6.08,30,1,none
10750,21,male,b.sc,1st year,phd,rainy,0.42,4.29,72,0,festival
10751,22,male,bba,3rd year,high school,sunny,0.69,7.39,85,1,none
10755,22,male,pharmacy,2nd year,no formal,cold,4.58,4.22,63,1,none
10756,18,male,b.com,3rd year,post graduate,cold,5.93,5.01,47,1,none
10757,18,female,bba,1st year,phd,sunny,2.06,6.92,56,1,none
10758,21,female,b.sc,2nd year,post graduate,cloudy,1.66,8.96,78,0,festival
10761,18,male,pharmacy,2nd year,graduate,cloudy,2.38,9.35,52,1,none
10762,23,male,b.sc,1st year,post graduate,cold,2.37,8.44,29,1,none
10763,22,male,bba,1st year,post graduate,cold,3.52,5.17,79,1,none
10764,24,male,bba,4th year,no formal,sunny,1.48,5.91,54,1,none
10766,24,male,ba,3rd year,phd,cloudy,2.48,7.56,83,0,travel
10768,19,female,b.sc,1st year,no formal,rainy,4.22,4.87,25,0,sick
10769,18,male,diploma,4th year,no formal,cold,5.27,6.62,64,0,none
10771,23,female,bba,2nd year,graduate,hot,4.76,9.3,53,1,none
10772,22,male,b.sc,4th year,graduate,cloudy,4.07,7.29,89,1,none
10773,17,male,bca,2nd year,phd,cold,3.95,9.28,5,1,none
10774,18,female,pharmacy,3rd year,graduate,cloudy,1.58,6.86,79,1,none
10775,18,male,nursing,2nd year,no formal,cloudy,4.71,4.73,60,1,none
10776,20,female,b.sc,3rd year,graduate,cold,1.1,9.62,16,0,travel
10777,20,female,diploma,1st year,graduate,cold,2.19,7.08,14,0,project work
10778,19,male,b.com,1st year,high school,sunny,5.5,8.03,69,1,none
10779,24,male,nursing,3rd year,post graduate,cloudy,0.13,5.45,16,0,project work
10780,18,female,bba,4th year,phd,cold,3.14,5.48,83,0,no reason
10781,21,female,diploma,1st year,graduate,rainy,1.3,9.19,40,1,none
10782,20,male,bba,3rd year,post graduate,rainy,1.42,4.93,5,0,project work
10783,20,male,diploma,1st year,graduate,cloudy,1.77,6.63,74,0,personal work
10784,23,male,pharmacy,3rd year,post graduate,cold,4.68,9.51,79,0,festival
10787,20,female,bba,4th year,graduate,cloudy,2.95,5.49,59,0,project work
10788,17,female,b.sc,2nd year,high school,rainy,1.44,5.62,88,0,no reason
10789,20,male,ba,4th year,no formal,cloudy,3.4,5.6,18,1,none
10790,21,male,b.tech,3rd year,post graduate,cold,1.18,5.96,49,0,sick
10792,19,male,bba,2nd year,post graduate,rainy,4.62,4.86,7,0,no reason
10794,19,male,ba,2nd year,phd,cold,0.76,9.53,28,0,project work
10795,19,male,bca,2nd year,no formal,sunny,5.71,4.13,22,1,none
10799,17,male,bca,2nd year,graduate,cloudy,4.24,6.92,89,1,none
10800,21,female,pharmacy,2nd year,graduate,cold,1.83,7.23,47,1,none
10801,22,male,ba,3rd year,graduate,cloudy,2.95,5.57,10,1,none
10802,19,male,b.sc,2nd year,high school,cloudy,0.77,8.15,25,0,none
10803,18,female,pharmacy,2nd year,graduate,cold,4.89,4.71,40,0,festival
10804,21,male,ba,4th year,phd,rainy,1.64,9.89,27,0,travel
10805,20,male,ba,4th year,graduate,hot,4.21,6.41,58,1,none
10806,22,female,b.com,2nd year,graduate,cloudy,2.9,5.55,15,0,personal work
10808,17,male,b.sc,3rd year,post graduate,sunny,0.51,8.98,67,1,none
10809,21,female,bca,4th year,high school,cold,0.88,8.82,56,1,none
10812,21,female,b.sc,3rd year,high school,hot,5.93,9.09,40,1,none
10813,19,male,nursing,3rd year,graduate,rainy,1.93,4.63,43,0,none
10815,18,male,pharmacy,4th year,graduate,hot,1.86,7.82,29,1,none
10816,23,male,nursing,3rd year,high school,hot,3.13,5.12,81,0,none
10817,18,female,diploma,3rd year,phd,hot,5.91,9.87,72,1,none
10818,21,male,bba,1st year,post graduate,hot,1.74,9.63,31,0,project work
10819,23,male,pharmacy,4th year,post graduate,cold,3.2,4.71,49,1,none
10820,24,male,bca,2nd year,high school,cold,5.6,4.61,19,1,none
10824,22,male,b.com,2nd year,graduate,hot,4.01,5.9,6,0,no reason
10826,21,female,b.com,2nd year,high school,rainy,4.15,9.0,13,0,no reason
10828,22,female,b.com,3rd year,phd,hot,0.58,7.77,54,0,no reason
10829,22,male,nursing,1st year,phd,sunny,4.32,9.64,27,1,none
10830,19,male,nursing,2nd year,graduate,sunny,1.27,7.15,53,1,none
10831,20,male,diploma,2nd year,post graduate,cloudy,5.71,7.98,13,1,none
10833,17,female,bba,1st year,high school,rainy,4.86,9.79,15,1,none
10836,20,male,b.tech,4th year,no formal,rainy,3.74,5.19,60,0,travel
10837,18,male,ba,4th year,high school,cold,1.65,9.16,71,1,none
10838,17,male,b.tech,4th year,high school,sunny,4.76,4.19,22,1,none
10839,19,male,bca,4th year,graduate,cloudy,0.17,5.54,45,1,none
10841,20,female,b.com,3rd year,phd,cloudy,4.36,6.69,89,1,none
10842,24,female,nursing,1st year,no formal,cloudy,4.05,8.38,22,1,none
10843,20,male,diploma,2nd year,graduate,sunny,3.92,4.29,11,1,none
10844,23,female,ba,3rd year,graduate,rainy,3.53,7.22,23,0,festival
10845,23,female,bba,2nd year,phd,hot,1.09,9.86,19,1,none
10846,17,male,bca,2nd year,graduate,rainy,5.8,8.98,14,0,travel
10847,17,male,ba,1st year,high school,sunny,3.27,8.2,12,1,none
10848,24,female,diploma,2nd year,post graduate,rainy,0.44,4.21,41,0,none
10849,24,female,b.sc,2nd year,no formal,hot,0.78,7.89,36,0,none
10851,22,female,b.com,4th year,post graduate,sunny,4.34,6.92,16,1,none
10852,24,male,diploma,1st year,high school,cold,0.1,6.49,31,0,sick
10854,19,female,nursing,4th year,phd,cold,1.44,9.09,10,0,project work
10856,22,male,b.com,4th year,no formal,hot,5.39,9.23,55,1,none
10857,24,male,b.tech,1st year,no formal,sunny,5.44,4.38,14,0,project work
10858,18,male,nursing,2nd year,phd,sunny,2.09,9.35,34,1,none
10860,17,male,diploma,3rd year,no formal,sunny,1.42,7.91,25,1,none
10863,20,female,b.com,2nd year,phd,sunny,1.79,7.31,67,1,none
10868,19,female,bba,2nd year,no formal,hot,1.63,7.76,40,1,none
10869,22,male,diploma,3rd year,high school,cloudy,3.84,8.17,77,0,no reason
10870,19,male,b.tech,4th year,graduate,rainy,4.78,6.24,45,1,none
10871,17,female,pharmacy,3rd year,no formal,rainy,1.43,4.89,63,1,none
10872,21,female,b.com,1st year,high school,rainy,4.98,5.73,56,0,personal work
10873,23,female,b.sc,3rd year,post graduate,sunny,4.75,8.79,20,1,none
10874,20,male,b.tech,2nd year,post graduate,sunny,2.02,7.34,40,0,project work
10875,18,female,b.com,1st year,no formal,sunny,5.41,6.79,50,0,personal work
10876,17,female,ba,2nd year,high school,cloudy,3.03,8.37,55,1,none
10879,18,female,bca,3rd year,no formal,hot,0.16,7.96,44,1,none
10881,18,male,b.tech,4th year,graduate,sunny,0.49,5.99,12,0,none
10884,18,male,ba,3rd year,post graduate,rainy,0.57,4.76,22,1,none
10886,17,female,b.sc,4th year,graduate,sunny,0.98,7.85,21,0,travel
10887,22,male,ba,3rd year,post graduate,hot,0.64,9.8,68,1,none
10888,19,female,bba,3rd year,no formal,cloudy,3.13,9.65,68,1,none
10891,19,female,bca,1st year,high school,cloudy,0.94,5.19,46,0,travel
10892,18,female,diploma,2nd year,phd,cold,2.49,7.26,46,1,none
10893,23,female,nursing,2nd year,graduate,cold,1.9,6.76,31,1,none
10895,19,female,ba,4th year,post graduate,sunny,0.13,7.79,75,0,none
10896,22,female,b.com,2nd year,graduate,cloudy,5.76,7.03,75,1,none
10898,22,female,ba,3rd year,high school,sunny,4.83,6.54,8,1,none
10899,20,male,bba,3rd year,phd,sunny,5.69,8.84,57,1,none
10900,17,male,bca,4th year,graduate,cold,1.39,5.18,15,1,none
10901,17,male,b.tech,3rd year,high school,rainy,3.59,6.9,89,0,personal work
10902,17,female,pharmacy,3rd year,graduate,cold,5.28,9.02,11,1,none
10903,21,female,b.tech,4th year,no formal,cloudy,5.76,5.73,45,0,festival
10904,21,male,ba,4th year,high school,sunny,3.59,6.07,36,1,none
10906,24,male,ba,2nd year,phd,cloudy,3.73,6.59,19,0,travel
10907,18,male,b.sc,4th year,high school,rainy,3.75,7.85,51,1,none
10909,24,male,b.tech,2nd year,graduate,rainy,1.36,9.8,81,0,none
10914,17,female,nursing,1st year,post graduate,sunny,2.53,7.48,54,0,travel
10915,22,female,b.sc,1st year,high school,rainy,3.76,9.08,80,1,none
10916,20,female,nursing,3rd year,no formal,sunny,0.18,4.22,88,1,none
10917,18,female,bca,2nd year,no formal,hot,2.9,9.94,30,1,none
10919,17,female,pharmacy,4th year,high school,cloudy,4.6,8.79,5,1,none
10920,22,female,nursing,2nd year,graduate,sunny,0.4,7.01,10,0,festival
10922,22,male,pharmacy,1st year,no formal,rainy,4.09,9.56,16,1,none
10923,17,female,diploma,1st year,post graduate,cold,2.62,6.9,81,0,personal work
10926,23,male,diploma,1st year,high school,cold,1.3,5.79,52,0,no reason
10927,22,male,pharmacy,3rd year,phd,sunny,0.54,5.64,14,0,no reason
10928,19,male,b.sc,1st year,phd,rainy,3.68,5.29,59,1,none
10930,19,male,b.com,3rd year,phd,rainy,3.82,5.05,33,1,none
10931,23,male,b.com,1st year,phd,sunny,5.11,9.24,17,1,none
10932,18,female,ba,1st year,high school,cold,3.47,8.88,40,1,none
10934,20,male,pharmacy,1st year,no formal,cold,2.58,5.44,10,1,none
10935,18,male,diploma,2nd year,graduate,cold,5.7,9.35,9,1,none
10936,24,male,b.sc,3rd year,post graduate,sunny,1.52,5.91,58,0,personal work
10937,21,male,b.sc,1st year,no formal,cold,5.03,8.05,33,1,none
10938,22,male,b.tech,3rd year,phd,sunny,4.9,4.47,83,1,none
10939,17,male,nursing,2nd year,phd,rainy,2.95,9.57,50,1,none
10940,19,female,b.sc,2nd year,high school,sunny,0.09,4.08,28,0,none
10941,22,male,pharmacy,3rd year,graduate,rainy,1.52,9.11,78,1,none
10942,22,female,bca,1st year,high school,cold,5.08,9.32,18,1,none
10943,17,female,bba,3rd year,no formal,sunny,2.92,8.56,38,1,none
10944,21,female,pharmacy,2nd year,phd,cold,2.7,6.43,15,1,none
10945,24,female,b.sc,1st year,phd,cold,4.45,5.44,55,0,none
10946,23,female,bba,4th year,graduate,cloudy,1.48,5.27,58,0,no reason
10948,24,male,b.sc,1st year,post graduate,rainy,4.01,8.35,73,1,none
10949,22,female,pharmacy,2nd year,graduate,cold,0.37,9.56,27,1,none
10950,17,female,bca,3rd year,post graduate,cloudy,3.64,5.1,14,1,none
10951,18,female,b.sc,2nd year,graduate,sunny,2.92,9.61,71,0,no reason
10952,24,male,b.tech,2nd year,no formal,cloudy,2.99,7.17,82,1,none
10953,18,male,b.com,1st year,phd,sunny,0.92,7.12,50,0,festival
10956,21,female,diploma,2nd year,post graduate,cloudy,4.41,9.68,28,1,none
10957,21,male,b.tech,3rd year,phd,cold,5.2,6.82,19,1,none
10958,22,female,ba,2nd year,graduate,rainy,4.93,5.02,23,0,project work
10959,24,male,bba,1st year,no formal,sunny,4.85,7.67,41,0,festival
10960,23,male,b.sc,3rd year,no formal,sunny,0.82,5.76,44,0,travel
10961,17,male,ba,4th year,post graduate,cold,0.21,7.02,32,0,sick
10962,17,male,b.com,4th year,graduate,hot,0.25,7.13,29,1,none
10963,17,male,b.tech,4th year,graduate,cold,1.64,8.66,59,0,sick
10964,20,male,b.tech,2nd year,phd,sunny,1.88,6.36,76,1,none
10965,19,female,b.sc,2nd year,high school,cold,4.45,6.52,63,1,none
10967,19,male,b.tech,3rd year,high school,sunny,5.27,7.69,38,1,none
10968,17,male,bba,2nd year,post graduate,cold,5.61,9.37,65,1,none
10969,24,male,b.tech,3rd year,no formal,cold,1.67,5.4,22,1,none
10970,19,female,b.sc,2nd year,high school,hot,1.04,5.37,29,0,festival
10972,23,male,ba,3rd year,no formal,cloudy,0.41,6.09,71,0,personal work
10973,24,male,diploma,2nd year,post graduate,cloudy,5.58,4.59,67,1,none
10974,23,male,ba,3rd year,high school,rainy,0.12,9.62,11,1,none
10975,18,female,b.tech,4th year,high school,cold,5.85,5.73,17,1,none
10976,22,female,b.sc,2nd year,high school,rainy,0.85,6.93,66,0,no reason
10977,20,female,b.com,1st year,post graduate,rainy,2.24,7.73,82,0,travel
10978,22,male,b.com,3rd year,graduate,hot,0.79,8.54,59,0,sick
10980,21,female,ba,2nd year,graduate,sunny,3.55,9.82,21,1,none
10983,22,male,diploma,1st year,phd,cold,3.92,6.4,87,1,none
10984,24,male,b.tech,4th year,post graduate,cold,3.37,4.11,87,1,none
10987,19,female,b.com,4th year,phd,cloudy,5.78,8.11,77,1,none
10988,20,male,b.com,1st year,no formal,sunny,4.56,9.94,16,1,none
10989,23,male,b.tech,1st year,post graduate,sunny,2.7,4.96,62,1,none
10992,24,male,b.tech,2nd year,phd,cloudy,2.11,6.44,30,0,project work
10994,19,male,b.com,4th year,post graduate,rainy,1.49,5.15,67,0,no reason
10995,19,male,pharmacy,4th year,post graduate,cloudy,1.72,5.29,77,1,none
10996,18,female,b.sc,2nd year,no formal,sunny,3.77,8.05,74,0,no reason
10997,17,female,bca,3rd year,post graduate,rainy,2.69,7.8,81,0,personal work
10999,19,male,nursing,3rd year,high school,hot,0.58,7.05,7,1,none
11001,18,female,pharmacy,4th year,graduate,hot,1.82,8.47,63,0,project work
11002,22,male,bca,1st year,phd,hot,2.84,4.14,16,1,none
11004,21,female,b.com,4th year,no formal,cloudy,2.43,4.7,62,0,personal work
11005,17,female,ba,1st year,phd,hot,2.8,5.56,59,0,travel
11006,20,male,diploma,3rd year,high school,cold,4.22,4.34,23,1,none
11009,23,male,ba,2nd year,graduate,sunny,5.93,5.29,47,1,none
11012,17,female,ba,2nd year,high school,rainy,1.81,5.99,19,0,travel
11014,20,female,b.tech,2nd year,phd,rainy,4.7,7.17,69,1,none
11016,23,male,ba,3rd year,graduate,hot,3.26,4.56,74,0,personal work
11017,23,male,nursing,4th year,phd,hot,0.19,4.09,7,0,no reason
11018,18,female,ba,3rd year,phd,cloudy,0.24,7.58,7,1,none
11019,21,male,ba,2nd year,graduate,sunny,0.36,5.32,36,1,none
11021,17,male,nursing,3rd year,high school,hot,2.94,7.22,25,1,none
11023,21,female,bba,1st year,no formal,cloudy,4.31,7.11,35,1,none
11027,19,female,b.com,4th year,graduate,cold,0.29,4.13,89,1,none
11029,17,male,b.sc,4th year,post graduate,sunny,0.28,8.93,70,1,none
11030,18,female,bba,2nd year,no formal,hot,4.55,4.21,16,1,none
11031,24,male,b.com,2nd year,graduate,rainy,4.14,8.13,23,1,none
11032,21,male,nursing,3rd year,post graduate,rainy,5.53,9.26,77,0,travel
11033,18,female,nursing,1st year,graduate,rainy,5.09,7.35,16,1,none
11034,20,male,b.sc,4th year,no formal,sunny,0.64,7.73,76,0,project work
11035,18,female,pharmacy,1st year,high school,hot,4.41,9.02,20,1,none
11036,20,female,bca,4th year,graduate,cold,5.68,4.85,29,1,none
11037,18,male,b.com,4th year,no formal,cold,0.05,8.49,21,1,none
11038,21,female,b.sc,4th year,graduate,hot,0.79,7.08,13,0,personal work
11040,22,female,bba,4th year,no formal,rainy,5.23,8.41,41,0,no reason
11041,20,male,b.tech,1st year,high school,sunny,3.31,5.58,6,0,none
11042,19,female,b.sc,2nd year,no formal,rainy,4.01,4.38,89,0,none
11043,18,female,diploma,3rd year,post graduate,hot,1.9,8.86,67,0,none
11045,20,female,bba,4th year,no formal,sunny,0.36,8.03,12,1,none
11046,20,male,b.com,2nd year,high school,rainy,2.9,7.55,86,0,none
11047,22,male,bca,1st year,post graduate,rainy,2.09,4.2,43,0,festival
11048,17,male,ba,1st year,graduate,hot,1.7,5.07,14,0,festival
11049,19,female,b.tech,4th year,no formal,hot,4.93,7.8,70,1,none
11052,24,male,diploma,1st year,graduate,cold,4.11,5.2,43,1,none
11053,19,female,pharmacy,3rd year,high school,hot,0.19,5.85,88,0,personal work
11054,18,male,diploma,2nd year,phd,hot,2.22,5.84,70,0,festival
11056,18,female,pharmacy,3rd year,graduate,cold,3.26,8.46,64,1,none
11057,24,female,b.sc,4th year,no formal,cloudy,3.95,8.25,39,0,travel
11058,24,female,diploma,2nd year,graduate,rainy,2.17,5.02,58,1,none
11059,23,male,b.sc,3rd year,phd,hot,5.92,9.13,69,0,sick
11060,22,male,b.tech,2nd year,no formal,cloudy,3.48,7.61,11,1,none
11062,20,male,bba,3rd year,high school,cold,0.44,7.27,40,0,personal work
11064,23,male,b.com,1st year,graduate,sunny,3.8,5.88,73,0,no reason
11065,21,male,b.tech,4th year,phd,cold,0.24,8.26,50,1,none
11070,20,female,b.sc,4th year,no formal,rainy,2.61,9.54,44,1,none
11071,23,male,ba,1st year,post graduate,cold,0.48,7.58,31,0,sick
11072,20,female,diploma,1st year,graduate,hot,1.81,7.99,56,1,none
11073,19,female,bba,4th year,high school,cold,1.09,9.64,13,0,no reason
11075,21,male,b.com,2nd year,no formal,cloudy,1.7,9.87,85,1,none
11076,20,male,diploma,1st year,post graduate,sunny,5.6,4.82,19,0,project work
11077,19,female,bba,3rd year,post graduate,hot,1.39,7.09,33,0,project work
11080,17,female,nursing,2nd year,high school,hot,3.84,8.18,86,0,festival
11081,24,female,b.com,4th year,high school,cloudy,4.43,4.69,58,0,festival
11082,22,female,diploma,3rd year,no formal,hot,5.09,9.6,6,1,none
11083,21,female,nursing,3rd year,graduate,cloudy,3.11,9.03,27,1,none
11084,17,female,pharmacy,1st year,no formal,cloudy,2.29,5.48,44,0,none
11085,21,male,b.com,3rd year,no formal,cloudy,1.48,9.92,69,0,sick
11086,20,female,diploma,3rd year,high school,cloudy,0.55,7.03,47,0,none
11087,21,female,b.sc,3rd year,phd,hot,5.39,8.43,63,0,travel
11091,19,male,diploma,2nd year,phd,cold,3.5,4.54,21,0,personal work
11092,17,female,bba,1st year,post graduate,hot,1.87,7.7,59,0,none
11093,24,female,ba,4th year,no formal,hot,0.05,6.9,41,1,none
11095,21,female,diploma,4th year,phd,hot,5.72,4.61,20,0,project work
11098,18,female,b.com,3rd year,high school,cold,2.79,9.5,10,1,none
11103,17,female,b.com,4th year,post graduate,cloudy,1.71,8.2,53,1,none
11104,19,female,pharmacy,4th year,high school,rainy,0.17,9.47,56,1,none
11105,19,female,bca,4th year,graduate,hot,4.27,6.65,29,0,travel
11107,18,female,b.tech,2nd year,graduate,cold,5.64,7.52,50,1,none
11110,19,female,ba,4th year,phd,cold,4.52,9.22,64,0,project work
11111,24,female,bca,2nd year,no formal,hot,3.32,6.93,70,1,none
11112,23,female,b.com,3rd year,post graduate,rainy,3.42,8.91,39,1,none
11114,21,male,b.com,4th year,graduate,rainy,2.2,8.33,63,1,none
11115,19,male,diploma,4th year,graduate,hot,0.37,6.34,49,1,none
11116,19,male,bba,2nd year,graduate,cold,2.56,4.13,6,1,none
11117,22,male,b.sc,3rd year,graduate,sunny,1.27,6.1,7,0,personal work
11120,19,female,diploma,4th year,no formal,sunny,4.59,5.41,65,0,project work
11121,24,male,ba,3rd year,post graduate,cold,5.25,8.34,82,1,none
11122,19,female,diploma,4th year,high school,cloudy,4.84,4.06,61,1,none
11124,22,male,ba,3rd year,phd,rainy,4.3,7.65,13,1,none
11125,17,female,b.com,4th year,high school,cloudy,3.02,4.57,71,1,none
11126,19,female,b.com,4th year,post graduate,cloudy,0.75,6.44,64,1,none
11128,24,female,b.tech,1st year,graduate,hot,1.5,8.41,31,0,personal work
11129,24,female,ba,1st year,high school,rainy,0.72,5.11,88,0,no reason
11132,21,female,b.tech,4th year,phd,cloudy,4.24,9.36,40,1,none
11135,18,female,b.com,3rd year,phd,cloudy,2.82,4.89,8,1,none
11137,18,female,b.com,4th year,no formal,cold,3.74,9.37,13,0,no reason
11138,21,female,ba,4th year,post graduate,sunny,2.11,5.22,17,1,none
11139,24,male,b.com,4th year,post graduate,cloudy,3.38,5.5,55,1,none
11141,18,male,nursing,4th year,graduate,cold,3.4,8.82,8,1,none
11145,21,male,b.sc,4th year,graduate,cloudy,5.93,7.64,27,1,none
11146,19,female,b.com,1st year,phd,cold,5.24,7.72,83,1,none
11148,23,female,bba,3rd year,no formal,rainy,2.18,9.94,40,0,no reason
11149,19,female,ba,3rd year,high school,hot,4.3,7.0,74,1,none
11150,17,female,b.sc,4th year,high school,cloudy,1.49,7.25,5,0,none
11151,18,male,b.sc,1st year,graduate,rainy,0.95,9.32,59,0,sick
11152,17,female,bba,4th year,post graduate,rainy,4.41,4.84,39,0,personal work
11154,21,male,bca,3rd year,high school,sunny,0.05,7.29,43,0,project work
11155,22,male,bca,1st year,high school,hot,0.14,4.42,53,0,festival
11156,18,male,b.com,3rd year,phd,rainy,5.91,4.06,33,0,project work
11157,23,female,pharmacy,1st year,high school,rainy,2.84,8.68,22,0,sick
11158,22,male,nursing,1st year,post graduate,sunny,1.14,9.06,10,1,none
11159,23,female,nursing,4th year,no formal,rainy,5.66,7.45,58,1,none
11161,22,male,diploma,2nd year,high school,rainy,5.83,6.35,11,0,personal work
11162,21,male,b.tech,2nd year,graduate,sunny,3.63,7.46,74,0,none
11163,20,male,b.sc,4th year,high school,cold,1.23,9.82,23,1,none
11164,21,female,b.sc,4th year,high school,cloudy,2.34,8.13,57,1,none
11166,24,male,bca,1st year,high school,rainy,0.19,5.66,56,0,project work
11167,22,male,b.sc,3rd year,graduate,cold,2.15,8.14,23,1,none
11168,22,male,diploma,1st year,no formal,sunny,1.78,6.25,14,0,project work
11170,20,male,bca,3rd year,phd,rainy,5.25,4.45,48,1,none
11171,24,female,pharmacy,4th year,graduate,hot,0.79,5.62,73,1,none
11172,18,female,bca,1st year,high school,sunny,2.77,6.33,16,1,none
11173,21,male,b.tech,1st year,no formal,rainy,1.9,7.09,14,1,none
11174,17,female,diploma,2nd year,post graduate,cold,4.73,6.73,5,1,none
11175,19,male,nursing,3rd year,high school,rainy,5.55,7.97,81,0,travel
11176,21,female,b.tech,3rd year,graduate,rainy,1.25,5.2,57,0,no reason
11177,20,male,bba,4th year,post graduate,rainy,0.27,6.64,41,0,no reason
11180,20,male,b.com,4th year,phd,rainy,1.8,6.18,21,0,travel
11181,20,female,nursing,4th year,no formal,sunny,3.58,4.57,44,0,festival
11182,21,female,ba,4th year,phd,cold,4.55,6.89,55,1,none
11183,23,male,bba,2nd year,high school,cloudy,0.67,8.92,7,1,none
11185,21,female,bba,2nd year,graduate,cold,0.8,6.35,88,0,none
11186,21,male,pharmacy,2nd year,high school,cloudy,5.47,4.39,28,1,none
11187,17,female,bba,1st year,graduate,sunny,0.84,4.78,18,1,none
11189,21,female,b.sc,2nd year,post graduate,cloudy,4.48,7.27,13,1,none
11191,22,male,b.sc,1st year,post graduate,sunny,5.87,8.45,11,0,personal work
11193,24,male,bca,4th year,no formal,cloudy,2.11,7.38,70,1,none
11194,17,female,bca,1st year,high school,hot,1.94,9.88,5,1,none
11195,20,female,nursing,4th year,post graduate,cold,4.16,4.36,22,0,festival
11196,18,male,bca,3rd year,phd,hot,1.1,9.92,59,1,none
11198,21,female,diploma,4th year,no formal,hot,4.62,8.38,17,1,none
11199,20,female,nursing,4th year,phd,sunny,2.67,6.05,30,0,no reason
11200,24,female,b.com,2nd year,high school,sunny,5.56,5.3,20,0,personal work
11201,21,male,nursing,3rd year,no formal,sunny,4.37,7.94,85,1,none
11202,20,female,bca,3rd year,high school,cold,4.79,4.74,57,1,none
11203,17,male,b.tech,1st year,phd,sunny,3.91,8.81,39,0,festival
11207,24,male,diploma,2nd year,high school,cloudy,2.03,6.73,39,1,none
11208,21,female,ba,1st year,no formal,cloudy,0.72,6.32,40,0,travel
11209,21,female,ba,2nd year,high school,rainy,0.21,7.43,37,0,travel
11211,21,female,ba,4th year,high school,cold,5.54,5.61,80,0,sick
11213,17,male,diploma,2nd year,high school,sunny,5.84,8.59,19,0,none
11215,21,female,pharmacy,2nd year,no formal,sunny,3.47,9.55,53,1,none
11217,20,male,pharmacy,1st year,post graduate,sunny,3.75,9.01,82,1,none
11218,19,male,b.sc,4th year,no formal,sunny,3.63,9.85,72,0,festival
11219,22,female,bba,3rd year,graduate,cloudy,0.89,6.08,14,1,none
11220,21,female,nursing,1st year,post graduate,hot,5.7,4.36,38,1,none
11221,17,male,nursing,1st year,post graduate,sunny,4.13,4.16,77,1,none
11222,20,female,diploma,4th year,no formal,sunny,2.29,9.83,39,1,none
11223,22,female,bba,3rd year,graduate,rainy,1.52,8.3,43,1,none
11224,23,male,b.tech,2nd year,phd,cold,4.3,4.6,49,1,none
11225,19,female,nursing,2nd year,high school,hot,2.7,6.54,70,0,festival
11227,22,male,bca,4th year,graduate,rainy,3.28,8.48,47,0,travel
11229,22,female,pharmacy,4th year,post graduate,rainy,3.74,8.56,30,0,sick
11230,23,male,b.com,1st year,post graduate,rainy,1.65,8.83,54,0,sick
11235,23,male,pharmacy,1st year,graduate,sunny,1.11,9.76,74,1,none
11236,24,male,bca,2nd year,high school,cloudy,3.85,4.06,19,0,project work
11237,21,male,diploma,1st year,post graduate,hot,2.11,8.26,68,1,none
11239,17,male,b.com,2nd year,graduate,rainy,0.76,5.28,37,0,none
11240,22,male,b.sc,3rd year,no formal,hot,5.58,5.68,34,0,sick
11242,19,male,ba,3rd year,post graduate,cloudy,5.34,4.53,39,1,none
11243,19,female,diploma,4th year,post graduate,sunny,2.63,9.44,59,1,none
11244,21,male,b.com,2nd year,no formal,cold,4.46,4.07,17,0,sick
11245,22,male,b.com,4th year,post graduate,cloudy,3.02,5.02,72,0,travel
11246,18,female,ba,2nd year,high school,cold,3.75,9.06,27,0,no reason
11248,24,male,ba,3rd year,high school,hot,0.99,9.82,47,0,travel
11249,17,male,bba,1st year,no formal,rainy,0.85,4.16,75,0,sick
11250,24,female,b.com,4th year,high school,sunny,2.49,7.68,74,0,no reason
11251,21,female,b.tech,3rd year,high school,cloudy,3.85,8.22,19,1,none
11252,19,female,b.tech,2nd year,no formal,rainy,5.1,4.65,37,0,sick
11253,22,female,ba,3rd year,phd,cold,3.46,6.79,18,0,personal work
11255,23,female,nursing,1st year,high school,sunny,4.85,8.24,68,1,none
11258,22,female,bca,2nd year,post graduate,sunny,4.29,7.01,13,1,none
11259,19,male,bca,4th year,high school,sunny,4.22,9.77,43,1,none
11260,18,female,diploma,4th year,no formal,hot,1.38,7.99,26,0,festival
11261,20,female,b.sc,4th year,graduate,rainy,2.99,9.94,48,1,none
11262,22,female,diploma,4th year,high school,cold,0.6,4.06,29,1,none
11263,18,female,nursing,4th year,phd,cold,1.6,9.34,27,0,festival
11264,24,female,bca,3rd year,high school,cloudy,2.09,8.93,25,1,none
11265,20,male,ba,1st year,post graduate,sunny,0.72,4.06,28,0,sick
11266,18,female,bba,1st year,high school,sunny,5.12,8.19,54,0,sick
11272,21,male,b.sc,1st year,no formal,sunny,5.91,9.6,35,1,none
11274,17,male,ba,3rd year,post graduate,cloudy,4.32,9.6,29,0,personal work
11275,22,male,bba,2nd year,graduate,sunny,0.66,5.19,47,1,none
11276,20,male,ba,2nd year,no formal,rainy,3.42,7.05,51,1,none
11277,17,female,b.tech,1st year,post graduate,sunny,3.01,5.65,36,1,none
11278,18,male,nursing,2nd year,no formal,cold,5.56,7.59,61,1,none
11279,21,female,bba,1st year,post graduate,rainy,1.26,7.78,66,0,festival
11280,18,male,bca,1st year,post graduate,rainy,2.47,9.75,82,0,no reason
11281,20,male,bba,4th year,phd,cold,5.28,6.27,29,1,none
11282,17,female,bba,4th year,high school,rainy,1.02,9.06,74,1,none
11283,23,female,bca,4th year,post graduate,sunny,4.62,9.24,48,0,none
11284,22,female,ba,4th year,no formal,rainy,1.29,6.81,56,1,none
11285,23,female,b.sc,4th year,graduate,sunny,3.98,5.53,34,0,travel
11286,17,female,b.tech,2nd year,post graduate,cold,5.49,6.47,46,1,none
11287,20,male,bba,2nd year,no formal,sunny,2.32,8.62,16,0,none
11288,19,female,b.sc,3rd year,phd,sunny,4.72,8.2,81,1,none
11290,23,male,bca,2nd year,phd,cold,0.78,9.6,63,0,travel
11291,18,male,bca,2nd year,no formal,cloudy,1.83,7.49,72,0,personal work
11293,21,female,bca,2nd year,post graduate,cold,2.51,4.53,81,0,sick
11294,23,male,pharmacy,4th year,no formal,hot,1.38,6.38,35,0,project work
11296,24,male,b.sc,3rd year,phd,cloudy,4.7,9.15,11,1,none
11297,20,female,bba,4th year,no formal,sunny,4.43,9.56,5,1,none
11298,19,female,bca,4th year,phd,hot,5.76,7.43,22,1,none
11299,18,male,ba,4th year,graduate,cold,5.09,9.5,24,1,none
11301,24,female,diploma,4th year,post graduate,cold,2.65,7.9,26,0,festival
11302,18,male,bca,1st year,high school,hot,1.85,6.95,31,1,none
11304,22,female,b.sc,2nd year,high school,cold,5.86,5.87,15,1,none
11307,19,male,b.com,3rd year,post graduate,rainy,2.47,6.04,64,0,personal work
11309,19,male,diploma,3rd year,high school,sunny,1.06,5.46,20,1,none
11310,24,female,ba,4th year,no formal,sunny,3.62,4.07,12,0,project work
11311,18,female,diploma,4th year,post graduate,hot,5.03,8.02,85,0,none
11312,22,female,pharmacy,4th year,post graduate,sunny,2.94,4.71,65,0,sick
11313,24,male,b.tech,1st year,post graduate,sunny,5.18,4.31,76,1,none
11314,23,male,bca,3rd year,post graduate,hot,1.0,6.04,21,0,sick
11318,23,female,b.com,1st year,post graduate,cold,5.11,7.21,22,1,none
11320,22,male,pharmacy,1st year,no formal,hot,4.79,8.86,47,0,none
11322,21,male,bca,2nd year,high school,hot,1.66,9.4,45,0,personal work
11323,17,female,nursing,4th year,graduate,hot,5.15,5.67,23,1,none
11324,19,female,b.sc,2nd year,graduate,hot,4.33,6.71,36,1,none
11326,18,male,pharmacy,3rd year,graduate,sunny,5.87,4.89,14,1,none
11327,18,female,nursing,3rd year,post graduate,cold,5.15,9.18,79,1,none
11328,17,male,b.sc,4th year,high school,cold,2.73,4.97,12,1,none
11329,18,male,pharmacy,1st year,graduate,rainy,4.0,6.41,30,0,no reason
11330,24,female,ba,1st year,high school,cloudy,3.46,8.4,33,1,none
11332,24,male,b.com,1st year,graduate,sunny,0.42,5.76,39,0,travel
11334,21,female,b.sc,3rd year,high school,cold,2.82,9.49,50,1,none
11336,19,male,b.tech,1st year,post graduate,rainy,1.92,4.6,68,0,sick
11337,22,male,nursing,3rd year,high school,hot,5.45,9.37,16,1,none
11339,23,male,bba,1st year,no formal,sunny,5.69,9.46,11,1,none
11340,24,male,b.com,2nd year,phd,cloudy,0.14,6.13,86,0,festival
11343,23,male,pharmacy,2nd year,graduate,hot,0.73,4.06,65,0,project work
11345,19,female,b.tech,3rd year,high school,cloudy,0.69,4.56,28,1,none
11346,22,male,bba,1st year,high school,sunny,0.37,4.17,26,0,travel
11347,21,female,pharmacy,1st year,post graduate,cloudy,3.29,4.64,40,1,none
11348,18,male,b.tech,3rd year,high school,sunny,5.15,6.27,44,0,personal work
11349,21,male,b.com,4th year,high school,rainy,5.85,9.08,79,0,none
11350,21,male,bca,3rd year,high school,rainy,4.47,6.34,46,1,none
11351,24,male,bba,2nd year,graduate,rainy,0.18,7.77,6,1,none
11352,21,female,b.sc,2nd year,high school,cold,4.35,8.77,37,1,none
11354,24,female,ba,1st year,phd,cold,4.08,7.31,51,1,none
11355,21,male,diploma,3rd year,high school,cold,3.56,7.48,83,1,none
11356,19,female,bba,1st year,no formal,cold,1.07,4.58,45,0,personal work
11360,23,female,nursing,2nd year,phd,sunny,2.57,6.8,17,1,none
11361,23,female,b.com,1st year,graduate,sunny,3.24,4.51,63,0,no reason
11362,21,male,b.com,1st year,graduate,cold,1.33,9.1,34,1,none
11363,19,female,b.tech,1st year,post graduate,sunny,3.74,4.99,50,0,none
11364,23,female,ba,4th year,no formal,rainy,5.34,7.39,84,0,festival
11365,18,male,bca,1st year,no formal,sunny,0.36,5.32,11,0,festival
11366,22,male,bca,1st year,no formal,hot,1.66,5.05,34,0,project work
11368,23,male,ba,2nd year,phd,cloudy,0.56,8.51,31,0,sick
11369,20,male,b.com,3rd year,post graduate,hot,3.69,4.68,35,1,none
11370,23,female,pharmacy,2nd year,phd,hot,0.98,5.85,61,0,sick
11371,17,male,ba,3rd year,high school,rainy,0.46,6.68,14,0,no reason
11375,18,male,nursing,3rd year,graduate,sunny,1.79,9.38,79,0,travel
11377,23,male,ba,1st year,high school,cold,5.71,9.61,40,1,none
11378,17,male,diploma,4th year,post graduate,rainy,4.94,5.8,67,1,none
11381,21,male,bba,3rd year,post graduate,cold,0.77,9.17,32,0,personal work
11383,17,male,ba,3rd year,no formal,sunny,1.2,5.32,58,1,none
11385,21,female,ba,2nd year,phd,sunny,5.01,6.42,8,1,none
11386,21,male,b.tech,2nd year,phd,sunny,5.2,9.32,23,1,none
11390,17,female,b.com,3rd year,graduate,hot,0.94,8.9,22,1,none
11394,21,female,b.com,3rd year,graduate,rainy,0.3,5.12,19,1,none
11395,24,male,diploma,2nd year,graduate,hot,4.3,4.77,10,0,project work
11396,22,female,diploma,3rd year,no formal,sunny,1.98,4.84,62,0,travel
11397,23,female,diploma,4th year,high school,sunny,5.68,8.38,23,1,none
11398,21,male,bca,2nd year,phd,rainy,4.2,5.85,43,1,none
11399,17,male,diploma,3rd year,no formal,cloudy,0.57,6.33,12,1,none
11400,19,female,diploma,4th year,high school,cloudy,0.3,8.32,13,0,personal work
11402,17,male,bca,3rd year,high school,cold,1.14,9.03,20,0,sick
11405,17,male,diploma,2nd year,no formal,sunny,2.83,4.64,21,0,no reason
11406,24,male,ba,2nd year,phd,cold,3.14,4.28,33,0,travel
11409,21,female,b.sc,4th year,no formal,rainy,3.68,6.9,85,0,sick
11411,20,male,pharmacy,1st year,post graduate,hot,2.82,5.98,39,0,personal work
11412,23,female,bba,4th year,post graduate,cold,1.22,8.73,64,0,personal work
11413,24,female,b.tech,4th year,post graduate,sunny,4.54,8.16,87,1,none
11414,20,male,b.com,4th year,graduate,cloudy,1.98,4.99,62,1,none
11416,23,female,bba,4th year,no formal,rainy,2.91,7.86,11,0,personal work
11417,17,male,b.com,1st year,phd,cloudy,0.05,6.44,46,1,none
11418,21,male,diploma,1st year,phd,cloudy,3.93,4.24,42,0,no reason
11419,21,male,nursing,2nd year,phd,hot,1.46,8.64,89,0,none
11420,21,female,ba,4th year,high school,hot,3.5,5.82,39,1,none
11422,24,male,bba,3rd year,phd,sunny,5.58,4.79,26,0,travel
11423,21,female,b.sc,1st year,phd,rainy,1.39,7.89,83,1,none
11424,19,female,pharmacy,4th year,high school,sunny,5.05,5.58,42,1,none
11425,24,female,ba,2nd year,post graduate,cold,0.29,7.32,48,1,none
11426,24,female,nursing,3rd year,phd,rainy,0.06,6.3,31,1,none
11429,17,female,bca,1st year,post graduate,hot,2.26,4.82,34,0,none
11431,18,male,b.com,1st year,post graduate,sunny,0.27,7.66,88,0,none
11432,21,male,b.com,4th year,graduate,cold,3.72,4.96,16,1,none
11433,23,male,b.com,4th year,phd,sunny,5.66,6.88,11,0,no reason
11434,18,male,b.com,1st year,high school,rainy,2.67,4.27,19,0,none
11436,18,male,nursing,2nd year,phd,cold,4.69,9.02,61,1,none
11437,17,female,b.tech,2nd year,high school,rainy,4.3,8.44,86,1,none
11438,24,female,bca,2nd year,no formal,cold,2.9,7.87,87,0,travel
11440,22,male,ba,4th year,post graduate,cloudy,2.5,9.58,48,0,no reason
11442,19,female,ba,2nd year,post graduate,cold,3.69,9.56,62,0,none
11443,17,male,nursing,2nd year,graduate,rainy,5.63,6.96,13,0,no reason
11444,19,male,pharmacy,2nd year,phd,cold,2.16,8.23,64,1,none
11448,24,female,diploma,3rd year,high school,sunny,0.6,6.94,73,0,personal work
11450,23,male,b.sc,4th year,no formal,rainy,3.33,5.58,7,0,project work
11451,24,male,b.tech,2nd year,high school,sunny,4.91,8.5,85,1,none
11453,22,male,b.com,3rd year,phd,cloudy,3.66,5.13,70,0,festival
11454,24,female,bca,4th year,high school,hot,1.36,4.1,68,0,sick
11455,19,female,bba,2nd year,high school,rainy,2.38,9.9,86,0,no reason
11456,20,male,pharmacy,1st year,post graduate,sunny,4.53,9.1,27,1,none
11458,19,male,b.sc,2nd year,post graduate,hot,5.39,5.67,86,1,none
11460,18,male,diploma,2nd year,post graduate,hot,2.87,8.72,6,0,personal work
11461,19,female,ba,1st year,no formal,hot,5.93,8.7,69,1,none
11462,21,male,b.tech,2nd year,phd,cold,3.89,5.26,47,1,none
11463,24,female,nursing,4th year,post graduate,hot,2.03,8.93,76,0,none
11464,18,male,b.sc,4th year,no formal,rainy,5.12,4.06,45,0,travel
11465,22,male,b.sc,2nd year,phd,rainy,2.77,6.07,72,0,festival
11466,23,female,bba,3rd year,no formal,cold,4.99,7.4,37,1,none
11473,21,female,bba,1st year,no formal,sunny,1.15,5.25,75,1,none
11476,17,female,b.com,3rd year,high school,sunny,5.28,5.92,71,1,none
11477,24,male,diploma,4th year,high school,sunny,4.18,5.39,32,0,travel
11478,18,male,diploma,1st year,post graduate,cold,1.7,6.11,52,0,no reason
11479,20,female,b.tech,3rd year,high school,rainy,4.6,4.64,35,1,none
11480,18,female,nursing,1st year,graduate,cloudy,1.03,6.48,70,0,personal work
11481,22,female,b.sc,3rd year,high school,hot,1.15,4.12,60,0,personal work
11483,22,female,b.tech,3rd year,phd,cold,2.88,7.25,39,1,none
11484,23,female,b.tech,4th year,high school,hot,3.85,8.97,88,0,no reason
11487,24,female,bba,3rd year,phd,hot,4.65,7.37,67,0,travel
11488,19,female,bca,3rd year,phd,hot,2.73,9.09,10,1,none
11489,22,male,b.com,1st year,graduate,rainy,0.5,6.3,54,0,travel
11490,21,female,b.sc,3rd year,graduate,sunny,2.45,9.17,54,0,festival
11491,17,male,nursing,2nd year,graduate,cold,1.98,4.58,55,0,none
11492,17,female,nursing,1st year,graduate,sunny,0.14,7.83,44,0,project work
11493,18,female,nursing,3rd year,post graduate,cold,3.45,7.16,64,1,none
11494,24,male,b.tech,3rd year,no formal,cloudy,3.69,8.15,28,1,none
11496,20,male,bba,2nd year,post graduate,rainy,3.32,8.34,26,0,travel
11497,24,female,b.sc,3rd year,phd,rainy,2.23,4.12,44,0,no reason
11498,17,female,b.sc,2nd year,graduate,rainy,4.85,6.45,89,1,none
11499,24,female,bba,3rd year,no formal,sunny,4.21,6.14,16,1,none
11500,18,female,bca,4th year,high school,cold,2.66,7.31,13,1,none
11501,17,male,b.tech,3rd year,high school,rainy,2.6,7.95,77,0,none
11502,23,male,bba,3rd year,post graduate,hot,0.1,8.05,8,1,none
11504,19,male,pharmacy,3rd year,no formal,rainy,1.76,7.93,71,0,project work
11505,23,female,bca,4th year,no formal,cold,3.03,7.5,72,1,none
11506,19,male,ba,4th year,post graduate,sunny,3.61,6.79,30,1,none
11507,23,female,ba,4th year,no formal,rainy,1.87,6.21,70,1,none
11508,18,female,nursing,2nd year,post graduate,rainy,1.38,9.92,26,0,no reason
11509,17,female,diploma,4th year,post graduate,rainy,3.56,5.85,32,0,project work
11511,21,male,nursing,4th year,no formal,cloudy,5.0,8.63,42,1,none
11512,18,female,bca,1st year,no formal,sunny,2.42,5.72,28,1,none
11513,18,male,b.tech,4th year,phd,hot,2.71,9.9,88,1,none
11514,22,female,bca,1st year,post graduate,hot,3.23,6.04,35,1,none
11515,20,male,pharmacy,1st year,post graduate,rainy,4.03,5.27,52,1,none
11516,20,male,nursing,3rd year,phd,sunny,0.65,9.92,57,0,personal work
11519,17,male,pharmacy,3rd year,graduate,hot,4.48,9.36,88,1,none
11520,22,male,b.sc,4th year,phd,hot,1.38,5.85,39,0,travel
11521,17,male,bca,2nd year,post graduate,cloudy,0.07,8.45,71,0,sick
11522,18,male,diploma,3rd year,high school,cold,0.84,5.6,7,0,none
11524,19,female,nursing,1st year,phd,rainy,4.89,4.06,66,0,personal work
11525,22,female,ba,2nd year,high school,cold,2.24,5.81,31,1,none
11526,19,female,b.com,4th year,phd,cloudy,3.46,9.94,52,0,festival
11527,24,female,b.com,1st year,no formal,cold,2.98,8.02,64,1,none
11528,23,female,bba,2nd year,graduate,rainy,3.04,9.26,28,0,personal work
11529,20,female,nursing,2nd year,no formal,rainy,2.36,4.76,52,0,no reason
11531,20,male,b.com,1st year,graduate,hot,5.26,6.05,70,1,none
11532,24,female,nursing,2nd year,graduate,cloudy,4.27,8.0,14,0,none
11533,19,male,nursing,2nd year,high school,rainy,2.33,5.07,65,0,festival
11534,23,female,b.tech,1st year,high school,hot,4.81,5.96,28,1,none
11537,19,female,pharmacy,1st year,post graduate,cloudy,5.76,5.1,81,1,none
11538,23,male,bba,4th year,high school,cloudy,1.49,5.83,59,0,none
11540,23,female,pharmacy,1st year,post graduate,cold,3.42,5.94,81,1,none
11542,18,female,pharmacy,4th year,no formal,cold,1.01,7.58,85,0,travel
11543,24,male,nursing,3rd year,no formal,rainy,0.34,6.97,22,0,project work
11547,21,male,b.tech,4th year,graduate,cloudy,0.29,4.44,30,1,none
11548,19,female,ba,2nd year,high school,hot,4.0,8.99,81,1,none
11549,18,female,bba,1st year,graduate,cold,2.51,6.43,56,1,none
11550,19,male,bca,1st year,post graduate,sunny,0.9,4.65,5,0,sick
11552,22,male,diploma,3rd year,high school,rainy,5.49,6.1,65,0,project work
11553,22,male,nursing,4th year,no formal,hot,1.61,8.03,20,1,none
11554,22,male,bba,2nd year,no formal,cold,3.16,7.97,67,1,none
11556,19,male,ba,2nd year,no formal,hot,4.04,9.01,23,1,none
11557,22,female,nursing,3rd year,high school,rainy,4.21,8.64,9,0,travel
11558,23,male,nursing,3rd year,phd,cold,0.25,8.35,83,0,sick
11559,17,female,pharmacy,2nd year,high school,hot,3.39,7.56,22,0,travel
11560,20,female,bba,2nd year,no formal,hot,2.75,8.34,70,0,no reason
11561,24,male,nursing,4th year,phd,rainy,1.95,7.65,16,1,none
11562,23,male,ba,3rd year,post graduate,cloudy,2.06,4.66,48,0,no reason
11563,24,female,b.tech,3rd year,phd,cloudy,3.2,6.94,70,0,project work
11564,18,male,diploma,3rd year,post graduate,rainy,1.26,7.38,37,0,festival
11565,20,female,b.tech,4th year,graduate,rainy,0.83,9.51,22,0,project work
11566,18,female,bca,4th year,post graduate,cloudy,0.91,9.2,32,1,none
11567,23,male,pharmacy,2nd year,no formal,cloudy,5.01,6.85,54,0,none
11568,21,male,b.tech,2nd year,no formal,rainy,2.59,7.28,75,0,project work
11569,18,female,diploma,4th year,graduate,rainy,1.59,8.48,23,0,no reason
11571,22,male,bca,4th year,post graduate,cloudy,5.24,7.32,55,0,project work
11572,23,female,diploma,4th year,phd,hot,5.65,4.48,56,1,none
11574,24,female,diploma,3rd year,high school,cold,5.03,9.89,30,1,none
11575,23,male,b.tech,4th year,no formal,cloudy,0.85,8.21,45,0,festival
11577,23,female,diploma,2nd year,graduate,cold,0.66,4.16,40,0,festival
11578,24,female,b.com,3rd year,high school,sunny,2.73,4.82,43,1,none
11580,23,male,nursing,3rd year,graduate,cold,4.03,7.61,78,0,no reason
11582,17,female,nursing,3rd year,phd,cloudy,4.9,4.11,85,0,personal work
11586,18,male,b.com,4th year,phd,hot,1.24,9.27,89,0,none
11587,17,male,b.tech,2nd year,phd,cloudy,4.41,4.1,34,0,none
11589,23,female,pharmacy,3rd year,post graduate,sunny,5.28,9.34,13,1,none
11592,22,female,bba,1st year,graduate,cold,4.38,5.91,29,1,none
11593,21,male,ba,4th year,high school,sunny,4.01,5.92,29,0,none
11594,21,male,bba,3rd year,graduate,rainy,2.89,5.55,83,0,none
11596,21,male,b.com,4th year,post graduate,rainy,4.1,4.39,37,1,none
11597,22,male,b.com,1st year,post graduate,hot,0.07,4.23,13,0,sick
11598,21,male,nursing,2nd year,graduate,rainy,1.86,6.52,65,0,no reason
11600,24,female,pharmacy,2nd year,phd,sunny,4.34,5.62,11,0,project work
11602,23,female,b.tech,1st year,high school,cloudy,0.51,6.26,84,0,no reason
11603,21,female,diploma,3rd year,phd,cloudy,2.27,7.2,55,1,none
11604,22,male,b.tech,2nd year,phd,cold,2.29,8.12,27,1,none
11605,23,female,nursing,4th year,high school,hot,2.95,5.98,69,1,none
11606,22,female,b.sc,4th year,phd,rainy,1.9,5.74,17,1,none
11614,23,male,pharmacy,1st year,phd,cloudy,2.34,8.12,65,1,none
11615,23,male,bba,2nd year,high school,cold,5.1,8.6,7,1,none
11616,19,female,b.com,4th year,no formal,hot,2.49,5.34,73,0,none
11617,17,male,bca,2nd year,phd,rainy,0.05,6.58,68,0,personal work
11618,19,female,nursing,2nd year,high school,cold,3.06,8.05,40,0,no reason
11619,23,male,bba,1st year,post graduate,rainy,1.0,7.29,8,1,none
11621,21,female,b.tech,1st year,graduate,sunny,4.61,8.22,74,0,none
11622,23,male,bba,3rd year,post graduate,sunny,3.13,4.31,25,1,none
11623,17,female,b.tech,4th year,graduate,cold,4.59,8.34,50,0,sick
11625,22,male,bca,3rd year,no formal,rainy,4.24,8.57,6,0,no reason
11629,21,male,bba,3rd year,no formal,cold,2.11,4.5,36,1,none
11630,21,female,ba,1st year,high school,cold,3.76,4.8,68,0,sick
11632,18,female,b.tech,4th year,no formal,rainy,0.65,6.65,53,1,none
11633,19,female,ba,2nd year,graduate,sunny,5.81,7.19,38,1,none
11634,20,male,ba,1st year,phd,hot,0.21,6.7,56,1,none
11635,18,female,diploma,4th year,post graduate,sunny,5.0,5.47,59,1,none
11637,19,male,b.tech,4th year,graduate,cloudy,2.93,8.72,18,1,none
11640,21,male,ba,4th year,graduate,sunny,3.14,5.16,78,1,none
11642,19,female,b.com,4th year,no formal,hot,1.15,5.56,16,1,none
11643,23,male,ba,4th year,phd,sunny,2.82,6.01,69,0,project work
11644,20,female,ba,4th year,phd,cold,0.57,9.19,84,0,none
11645,22,female,bca,3rd year,graduate,sunny,2.83,6.94,16,1,none
11646,17,male,b.tech,2nd year,no formal,hot,4.15,5.57,31,1,none
11647,18,female,nursing,2nd year,high school,cloudy,0.6,9.47,42,0,personal work
11648,20,female,ba,4th year,high school,sunny,4.82,6.36,26,0,personal work
11649,19,female,b.sc,2nd year,phd,hot,3.64,4.56,7,0,no reason
11650,20,female,bca,1st year,no formal,rainy,0.18,7.33,85,0,festival
11651,18,female,b.sc,1st year,no formal,rainy,4.76,7.37,89,0,sick
11652,20,female,bca,3rd year,phd,cold,0.44,6.48,86,0,festival
11653,22,female,b.tech,4th year,phd,sunny,5.65,6.6,77,1,none
11656,19,female,ba,2nd year,phd,sunny,1.56,7.04,81,0,no reason
11659,23,male,diploma,2nd year,post graduate,sunny,5.24,7.54,70,1,none
11660,20,female,b.tech,4th year,phd,cloudy,2.93,9.73,38,0,none
11662,24,male,bca,2nd year,no formal,cold,5.06,4.69,11,1,none
11663,19,female,diploma,2nd year,post graduate,hot,2.42,4.84,58,0,no reason
11667,22,female,b.com,4th year,high school,hot,1.08,7.03,49,0,project work
11668,21,male,b.tech,3rd year,graduate,rainy,2.57,6.26,35,0,no reason
11669,21,male,diploma,4th year,high school,cold,3.7,6.78,38,1,none
11672,24,male,bba,2nd year,phd,rainy,3.27,5.86,26,1,none
11673,23,male,bba,4th year,graduate,cloudy,3.88,6.25,59,0,travel
11674,24,male,pharmacy,1st year,graduate,cold,2.88,5.48,66,0,none
11678,17,male,b.tech,2nd year,high school,rainy,1.5,7.53,43,0,festival
11681,20,female,bca,3rd year,phd,hot,3.0,4.44,36,0,no reason
11683,19,female,diploma,3rd year,phd,cold,0.86,6.68,35,0,festival
11684,21,male,b.sc,1st year,graduate,cold,5.05,9.41,35,0,festival
11685,19,female,nursing,4th year,no formal,sunny,3.93,9.15,42,0,festival
11686,22,male,diploma,4th year,no formal,sunny,3.84,5.38,28,0,festival
11687,21,male,b.com,1st year,post graduate,rainy,1.37,4.64,28,0,no reason
11688,18,female,bba,2nd year,phd,rainy,1.23,9.2,72,1,none
11690,17,male,b.sc,1st year,post graduate,rainy,0.52,9.72,81,0,travel
11691,24,male,b.com,4th year,post graduate,cold,3.13,6.4,28,1,none
11693,24,male,b.com,2nd year,phd,rainy,5.68,9.13,72,1,none
11694,24,male,b.sc,4th year,high school,cold,1.23,9.4,22,0,no reason
11695,18,male,nursing,2nd year,high school,cloudy,0.05,5.5,12,0,sick
11696,22,male,pharmacy,3rd year,graduate,hot,2.45,7.29,70,0,sick
11698,24,female,ba,4th year,high school,rainy,2.2,4.09,23,0,no reason
11701,24,female,b.tech,3rd year,graduate,rainy,5.26,6.26,84,0,personal work
11703,23,male,b.com,3rd year,high school,sunny,5.4,6.04,57,0,travel
11704,17,male,pharmacy,2nd year,post graduate,hot,1.88,6.9,15,0,sick
11706,24,female,diploma,2nd year,no formal,cloudy,3.54,9.17,84,1,none
11707,19,female,nursing,4th year,high school,cloudy,2.0,9.51,59,1,none
11708,20,female,diploma,4th year,phd,hot,0.96,9.61,33,1,none
11710,21,male,b.tech,1st year,post graduate,cloudy,5.25,9.7,39,1,none
11714,22,male,pharmacy,3rd year,phd,sunny,3.3,7.39,17,0,festival
11715,21,male,b.tech,3rd year,phd,sunny,4.58,5.09,43,1,none
11716,20,male,bca,1st year,high school,cold,2.66,5.22,7,1,none
11718,24,female,ba,2nd year,high school,cloudy,4.08,6.09,38,1,none
11720,20,male,bba,3rd year,graduate,cold,3.76,6.55,8,1,none
11721,21,female,b.sc,2nd year,phd,sunny,4.11,6.7,11,1,none
11722,21,male,pharmacy,3rd year,post graduate,sunny,1.71,8.16,17,0,festival
11724,19,male,ba,1st year,high school,cloudy,3.7,4.75,74,0,project work
11725,22,female,bca,3rd year,post graduate,cloudy,3.04,8.52,86,1,none
11729,22,female,ba,1st year,post graduate,hot,0.39,6.12,60,0,sick
11730,21,male,bba,4th year,phd,cold,3.24,6.07,65,0,personal work
11731,19,male,pharmacy,2nd year,no formal,rainy,5.24,9.19,60,1,none
11732,19,female,b.tech,1st year,no formal,hot,4.09,4.48,51,1,none
11733,23,female,bba,3rd year,no formal,cold,1.02,5.55,37,1,none
11734,20,female,pharmacy,1st year,high school,hot,1.83,6.57,72,1,none
11735,22,male,pharmacy,4th year,high school,cloudy,3.18,9.66,65,1,none
11737,18,female,ba,2nd year,post graduate,cold,0.8,5.77,42,0,project work
11738,18,male,bca,3rd year,post graduate,cloudy,4.4,8.06,33,1,none
11740,21,female,nursing,2nd year,post graduate,sunny,3.49,9.02,43,1,none
11741,22,male,pharmacy,4th year,no formal,hot,3.73,5.71,76,1,none
11742,21,female,b.com,3rd year,high school,cold,4.81,7.79,48,0,personal work
11745,17,male,b.com,1st year,graduate,hot,4.16,8.69,77,0,personal work
11747,18,female,pharmacy,1st year,post graduate,cold,2.78,7.73,48,1,none
11751,20,female,b.com,2nd year,high school,cloudy,2.17,5.06,38,1,none
11752,21,female,b.sc,2nd year,phd,cold,2.42,6.7,29,1,none
11757,22,female,bca,4th year,post graduate,cold,4.13,6.69,72,1,none
11760,18,male,nursing,1st year,post graduate,rainy,0.62,8.78,73,0,sick
11761,19,male,nursing,3rd year,graduate,cold,5.26,4.11,48,0,festival
11763,18,female,ba,1st year,phd,cold,0.57,5.68,61,0,no reason
11765,23,male,b.tech,2nd year,no formal,sunny,3.43,8.93,70,0,no reason
11766,22,female,pharmacy,4th year,post graduate,hot,3.29,5.4,33,0,sick
11768,19,female,b.sc,1st year,graduate,rainy,2.66,9.23,65,0,personal work
11770,20,male,b.tech,4th year,no formal,hot,5.0,6.96,51,1,none
11771,17,female,b.com,2nd year,post graduate,cold,1.68,6.87,36,1,none
11772,20,female,b.sc,4th year,high school,cloudy,1.74,4.76,20,1,none
11774,20,female,b.com,2nd year,no formal,cloudy,2.04,8.01,57,1,none
11775,18,male,bba,1st year,post graduate,rainy,1.11,8.09,81,0,travel
11779,17,male,nursing,1st year,post graduate,rainy,5.0,5.27,33,1,none
11781,24,female,pharmacy,4th year,post graduate,hot,0.53,6.22,32,0,travel
11783,21,female,b.com,3rd year,no formal,cloudy,3.12,7.84,20,0,festival
11785,21,female,pharmacy,2nd year,post graduate,hot,4.92,6.72,70,1,none
11786,21,female,b.sc,2nd year,post graduate,cloudy,0.45,7.51,6,0,personal work
11788,21,male,b.sc,3rd year,phd,rainy,5.13,4.99,18,1,none
11790,22,male,bba,4th year,high school,sunny,3.98,7.05,67,0,festival
11792,19,male,b.tech,4th year,high school,sunny,2.25,6.71,69,1,none
11793,17,male,b.com,1st year,phd,hot,4.98,9.85,60,0,project work
11794,18,female,diploma,1st year,phd,sunny,0.46,7.13,54,0,project work
11795,23,male,pharmacy,4th year,graduate,cloudy,3.23,9.31,76,0,project work
11796,20,male,bba,2nd year,post graduate,cloudy,1.69,6.25,7,1,none
11797,21,male,b.tech,4th year,phd,hot,0.36,5.96,40,0,festival
11798,24,male,bca,1st year,high school,cloudy,4.13,5.15,29,1,none
11799,17,female,bba,1st year,high school,rainy,5.55,4.28,10,1,none
11800,18,male,diploma,4th year,phd,rainy,0.39,7.6,85,1,none
11801,23,male,bba,1st year,high school,cold,3.88,7.03,72,1,none
11802,21,female,pharmacy,3rd year,no formal,sunny,5.66,6.95,34,1,none
11803,17,male,b.sc,3rd year,post graduate,cloudy,0.91,6.14,14,1,none
11806,23,male,ba,4th year,post graduate,sunny,5.77,5.74,28,0,festival
11810,19,female,ba,3rd year,high school,cold,2.39,6.77,27,1,none
11811,24,male,bca,3rd year,phd,sunny,2.59,7.29,64,1,none
11813,22,female,b.sc,2nd year,no formal,rainy,1.65,7.47,50,0,festival
11814,18,male,nursing,4th year,no formal,cold,0.29,7.74,78,0,travel
11815,21,male,b.sc,4th year,graduate,sunny,0.79,8.73,39,1,none
11816,21,male,b.tech,1st year,no formal,cold,4.18,9.44,61,1,none
11817,19,female,b.sc,4th year,high school,hot,3.52,8.14,25,0,personal work
11818,23,female,b.tech,1st year,no formal,cloudy,3.16,6.75,87,0,festival
11819,18,female,pharmacy,3rd year,phd,sunny,4.74,6.01,84,1,none
11823,17,female,bba,4th year,post graduate,sunny,3.88,7.29,70,0,project work
11825,21,male,bca,2nd year,post graduate,cloudy,5.44,4.22,60,1,none
11826,21,female,pharmacy,4th year,graduate,rainy,4.22,5.99,69,0,sick
11827,19,female,bca,1st year,phd,cold,4.18,5.79,9,1,none
11828,22,male,diploma,3rd year,high school,hot,4.83,6.74,24,1,none
11830,21,male,b.sc,1st year,high school,sunny,5.82,8.71,48,1,none
11831,21,male,b.tech,2nd year,phd,cloudy,5.17,6.35,42,1,none
11832,22,male,b.com,3rd year,phd,cold,3.08,8.63,78,1,none
11834,24,female,b.tech,3rd year,post graduate,cold,4.19,7.24,81,0,sick
11835,23,male,b.com,4th year,phd,cloudy,5.21,6.29,72,1,none
11837,23,male,nursing,1st year,graduate,sunny,4.81,6.96,54,0,personal work
11838,18,male,pharmacy,3rd year,phd,cloudy,1.82,9.79,55,0,travel
11840,21,male,b.tech,1st year,phd,hot,2.05,8.28,28,1,none
11841,20,male,bca,4th year,high school,rainy,0.61,9.74,42,0,sick
11842,22,female,pharmacy,2nd year,graduate,cloudy,2.01,4.53,84,0,personal work
11845,22,male,diploma,3rd year,graduate,sunny,3.16,4.97,23,0,personal work
11846,23,male,pharmacy,2nd year,graduate,hot,4.03,6.52,11,1,none
11847,19,female,pharmacy,4th year,phd,rainy,4.67,6.07,43,1,none
11848,19,female,b.tech,3rd year,post graduate,cloudy,3.93,6.0,35,1,none
11849,21,female,ba,1st year,graduate,cloudy,3.93,5.35,38,0,no reason
11850,20,female,b.tech,2nd year,phd,rainy,0.41,9.06,34,0,no reason
11852,21,male,bba,1st year,post graduate,hot,2.26,7.05,28,0,none
11856,22,female,b.tech,1st year,no formal,cold,5.02,8.55,44,1,none
11857,24,female,b.tech,2nd year,phd,sunny,1.23,6.51,85,0,sick
11858,18,female,pharmacy,1st year,high school,hot,2.61,7.26,53,1,none
11859,17,male,bca,4th year,post graduate,cold,2.85,6.16,32,0,festival
11860,17,male,bba,4th year,graduate,hot,5.64,9.84,83,0,no reason
11861,24,female,b.tech,3rd year,no formal,cold,0.51,6.66,29,0,sick
11862,22,female,ba,2nd year,phd,hot,5.2,7.43,77,0,festival
11863,18,female,b.sc,3rd year,graduate,hot,2.1,4.5,88,0,none
11864,23,female,b.tech,2nd year,post graduate,cloudy,1.1,6.03,89,0,travel
11865,19,male,ba,4th year,post graduate,hot,5.63,9.16,27,0,project work
11868,17,male,nursing,1st year,no formal,rainy,4.39,8.34,70,0,festival
11869,19,male,pharmacy,4th year,graduate,hot,0.4,8.52,20,0,personal work
11870,18,female,b.sc,3rd year,post graduate,cloudy,4.55,6.97,30,0,sick
11871,21,male,b.com,3rd year,phd,cloudy,3.06,8.87,57,0,no reason
11872,17,male,bba,2nd year,graduate,hot,5.46,7.19,41,1,none
11874,21,male,ba,2nd year,phd,hot,0.47,4.26,73,0,festival
11875,20,female,diploma,3rd year,post graduate,cold,0.77,4.42,34,1,none
11878,24,male,b.com,4th year,graduate,sunny,2.25,8.44,74,0,travel
11879,23,male,ba,4th year,post graduate,cold,4.26,4.9,65,0,festival
11881,22,female,bca,3rd year,high school,cloudy,0.69,9.77,45,1,none
11883,21,female,bca,4th year,no formal,sunny,2.88,4.17,73,0,travel
11884,23,male,bba,3rd year,high school,sunny,1.46,7.58,81,0,sick
11885,18,male,b.com,4th year,phd,rainy,4.54,9.78,33,1,none
11889,17,male,diploma,4th year,phd,sunny,5.14,6.41,17,1,none
11890,20,male,diploma,3rd year,graduate,cold,0.53,8.0,68,0,personal work
11891,19,male,b.com,1st year,post graduate,rainy,1.89,9.83,57,0,sick
11893,17,male,b.com,1st year,no formal,hot,0.78,4.15,43,1,none
11895,22,male,bca,2nd year,post graduate,sunny,4.76,6.35,83,1,none
11896,21,female,b.sc,1st year,high school,cloudy,4.3,6.01,72,1,none
11897,19,male,b.sc,1st year,high school,sunny,1.09,4.06,21,1,none
11898,23,female,b.tech,1st year,no formal,hot,4.5,6.23,15,1,none
11900,24,male,b.com,4th year,no formal,sunny,5.6,4.18,44,0,sick
11901,19,female,bba,2nd year,high school,cloudy,0.41,6.01,56,0,project work
11902,18,male,diploma,2nd year,high school,rainy,5.52,6.54,78,1,none
11903,20,male,nursing,3rd year,no formal,rainy,3.84,6.96,72,0,travel
11905,20,female,diploma,4th year,no formal,cold,0.24,5.55,50,0,no reason
11906,23,female,bca,3rd year,post graduate,cloudy,5.19,6.85,50,1,none
11907,17,male,b.com,4th year,no formal,hot,1.53,9.47,35,1,none
11908,21,male,bca,4th year,no formal,cloudy,2.61,4.2,36,1,none
11909,20,female,b.com,2nd year,post graduate,hot,1.72,7.99,39,1,none
11910,18,male,b.com,4th year,graduate,sunny,1.07,6.53,70,0,personal work
11912,23,male,pharmacy,1st year,high school,rainy,5.27,6.91,49,1,none
11914,17,male,bca,3rd year,no formal,cloudy,0.67,5.52,68,0,none
11915,17,female,diploma,4th year,no formal,cloudy,5.63,4.75,23,1,none
11916,20,male,diploma,3rd year,phd,cloudy,5.27,6.28,77,0,festival
11917,22,male,b.tech,1st year,high school,cold,5.28,6.08,14,1,none
11918,19,female,ba,2nd year,no formal,sunny,3.68,5.29,47,0,personal work
11919,19,male,b.tech,3rd year,post graduate,sunny,2.54,5.81,50,0,travel
11920,23,male,bba,4th year,phd,hot,1.16,7.11,30,1,none
11922,17,female,b.com,1st year,high school,cold,0.83,5.02,64,0,no reason
11923,18,female,nursing,1st year,post graduate,hot,1.99,9.5,73,0,no reason
11924,24,female,b.sc,3rd year,no formal,cloudy,3.16,4.89,33,0,personal work
11925,20,female,pharmacy,1st year,high school,cold,3.83,6.07,73,1,none
11926,18,female,ba,4th year,phd,cold,3.61,7.49,58,1,none
11928,24,female,b.sc,4th year,no formal,cloudy,5.67,8.14,87,1,none
11929,22,female,diploma,1st year,post graduate,hot,0.53,4.39,65,1,none
11930,18,male,pharmacy,2nd year,phd,cloudy,1.87,5.81,74,1,none
11932,17,female,b.sc,4th year,high school,cloudy,2.96,7.88,60,0,personal work
11933,23,female,nursing,3rd year,phd,rainy,5.17,5.33,87,0,no reason
11935,19,male,bba,2nd year,graduate,cold,3.4,9.27,31,1,none
11936,19,male,b.tech,2nd year,graduate,cold,3.31,8.77,84,0,sick
11937,21,male,b.com,2nd year,high school,cloudy,0.05,8.8,89,1,none
11938,21,male,b.com,3rd year,no formal,cloudy,1.76,9.06,74,0,none
11939,23,female,pharmacy,4th year,graduate,cold,3.91,4.51,34,0,no reason
11940,19,female,b.com,2nd year,no formal,hot,1.14,6.89,6,1,none
11941,20,male,b.com,4th year,graduate,cloudy,3.8,8.77,42,0,travel
11942,20,male,b.com,2nd year,phd,cloudy,3.27,5.9,89,0,none
11944,22,male,bba,1st year,graduate,cold,3.21,9.25,68,1,none
11947,24,female,bba,2nd year,phd,cloudy,4.19,8.41,6,1,none
11948,18,female,diploma,3rd year,post graduate,sunny,2.28,5.88,72,0,project work
11949,24,female,b.tech,1st year,post graduate,cloudy,1.12,7.2,43,0,no reason
11950,22,male,ba,4th year,graduate,rainy,3.29,9.11,25,0,personal work
11951,18,female,bca,2nd year,post graduate,cloudy,3.52,9.94,14,1,none
11952,22,female,pharmacy,2nd year,graduate,hot,5.27,5.08,72,0,sick
11953,23,female,pharmacy,4th year,no formal,sunny,5.23,7.61,35,1,none
11954,19,male,nursing,4th year,no formal,cold,5.61,8.5,12,0,travel
11956,23,female,b.tech,4th year,post graduate,hot,3.35,8.93,36,1,none
11957,18,male,pharmacy,1st year,phd,rainy,5.67,8.26,79,1,none
11960,24,female,pharmacy,3rd year,phd,cold,3.11,6.4,36,1,none
11961,21,male,nursing,3rd year,phd,cloudy,1.4,7.29,5,0,none
11963,21,male,bca,2nd year,graduate,hot,0.56,7.08,39,1,none
11964,19,male,diploma,3rd year,graduate,sunny,3.61,5.35,45,1,none
11966,21,male,b.com,2nd year,post graduate,cold,3.58,6.8,87,1,none
11967,19,male,bba,3rd year,phd,cold,1.37,5.44,78,1,none
11969,22,male,b.sc,4th year,post graduate,cloudy,0.39,9.39,60,1,none
11971,19,male,pharmacy,2nd year,high school,cloudy,2.53,6.84,45,0,none
11974,20,male,bca,1st year,high school,rainy,0.09,6.74,78,1,none
11975,20,female,pharmacy,1st year,high school,rainy,2.9,4.73,54,0,none
11977,24,male,ba,2nd year,graduate,sunny,2.16,5.84,45,1,none
11979,20,female,ba,1st year,high school,rainy,4.02,4.59,43,0,sick
11981,17,male,diploma,1st year,phd,cold,1.79,4.96,41,1,none
11984,22,female,pharmacy,3rd year,phd,hot,2.11,7.55,87,1,none
11985,24,male,ba,2nd year,phd,cloudy,4.69,6.95,15,1,none
11986,20,female,b.com,2nd year,graduate,hot,3.41,6.12,19,0,none
11987,24,female,nursing,1st year,graduate,hot,1.99,9.1,35,1,none
11988,24,female,nursing,1st year,post graduate,cloudy,0.65,9.64,69,1,none
11989,21,female,bba,1st year,post graduate,cold,1.98,7.19,82,1,none
11991,20,female,b.tech,2nd year,high school,cloudy,4.76,7.52,86,1,none
11992,23,female,b.sc,4th year,phd,hot,5.47,8.38,15,1,none
11995,23,female,b.tech,1st year,phd,hot,2.49,9.68,18,1,none
11996,17,male,diploma,3rd year,post graduate,rainy,4.96,6.02,10,1,none
11998,19,female,bba,1st year,phd,rainy,4.17,5.98,7,1,none
11999,23,female,b.sc,2nd year,no formal,cold,3.92,7.6,86,0,personal work
12001,20,female,b.com,4th year,post graduate,sunny,0.05,5.7,55,1,none
12003,17,female,pharmacy,1st year,post graduate,cold,3.38,5.35,74,1,none
12005,21,male,b.sc,2nd year,high school,cold,0.71,9.23,66,1,none
12007,18,male,diploma,1st year,post graduate,cold,2.14,9.94,84,1,none
12009,17,male,bca,2nd year,phd,rainy,2.8,5.89,89,0,no reason
12014,24,female,bca,1st year,phd,rainy,2.31,8.83,30,1,none
12015,23,male,b.sc,3rd year,graduate,rainy,4.43,5.3,27,0,none
12017,23,female,bba,2nd year,graduate,sunny,5.8,7.47,65,1,none
12021,23,female,diploma,3rd year,high school,cold,3.83,6.82,28,1,none
12022,24,female,diploma,3rd year,high school,cloudy,3.05,4.49,20,1,none
12023,22,female,b.com,2nd year,post graduate,sunny,2.44,5.88,6,1,none
12024,24,female,b.sc,2nd year,post graduate,hot,5.27,8.39,76,1,none
12026,18,male,bba,1st year,phd,cold,5.68,8.96,71,1,none
12027,22,male,pharmacy,2nd year,no formal,hot,3.82,4.42,59,0,sick
12028,21,male,diploma,2nd year,no formal,sunny,5.48,5.51,40,0,project work
12029,17,female,bba,2nd year,high school,cold,0.91,8.54,50,0,none
12031,17,male,bca,3rd year,phd,rainy,5.7,5.77,67,1,none
12033,18,male,ba,1st year,graduate,cloudy,2.76,9.2,49,1,none
12038,22,female,bba,1st year,no formal,hot,5.68,7.66,78,0,travel
12041,24,male,diploma,2nd year,post graduate,sunny,5.84,5.92,41,1,none
12044,22,male,bca,1st year,post graduate,rainy,2.18,8.06,27,1,none
12046,22,male,b.sc,3rd year,phd,rainy,1.09,8.34,38,0,none
12047,24,female,ba,1st year,high school,sunny,4.24,8.5,64,0,no reason
12050,17,female,bba,3rd year,no formal,sunny,4.77,9.75,32,1,none
12052,23,male,b.com,2nd year,post graduate,hot,4.86,5.01,34,0,personal work
12054,22,male,bca,1st year,phd,rainy,5.49,4.34,41,1,none
12057,24,female,b.com,2nd year,phd,cloudy,0.35,9.9,17,1,none
12058,18,male,ba,3rd year,post graduate,cold,5.51,8.76,10,1,none
12059,18,female,b.tech,2nd year,graduate,cold,5.77,8.58,5,1,none
12060,20,male,bca,4th year,phd,cold,0.81,9.08,10,1,none
12062,17,female,b.sc,4th year,high school,cloudy,3.17,4.7,59,1,none
12065,17,male,diploma,1st year,no formal,sunny,1.17,9.24,78,1,none
12067,17,male,bca,4th year,phd,cloudy,1.74,7.35,17,1,none
12068,24,male,diploma,1st year,phd,sunny,4.95,8.36,53,1,none
12069,24,male,ba,3rd year,post graduate,sunny,4.01,8.18,54,1,none
12070,19,female,b.sc,2nd year,graduate,cold,1.29,6.5,69,0,project work
12073,24,male,b.com,1st year,phd,sunny,1.21,6.79,62,1,none
12074,18,male,nursing,2nd year,post graduate,hot,3.65,4.1,78,0,sick
12075,19,male,b.com,4th year,post graduate,rainy,3.45,5.48,89,0,personal work
12077,18,female,b.com,3rd year,post graduate,hot,2.92,6.43,80,1,none
12078,23,male,bca,3rd year,high school,sunny,0.43,4.1,83,0,travel
12079,20,male,pharmacy,2nd year,phd,hot,2.94,7.06,88,1,none
12080,20,male,diploma,4th year,phd,rainy,0.56,5.8,40,1,none
12082,23,female,bba,2nd year,post graduate,hot,0.23,7.17,56,0,travel
12083,17,female,b.com,2nd year,phd,cloudy,4.04,5.28,8,0,sick
12085,23,male,nursing,4th year,phd,cold,3.15,8.1,25,1,none
12086,23,male,pharmacy,1st year,post graduate,cold,3.6,6.58,10,0,personal work
12087,24,male,pharmacy,1st year,high school,cloudy,5.28,7.99,55,1,none
12088,23,male,nursing,2nd year,no formal,hot,1.98,6.72,39,1,none
12091,20,female,bba,4th year,post graduate,cloudy,0.17,7.09,64,1,none
12093,20,female,b.tech,2nd year,no formal,cold,2.51,5.87,81,0,festival
12094,21,male,nursing,1st year,high school,cold,5.54,6.05,83,0,none
12095,17,male,nursing,4th year,graduate,cold,1.92,4.96,6,0,no reason
12096,19,male,pharmacy,3rd year,post graduate,cold,4.31,9.94,54,1,none
12098,20,female,bba,4th year,graduate,hot,5.29,4.42,5,1,none
12100,22,male,bca,3rd year,high school,hot,0.56,8.93,70,0,project work
12102,18,male,diploma,2nd year,no formal,hot,2.85,8.18,60,0,sick
12103,21,female,ba,2nd year,high school,cold,5.25,8.21,25,1,none
12104,17,female,b.com,1st year,graduate,cold,1.36,9.39,59,0,no reason
12106,23,female,ba,1st year,high school,cold,0.64,6.57,85,1,none
12108,19,female,bba,1st year,high school,cold,3.66,6.19,9,1,none
12109,17,female,bba,3rd year,high school,cold,5.52,6.41,25,1,none
12112,24,male,bba,1st year,high school,hot,0.97,4.69,28,0,sick
12114,22,female,nursing,1st year,post graduate,hot,3.01,5.83,47,0,travel
12116,18,female,ba,2nd year,no formal,cold,1.32,6.61,79,0,personal work
12119,24,female,bba,1st year,post graduate,rainy,0.26,4.54,24,0,no reason
12121,22,female,bba,2nd year,no formal,sunny,1.53,4.75,38,0,project work
12123,20,male,ba,4th year,graduate,rainy,2.4,4.44,63,0,travel
12125,18,female,bba,4th year,phd,sunny,2.63,4.97,19,0,none
12126,24,female,diploma,4th year,phd,hot,3.36,8.48,77,0,none
12127,20,female,ba,3rd year,phd,hot,4.81,4.29,32,0,festival
12129,19,female,ba,1st year,post graduate,hot,2.86,7.87,59,0,sick
12130,24,male,b.com,1st year,graduate,cloudy,0.77,5.43,12,0,festival
12132,19,female,nursing,3rd year,post graduate,cloudy,4.92,9.25,74,0,travel
12133,20,male,ba,2nd year,no formal,cold,4.98,9.09,79,1,none
12134,23,male,b.com,2nd year,no formal,hot,0.54,5.58,17,0,festival
12136,17,male,nursing,4th year,post graduate,sunny,1.87,7.84,68,1,none
12137,19,male,b.com,4th year,high school,rainy,5.61,8.39,12,1,none
12138,21,female,b.com,1st year,post graduate,sunny,5.47,8.31,25,1,none
12139,18,male,nursing,2nd year,post graduate,rainy,1.14,7.13,73,0,project work
12140,19,female,b.com,4th year,high school,hot,5.03,9.28,87,1,none
12141,24,male,nursing,2nd year,no formal,sunny,2.53,8.26,57,0,no reason
12143,17,female,bca,3rd year,phd,hot,0.47,4.25,68,0,festival
12144,20,male,bba,3rd year,high school,hot,2.96,5.21,71,0,travel
12145,17,female,b.tech,4th year,post graduate,hot,0.51,4.35,8,0,personal work
12146,17,male,nursing,2nd year,post graduate,cloudy,0.65,4.73,42,1,none
12147,18,male,bca,4th year,phd,cold,3.05,8.71,71,0,travel
12148,17,male,b.sc,2nd year,phd,cloudy,5.38,8.08,30,1,none
12151,21,female,ba,3rd year,graduate,hot,2.2,7.84,85,0,no reason
12152,22,male,bca,3rd year,graduate,cold,2.36,5.01,45,1,none
12153,22,male,b.com,4th year,post graduate,cold,0.51,7.96,21,1,none
12155,19,female,b.com,3rd year,phd,sunny,3.71,8.05,88,0,no reason
12156,24,male,diploma,1st year,post graduate,rainy,3.43,5.76,15,0,personal work
12157,17,male,ba,1st year,high school,cold,1.93,7.52,35,0,sick
12158,17,female,diploma,3rd year,no formal,rainy,2.64,9.23,33,0,personal work
12159,23,male,b.tech,3rd year,no formal,sunny,4.29,7.17,68,0,travel
12161,18,male,b.com,4th year,high school,rainy,2.45,5.5,65,0,travel
12162,18,male,b.tech,4th year,no formal,cloudy,1.3,9.43,53,1,none
12164,17,female,b.sc,1st year,no formal,cold,3.88,5.45,39,1,none
12166,22,male,pharmacy,4th year,graduate,rainy,0.44,9.65,62,1,none
12168,24,male,b.sc,1st year,graduate,sunny,4.97,7.05,54,0,personal work
12171,23,female,b.com,1st year,post graduate,hot,2.26,4.88,21,1,none
12172,21,female,diploma,3rd year,high school,sunny,3.56,8.36,78,1,none
12173,20,male,b.sc,2nd year,phd,cold,4.88,7.19,84,0,project work
12175,18,male,b.sc,3rd year,high school,cloudy,3.56,5.2,70,0,personal work
12176,23,male,pharmacy,2nd year,post graduate,hot,2.48,6.18,34,1,none
12177,19,female,b.com,1st year,post graduate,sunny,5.34,7.99,8,0,travel
12178,17,male,bca,2nd year,no formal,sunny,0.86,4.67,50,0,project work
12179,22,male,bba,2nd year,phd,hot,4.06,9.89,59,1,none
12180,22,female,bba,3rd year,post graduate,cloudy,3.3,6.84,29,1,none
12181,17,male,b.tech,2nd year,graduate,hot,0.3,5.22,55,0,travel
12184,17,male,bba,2nd year,phd,hot,1.96,9.94,56,1,none
12185,21,male,nursing,3rd year,no formal,hot,3.89,7.36,87,1,none
12187,21,male,b.com,4th year,post graduate,rainy,5.67,4.33,77,0,sick
12188,18,female,ba,1st year,no formal,cloudy,0.1,5.61,36,0,none
12190,22,female,b.com,2nd year,high school,sunny,4.29,8.93,17,1,none
12191,19,male,bca,2nd year,no formal,rainy,2.4,9.94,77,0,no reason
12192,20,male,pharmacy,4th year,high school,cold,5.1,8.43,46,1,none
12193,17,female,nursing,2nd year,phd,cold,1.16,8.79,44,0,personal work
12194,17,female,ba,1st year,phd,sunny,3.64,7.8,49,1,none
12195,21,male,b.com,3rd year,no formal,sunny,1.98,9.14,35,1,none
12196,17,female,bca,3rd year,high school,hot,0.92,6.58,83,1,none
12197,22,female,bca,2nd year,phd,hot,1.88,8.51,9,1,none
12198,20,male,diploma,2nd year,no formal,sunny,1.7,4.51,84,0,no reason
12202,22,female,pharmacy,4th year,high school,cold,3.94,6.12,43,0,project work
12203,18,female,nursing,2nd year,phd,rainy,3.98,4.25,80,0,sick
12204,21,male,diploma,3rd year,high school,rainy,3.01,6.58,43,0,no reason
12205,23,male,b.com,2nd year,post graduate,cold,5.64,9.88,36,1,none
12206,19,male,diploma,3rd year,post graduate,rainy,5.69,8.31,25,1,none
12207,23,female,bba,3rd year,no formal,hot,0.8,9.65,46,0,festival
12208,22,female,bca,4th year,phd,sunny,0.61,8.37,65,0,no reason
12209,20,female,b.com,2nd year,post graduate,hot,4.26,5.4,40,0,no reason
12210,24,female,bba,1st year,no formal,cloudy,4.58,5.87,70,0,sick
12211,24,male,nursing,2nd year,no formal,sunny,0.93,6.05,55,0,sick
12213,24,male,ba,2nd year,phd,rainy,5.59,5.25,51,0,travel
12214,17,male,b.com,4th year,phd,cold,5.45,5.29,16,1,none
12216,17,female,ba,4th year,post graduate,cloudy,2.45,4.96,32,0,project work
12220,21,female,nursing,1st year,graduate,cold,0.05,8.67,81,0,no reason
12222,21,male,ba,4th year,no formal,sunny,3.03,9.94,69,1,none
12223,20,female,diploma,4th year,graduate,cold,4.76,4.76,34,1,none
12226,18,female,b.sc,2nd year,graduate,cold,4.84,5.99,40,0,no reason
12228,21,male,diploma,2nd year,phd,cold,5.87,9.89,11,1,none
12229,20,male,b.sc,3rd year,no formal,cold,4.27,6.21,13,1,none
12231,23,female,b.com,4th year,post graduate,hot,4.88,4.72,88,0,travel
12232,20,male,ba,1st year,high school,rainy,0.27,6.97,17,1,none
12233,20,male,nursing,3rd year,no formal,cloudy,0.72,4.91,62,1,none
12234,22,male,bba,1st year,phd,rainy,0.48,9.0,22,0,travel
12238,20,male,b.sc,3rd year,high school,cold,5.59,4.06,8,0,no reason
12240,18,female,diploma,1st year,phd,cloudy,5.28,8.23,60,0,project work
12241,17,male,nursing,2nd year,high school,hot,0.76,9.67,64,0,sick
12244,18,female,b.sc,4th year,high school,rainy,0.29,4.5,36,0,festival
12245,22,male,pharmacy,4th year,post graduate,cloudy,2.54,9.44,24,1,none
12247,19,male,ba,2nd year,phd,hot,0.85,4.81,17,0,festival
12248,24,male,pharmacy,2nd year,no formal,cloudy,3.25,5.2,23,1,none
12249,17,female,diploma,4th year,no formal,hot,2.36,8.53,73,0,festival
12254,24,male,b.sc,1st year,high school,hot,2.38,7.91,8,1,none
12255,17,male,b.com,3rd year,phd,rainy,1.28,9.76,53,0,personal work
12257,21,female,b.tech,4th year,graduate,cloudy,3.13,6.96,58,1,none
12259,17,female,ba,2nd year,high school,sunny,1.76,5.51,56,0,personal work
12260,17,female,nursing,2nd year,no formal,cloudy,2.28,9.52,63,1,none
12261,19,male,b.sc,1st year,phd,rainy,1.18,4.81,77,0,no reason
12262,19,female,bba,2nd year,graduate,hot,4.79,6.76,17,0,sick
12265,22,female,nursing,3rd year,post graduate,rainy,3.33,6.36,89,0,none
12267,19,male,diploma,3rd year,high school,rainy,0.37,6.88,58,1,none
12268,19,female,ba,3rd year,high school,cloudy,5.87,9.3,32,1,none
12269,19,female,bba,2nd year,phd,hot,2.22,8.1,46,0,none
12272,19,male,b.tech,4th year,phd,hot,2.02,5.1,8,1,none
12275,18,male,b.sc,1st year,phd,hot,2.31,5.76,43,0,personal work
12276,23,male,bba,1st year,phd,cloudy,0.11,5.74,27,0,personal work
12277,18,male,bba,4th year,no formal,cloudy,5.59,7.05,7,1,none
12278,18,male,b.sc,1st year,high school,cold,2.88,5.26,46,1,none
12281,18,female,b.sc,2nd year,phd,rainy,0.84,4.62,39,0,project work
12282,23,female,b.tech,4th year,phd,cloudy,2.92,8.9,27,1,none
12283,18,female,b.tech,4th year,high school,hot,2.7,9.23,69,1,none
12285,17,male,b.sc,3rd year,no formal,cold,1.46,4.12,44,0,sick
12291,22,male,ba,2nd year,phd,sunny,0.82,9.29,77,0,personal work
12293,23,male,b.sc,3rd year,phd,cold,1.19,7.86,71,0,travel
12294,22,male,diploma,4th year,post graduate,hot,3.51,6.57,67,0,travel
12295,19,male,b.tech,4th year,phd,cloudy,1.5,5.81,68,0,personal work
12296,22,female,b.sc,4th year,high school,rainy,2.61,9.82,33,1,none
12297,24,male,diploma,3rd year,phd,cold,3.54,8.17,83,1,none
12298,23,female,bca,4th year,phd,hot,1.35,6.6,35,1,none
12299,22,male,pharmacy,1st year,phd,sunny,2.87,7.47,57,1,none
12301,23,male,b.sc,1st year,high school,hot,1.13,9.3,38,0,no reason
12302,19,female,bca,1st year,phd,sunny,5.68,8.15,18,1,none
12303,22,male,b.com,4th year,post graduate,cold,2.13,6.85,82,0,none
12305,19,female,b.com,3rd year,phd,cold,2.6,8.23,32,1,none
12306,24,female,nursing,1st year,post graduate,cold,5.93,6.15,30,0,project work
12307,19,female,nursing,1st year,post graduate,cold,1.45,8.35,38,0,project work
12308,23,female,nursing,1st year,no formal,cloudy,0.05,4.83,31,1,none
12309,20,female,bba,2nd year,phd,rainy,2.11,6.17,68,0,personal work
12310,18,male,bba,3rd year,phd,cold,2.14,5.55,25,0,none
12312,21,female,b.tech,3rd year,high school,cold,4.53,9.01,15,1,none
12313,20,male,bba,1st year,no formal,cloudy,3.67,4.48,13,1,none
12314,21,male,b.com,4th year,post graduate,cold,0.53,9.58,20,1,none
12316,19,male,b.sc,3rd year,high school,sunny,5.93,8.6,15,1,none
12320,18,female,bba,4th year,graduate,hot,1.94,7.43,81,1,none
12321,22,male,ba,4th year,phd,cold,5.1,4.68,24,1,none
12322,17,male,b.com,3rd year,graduate,sunny,1.91,8.67,6,0,personal work
12323,21,male,bba,4th year,graduate,cloudy,3.57,4.95,64,1,none
12324,24,female,diploma,2nd year,high school,cold,0.37,8.24,67,1,none
12325,19,female,b.sc,4th year,no formal,cold,3.2,4.85,9,1,none
12327,21,male,pharmacy,3rd year,high school,hot,5.65,7.4,55,1,none
12328,19,female,b.com,2nd year,post graduate,hot,2.63,5.99,32,1,none
12329,24,male,diploma,4th year,no formal,sunny,2.22,8.19,40,1,none
12330,23,female,pharmacy,3rd year,graduate,hot,1.86,4.52,37,1,none
12331,22,male,pharmacy,1st year,graduate,cloudy,5.7,4.84,70,0,no reason
12332,22,female,bca,2nd year,graduate,hot,3.93,5.8,27,1,none
12333,21,female,pharmacy,4th year,phd,cloudy,3.76,7.34,81,1,none
12336,24,female,b.sc,2nd year,high school,cloudy,0.94,7.89,5,1,none
12337,19,male,nursing,1st year,post graduate,sunny,4.74,6.71,7,0,sick
12343,20,male,bca,4th year,no formal,cloudy,1.27,7.07,30,1,none
12344,21,female,diploma,4th year,post graduate,sunny,3.49,6.38,48,0,travel
12345,20,female,pharmacy,4th year,high school,rainy,0.36,7.65,79,0,travel
12346,23,male,b.com,4th year,high school,cloudy,3.02,9.12,62,0,personal work
12347,20,male,diploma,1st year,high school,rainy,5.84,6.18,45,0,project work
12348,23,male,b.tech,1st year,no formal,rainy,3.85,4.39,45,0,no reason
12352,21,male,b.sc,1st year,phd,hot,3.61,9.74,52,0,none
12354,21,male,ba,4th year,post graduate,cold,3.82,7.81,78,0,festival
12356,24,male,ba,1st year,no formal,cloudy,5.09,7.65,58,1,none
12357,19,male,bca,1st year,high school,cloudy,2.77,7.06,13,1,none
12358,24,male,pharmacy,4th year,phd,cloudy,3.24,5.13,44,1,none
12360,17,female,b.tech,4th year,high school,hot,2.19,9.46,69,1,none
12362,24,male,b.tech,4th year,graduate,cloudy,3.67,8.44,89,0,no reason
12364,20,female,b.sc,3rd year,phd,rainy,3.53,9.47,28,1,none
12365,23,female,diploma,1st year,high school,cloudy,5.41,8.99,42,1,none
12367,22,male,b.com,2nd year,high school,hot,2.94,7.51,69,0,sick
12369,18,male,b.com,3rd year,graduate,cloudy,5.93,5.88,17,0,personal work
12370,17,female,b.com,2nd year,phd,hot,5.08,4.06,44,1,none
12371,22,male,b.sc,3rd year,post graduate,cold,0.4,5.85,79,0,travel
12372,17,female,b.tech,2nd year,graduate,cold,5.6,4.21,78,1,none
12373,22,female,bca,4th year,high school,hot,3.27,8.24,77,1,none
12374,18,female,ba,1st year,phd,rainy,2.18,5.67,65,1,none
12378,23,female,ba,4th year,graduate,cold,0.78,4.69,61,0,sick
12379,21,male,pharmacy,3rd year,no formal,cloudy,0.91,8.1,75,0,travel
12380,17,male,ba,3rd year,post graduate,cloudy,3.7,8.58,76,1,none
12381,23,male,bba,1st year,post graduate,sunny,5.69,6.48,53,1,none
12382,18,female,diploma,2nd year,post graduate,cold,4.52,4.06,38,1,none
12383,18,male,pharmacy,3rd year,post graduate,rainy,2.46,5.08,18,0,none
12386,21,male,b.com,3rd year,high school,hot,1.98,4.16,37,0,personal work
12388,23,female,b.sc,2nd year,post graduate,sunny,1.74,7.39,60,0,none
12389,17,female,diploma,2nd year,high school,cloudy,2.64,5.27,35,1,none
12391,20,female,ba,2nd year,no formal,cold,2.58,6.3,84,0,no reason
12392,20,male,pharmacy,2nd year,graduate,sunny,3.07,8.39,30,1,none
12393,23,female,pharmacy,4th year,graduate,cloudy,0.18,6.73,75,0,personal work
12394,21,male,bca,2nd year,no formal,cloudy,2.49,4.84,59,1,none
12395,18,male,b.com,4th year,post graduate,cold,4.58,6.35,45,0,festival
12397,20,male,nursing,2nd year,phd,hot,1.91,8.52,22,0,project work
12398,24,female,bba,2nd year,post graduate,rainy,3.59,4.31,79,0,none
12399,24,male,bba,4th year,post graduate,rainy,2.55,7.56,66,1,none
12400,17,female,bba,4th year,high school,rainy,4.14,5.38,54,1,none
12401,21,male,nursing,4th year,post graduate,hot,5.43,7.92,81,0,travel
12402,20,female,ba,4th year,post graduate,cloudy,3.51,9.03,69,0,sick
12403,20,female,b.sc,1st year,phd,rainy,5.08,6.0,36,0,sick
12404,19,female,bba,4th year,graduate,cloudy,2.92,8.11,87,0,sick
12405,21,male,bca,3rd year,post graduate,hot,5.88,9.0,68,0,sick
12406,20,female,pharmacy,3rd year,graduate,rainy,2.8,6.79,24,0,sick
12409,18,female,nursing,4th year,no formal,cold,5.77,7.0,41,1,none
12410,23,male,diploma,3rd year,post graduate,rainy,1.89,8.88,62,0,none
12411,22,female,b.com,1st year,no formal,cloudy,1.97,8.66,55,0,travel
12412,20,female,b.sc,4th year,no formal,cold,4.59,4.67,79,1,none
12414,17,female,b.sc,3rd year,graduate,cloudy,2.5,7.0,25,1,none
12415,19,male,bca,1st year,graduate,rainy,3.63,5.9,36,0,project work
12417,17,female,bba,2nd year,high school,cold,2.65,6.09,48,0,personal work
12418,18,female,diploma,4th year,phd,cloudy,3.31,5.2,40,0,personal work
12419,23,male,nursing,4th year,post graduate,rainy,0.15,8.43,75,1,none
12423,22,female,b.sc,4th year,graduate,sunny,5.87,7.74,31,0,travel
12424,19,female,pharmacy,4th year,phd,sunny,1.25,7.06,7,1,none
12425,20,male,diploma,1st year,no formal,hot,2.45,8.28,53,1,none
12426,22,female,nursing,4th year,post graduate,cold,2.25,5.57,66,0,festival
12427,21,male,ba,3rd year,graduate,cold,2.35,8.66,88,1,none
12428,24,female,b.sc,2nd year,high school,hot,2.15,4.92,46,0,personal work
12431,18,female,b.sc,1st year,high school,hot,1.15,5.6,11,0,personal work
12433,21,female,ba,3rd year,high school,sunny,5.71,9.58,16,1,none
12435,22,female,nursing,3rd year,graduate,cloudy,1.16,7.26,61,0,none
12436,20,female,bba,2nd year,high school,sunny,0.47,7.07,49,0,travel
12437,18,female,pharmacy,3rd year,phd,sunny,2.18,4.77,6,1,none
12438,21,female,b.tech,1st year,high school,sunny,4.88,8.02,44,1,none
12439,20,female,pharmacy,3rd year,no formal,rainy,5.18,4.85,49,1,none
12441,20,male,diploma,2nd year,high school,cold,1.0,7.92,58,1,none
12442,24,male,b.com,3rd year,high school,sunny,5.17,5.39,32,1,none
12443,18,female,b.tech,2nd year,no formal,rainy,3.7,7.95,19,1,none
12444,19,female,b.com,4th year,phd,cold,1.36,9.27,81,1,none
12445,21,female,ba,1st year,high school,rainy,1.41,6.94,89,1,none
12446,17,male,ba,1st year,phd,sunny,2.55,6.2,73,1,none
12448,21,female,b.tech,3rd year,phd,cold,2.78,5.78,45,1,none
12449,21,female,diploma,2nd year,high school,cold,2.35,8.55,47,1,none
12451,17,female,b.sc,2nd year,high school,cold,0.52,7.71,75,1,none
12452,23,male,nursing,2nd year,high school,sunny,2.38,9.34,77,0,no reason
12454,18,female,pharmacy,3rd year,phd,sunny,5.3,7.45,27,0,no reason
12456,18,female,ba,4th year,no formal,cold,2.1,7.06,66,0,sick
12457,20,male,b.tech,3rd year,graduate,hot,1.42,9.59,23,1,none
12458,20,female,b.tech,1st year,phd,cold,0.54,5.22,71,0,sick
12461,24,male,b.sc,4th year,graduate,sunny,4.5,8.6,61,1,none
12464,24,female,nursing,4th year,high school,cold,2.74,9.52,14,1,none
12465,23,male,bba,4th year,no formal,sunny,5.04,4.45,76,0,project work
12466,23,female,b.com,2nd year,graduate,cloudy,2.18,8.48,79,0,personal work
12467,18,female,pharmacy,3rd year,phd,cold,3.76,9.78,47,1,none
12468,20,male,b.sc,1st year,high school,hot,2.92,9.83,21,0,project work
12470,17,female,diploma,2nd year,graduate,hot,2.57,8.75,77,0,personal work
12471,17,male,ba,1st year,high school,cold,0.68,5.2,71,0,no reason
12472,21,female,diploma,1st year,phd,hot,0.81,7.42,10,1,none
12474,23,female,bca,1st year,graduate,cloudy,1.8,7.97,84,0,personal work
12475,22,female,bca,3rd year,no formal,hot,4.49,6.99,82,1,none
12476,17,male,b.tech,2nd year,graduate,sunny,5.37,7.33,41,1,none
12477,23,male,b.com,1st year,high school,cloudy,1.34,5.15,22,0,travel
12480,24,male,ba,1st year,phd,sunny,1.21,4.67,42,0,none
12481,22,female,bba,3rd year,graduate,hot,2.7,7.73,69,1,none
12484,20,female,diploma,1st year,high school,rainy,5.55,8.46,74,0,personal work
12486,18,male,b.com,4th year,phd,hot,1.13,8.91,19,1,none
12487,23,male,diploma,4th year,phd,rainy,3.19,4.06,11,0,travel
12488,18,female,b.com,2nd year,high school,hot,3.8,9.85,35,1,none
12489,18,male,bba,2nd year,phd,cloudy,5.35,9.69,57,1,none
12491,17,female,b.com,3rd year,post graduate,cloudy,4.18,9.64,43,1,none
12492,19,female,bca,1st year,high school,sunny,0.08,4.13,34,0,sick
12493,24,female,b.com,4th year,phd,cold,2.9,6.95,74,0,none
12495,24,male,bba,1st year,post graduate,rainy,5.05,5.14,81,0,none
12496,19,female,pharmacy,2nd year,high school,cloudy,1.07,7.57,28,1,none
12497,21,female,b.sc,4th year,phd,cold,3.43,8.53,36,1,none
12498,18,male,pharmacy,2nd year,graduate,cold,3.85,4.25,71,0,travel
12501,23,male,ba,4th year,graduate,cold,0.41,5.96,77,0,travel
12505,20,female,b.com,1st year,high school,cold,4.81,5.57,15,0,no reason
12506,19,male,pharmacy,1st year,graduate,hot,2.46,5.4,20,1,none
12507,19,male,bba,1st year,graduate,hot,4.17,7.03,43,0,festival
12508,19,male,b.sc,1st year,high school,hot,4.82,8.26,82,0,travel
12509,24,male,nursing,4th year,phd,sunny,5.52,7.83,73,1,none
12510,21,female,b.com,2nd year,post graduate,sunny,5.85,8.95,17,0,project work
12511,24,male,b.com,1st year,phd,cloudy,3.4,5.42,41,1,none
12513,22,female,nursing,2nd year,graduate,sunny,5.09,8.58,77,1,none
12514,23,female,nursing,1st year,graduate,sunny,0.9,8.21,61,1,none
12515,17,male,b.tech,4th year,graduate,hot,1.92,7.9,81,1,none
12516,24,female,pharmacy,3rd year,no formal,sunny,1.83,9.92,24,1,none
12518,22,female,b.com,4th year,phd,rainy,1.54,8.61,54,1,none
12520,17,male,ba,3rd year,high school,cloudy,0.86,4.74,26,0,sick
12521,24,male,bba,4th year,graduate,cold,4.26,4.52,44,1,none
12522,20,female,bca,1st year,no formal,hot,3.35,6.48,51,1,none
12526,20,male,bba,3rd year,high school,sunny,4.93,6.9,15,1,none
12527,22,male,ba,1st year,high school,cloudy,3.93,8.58,47,0,travel
12528,22,female,b.sc,1st year,no formal,cloudy,4.11,4.29,37,1,none
12531,23,male,pharmacy,1st year,post graduate,sunny,4.0,5.35,9,0,project work
12532,18,female,nursing,3rd year,post graduate,hot,3.24,4.06,17,0,sick
12533,17,female,nursing,4th year,no formal,rainy,3.64,7.04,5,0,sick
12535,23,male,bba,2nd year,no formal,rainy,3.87,6.21,69,0,sick
12538,18,male,b.com,3rd year,no formal,cold,2.24,7.02,58,1,none
12540,23,female,b.com,1st year,graduate,cold,5.28,4.08,86,1,none
12542,17,male,nursing,3rd year,graduate,hot,3.02,8.77,81,0,none
12544,21,male,pharmacy,2nd year,phd,cloudy,2.61,5.46,66,0,travel
12545,21,male,b.com,4th year,phd,cold,5.46,5.06,48,0,travel
12546,23,female,bba,1st year,phd,cold,0.82,5.14,28,1,none
12547,17,female,pharmacy,1st year,high school,sunny,3.25,4.78,56,0,no reason
12548,17,male,b.sc,2nd year,no formal,sunny,1.81,9.87,17,1,none
12549,17,male,nursing,3rd year,phd,cold,4.65,6.67,7,1,none
12550,20,female,b.sc,2nd year,phd,cloudy,0.89,7.6,76,0,festival
12551,22,male,pharmacy,4th year,graduate,hot,0.19,6.97,79,0,project work
12552,22,male,b.com,1st year,post graduate,hot,0.94,4.4,75,0,none
12553,18,male,bca,3rd year,phd,sunny,5.14,9.01,18,1,none
12556,18,female,bba,1st year,phd,rainy,5.41,9.92,65,0,no reason
12558,20,male,nursing,1st year,no formal,rainy,4.53,9.0,35,1,none
12559,17,male,b.tech,1st year,no formal,hot,0.68,9.79,89,1,none
12560,20,female,bba,3rd year,high school,rainy,0.46,9.04,10,0,travel
12562,22,female,bca,3rd year,no formal,sunny,3.78,4.06,33,0,project work
12564,23,female,b.sc,1st year,graduate,sunny,2.15,6.15,30,1,none
12565,20,male,nursing,1st year,post graduate,rainy,4.88,4.61,7,1,none
12567,17,female,diploma,1st year,graduate,hot,0.26,7.78,26,0,festival
12573,21,female,bba,2nd year,no formal,rainy,2.04,7.61,16,1,none
12574,18,male,nursing,2nd year,phd,cloudy,3.6,6.43,44,0,personal work
12575,24,female,b.com,3rd year,post graduate,cold,0.76,4.62,52,0,festival
12576,19,male,b.sc,3rd year,post graduate,hot,2.65,5.06,74,0,project work
12577,19,male,nursing,3rd year,graduate,sunny,1.82,4.65,83,0,personal work
12578,19,female,bca,2nd year,no formal,hot,1.57,7.97,61,0,travel
12579,24,female,b.sc,3rd year,graduate,cold,4.67,7.82,83,1,none
12580,21,female,diploma,2nd year,no formal,rainy,3.01,5.59,50,1,none
12581,22,female,ba,1st year,phd,cold,5.17,7.47,23,1,none
12583,24,male,b.com,2nd year,no formal,sunny,2.19,6.76,40,0,personal work
12584,23,female,diploma,4th year,high school,sunny,0.91,8.25,57,0,personal work
12585,24,male,b.sc,4th year,post graduate,cloudy,2.33,7.14,30,1,none
12587,24,female,b.com,2nd year,no formal,hot,5.39,5.91,9,1,none
12588,22,female,diploma,2nd year,high school,rainy,1.68,6.13,70,0,festival
12589,18,female,nursing,1st year,post graduate,cold,5.66,4.06,85,0,travel
12591,23,female,diploma,4th year,graduate,hot,1.64,4.06,62,0,personal work
12593,23,male,pharmacy,2nd year,post graduate,hot,0.81,6.29,66,1,none
12596,23,male,nursing,2nd year,phd,cloudy,5.69,6.01,9,1,none
12597,19,male,b.com,1st year,no formal,cold,1.0,9.03,31,0,festival
12599,24,female,b.tech,3rd year,high school,rainy,4.28,6.69,51,1,none
12601,18,male,bba,1st year,high school,sunny,3.91,5.52,38,0,none
12602,24,female,bba,4th year,phd,hot,3.17,9.82,79,1,none
12605,21,female,b.tech,4th year,high school,sunny,4.72,5.33,70,0,personal work
12606,21,male,b.com,2nd year,graduate,hot,0.06,9.31,60,1,none
12607,18,female,bca,3rd year,graduate,sunny,2.77,7.53,37,1,none
12608,19,female,b.tech,2nd year,graduate,cloudy,5.45,8.75,81,0,festival
12612,17,male,pharmacy,4th year,no formal,cold,1.04,7.72,59,1,none
12613,22,female,bca,4th year,high school,cold,3.75,9.57,84,1,none
12614,20,female,pharmacy,2nd year,no formal,cold,0.57,8.85,34,0,sick
12615,23,female,diploma,4th year,phd,cold,5.91,9.48,41,1,none
12618,17,male,b.sc,1st year,high school,cold,3.73,7.55,77,1,none
12622,19,female,ba,2nd year,no formal,hot,0.5,9.94,84,1,none
12624,17,female,bca,2nd year,post graduate,rainy,1.48,9.15,17,0,festival
12628,18,female,ba,1st year,graduate,cold,1.06,7.95,13,1,none
12629,22,male,bba,1st year,high school,rainy,0.58,5.19,22,0,no reason
12630,17,female,bba,4th year,graduate,cold,5.18,7.03,39,1,none
12632,17,female,bba,2nd year,phd,rainy,3.84,4.46,86,0,personal work
12634,19,female,b.com,2nd year,high school,rainy,1.84,5.24,40,0,none
12635,22,female,b.com,2nd year,post graduate,cloudy,1.43,8.32,20,0,no reason
12636,24,male,bba,2nd year,phd,sunny,2.12,4.21,38,0,no reason
12637,20,female,b.tech,2nd year,post graduate,sunny,1.74,7.24,62,0,none
12638,22,male,diploma,4th year,no formal,cold,0.56,7.22,14,0,festival
12639,21,female,b.sc,1st year,post graduate,cold,4.18,6.78,25,0,project work
12642,18,male,bba,4th year,no formal,cold,2.55,8.64,9,1,none
12643,20,female,b.com,4th year,graduate,rainy,5.35,9.8,13,0,none
12644,22,male,ba,3rd year,post graduate,sunny,3.16,7.4,16,1,none
12645,23,male,ba,1st year,graduate,rainy,5.31,9.87,55,1,none
12647,17,female,b.tech,4th year,phd,cold,4.46,8.11,52,1,none
12648,21,male,b.sc,4th year,graduate,cold,2.46,5.91,9,1,none
12649,21,male,nursing,1st year,post graduate,cloudy,2.59,9.37,34,0,none
12650,19,male,b.tech,3rd year,no formal,hot,4.39,4.45,60,0,no reason
12651,18,female,bba,2nd year,no formal,rainy,1.09,5.79,80,0,no reason
12652,23,male,nursing,3rd year,high school,cold,1.05,4.25,38,0,personal work
12653,23,female,b.tech,3rd year,no formal,hot,1.02,9.66,37,0,sick
12654,22,female,pharmacy,4th year,graduate,sunny,1.73,4.41,57,0,project work
12655,21,female,bba,1st year,graduate,hot,0.37,8.06,76,0,project work
12656,19,male,ba,3rd year,no formal,cold,0.34,6.45,57,0,sick
12657,20,male,diploma,3rd year,post graduate,sunny,5.44,4.24,86,1,none
12658,17,male,diploma,2nd year,graduate,rainy,4.06,8.53,80,1,none
12659,18,male,bba,2nd year,high school,cold,3.9,8.73,72,1,none
12660,20,male,b.tech,2nd year,high school,rainy,5.62,5.6,50,0,sick
12661,20,male,pharmacy,3rd year,high school,cloudy,4.51,5.7,87,1,none
12663,24,female,nursing,4th year,phd,sunny,1.09,7.69,53,1,none
12664,19,male,ba,1st year,graduate,rainy,3.76,7.36,77,1,none
12671,20,male,ba,2nd year,graduate,cold,2.4,7.97,66,1,none
12673,20,male,diploma,1st year,post graduate,hot,1.15,9.19,63,0,project work
12674,21,male,b.sc,1st year,no formal,cloudy,2.27,8.85,43,0,personal work
12676,20,male,diploma,3rd year,post graduate,cloudy,1.85,6.82,70,0,travel
12677,18,female,bba,1st year,graduate,hot,0.3,6.0,82,0,personal work
12678,21,female,bba,4th year,post graduate,cloudy,0.78,7.93,30,0,travel
12679,22,male,bba,3rd year,post graduate,rainy,0.67,5.52,31,0,project work
12680,21,male,bba,2nd year,high school,cold,5.54,7.22,72,1,none
12681,23,female,nursing,2nd year,graduate,cold,5.55,8.71,25,0,festival
12682,24,female,nursing,1st year,no formal,sunny,5.37,6.98,80,0,personal work
12684,17,male,b.tech,3rd year,graduate,rainy,4.41,6.26,84,0,sick
12685,24,male,b.com,3rd year,high school,hot,5.11,9.0,84,1,none
12686,19,male,nursing,2nd year,graduate,rainy,1.64,4.85,76,0,travel
12687,20,male,bca,3rd year,no formal,sunny,4.06,8.18,26,0,travel
12688,20,female,ba,4th year,graduate,hot,2.94,8.2,9,0,festival
12689,19,female,bca,3rd year,phd,cloudy,0.96,4.06,63,0,project work
12690,24,female,bba,3rd year,high school,cold,4.35,5.99,45,1,none
12691,22,male,nursing,1st year,high school,cloudy,3.87,8.32,64,1,none
12692,24,male,bca,2nd year,graduate,cloudy,1.14,4.2,17,0,no reason
12693,24,female,bba,1st year,high school,sunny,5.52,4.61,23,1,none
12694,20,female,bca,2nd year,high school,hot,0.48,6.92,41,0,project work
12696,21,female,diploma,3rd year,post graduate,cold,3.53,7.58,80,0,festival
12698,22,male,b.tech,2nd year,high school,cold,1.22,8.8,84,0,personal work
12699,22,female,b.tech,4th year,post graduate,sunny,4.78,8.09,26,1,none
12700,24,male,b.tech,3rd year,graduate,cloudy,5.64,6.91,21,1,none
12701,23,male,b.tech,3rd year,high school,cold,1.13,6.93,72,1,none
12703,24,female,b.com,2nd year,phd,rainy,4.84,5.08,89,0,festival
12704,17,female,pharmacy,2nd year,phd,hot,2.83,5.46,73,1,none
12705,23,male,b.tech,3rd year,high school,sunny,0.54,7.31,72,1,none
12706,20,male,diploma,2nd year,phd,rainy,5.36,6.42,62,1,none
12708,23,female,nursing,4th year,no formal,hot,5.04,4.8,69,0,personal work
12710,24,female,b.tech,3rd year,phd,cloudy,0.84,6.22,74,0,festival
12711,20,female,ba,2nd year,no formal,cloudy,2.44,9.14,21,1,none
12712,19,female,bca,1st year,no formal,cloudy,4.82,9.23,12,1,none
12714,20,male,b.sc,4th year,phd,cold,0.7,8.5,72,0,none
12715,24,female,b.com,2nd year,high school,hot,0.45,9.94,79,1,none
12716,17,male,bca,1st year,graduate,hot,1.41,4.79,7,0,none
12717,21,female,diploma,3rd year,no formal,sunny,4.1,8.77,26,1,none
12720,21,female,nursing,1st year,graduate,cold,3.21,4.39,19,1,none
12721,19,male,ba,3rd year,phd,cloudy,0.69,4.85,67,1,none
12723,22,male,bba,4th year,graduate,sunny,4.7,8.99,76,1,none
12724,24,female,diploma,1st year,phd,cold,4.45,7.83,49,0,personal work
12726,20,male,b.com,3rd year,high school,sunny,1.46,9.72,60,0,sick
12727,18,female,ba,4th year,post graduate,sunny,5.64,8.2,78,1,none
12729,23,male,bca,4th year,no formal,cloudy,4.58,9.84,77,1,none
12730,24,female,pharmacy,2nd year,phd,rainy,1.75,5.53,58,0,personal work
12731,19,male,ba,2nd year,graduate,sunny,2.04,7.5,31,1,none
12733,20,female,bba,3rd year,phd,hot,1.05,6.12,88,1,none
12735,18,female,bba,3rd year,high school,sunny,0.93,4.17,41,0,travel
12736,20,female,bba,2nd year,no formal,sunny,4.7,8.04,19,1,none
12737,21,female,b.tech,4th year,no formal,sunny,0.09,7.69,66,0,none
12738,17,male,bba,1st year,graduate,hot,1.26,8.7,32,1,none
12739,22,male,b.sc,3rd year,high school,sunny,5.07,4.68,15,0,festival
12740,20,female,nursing,1st year,high school,sunny,4.7,6.82,35,1,none
12741,24,female,bba,2nd year,graduate,rainy,5.82,4.32,6,0,none
12742,19,male,b.com,3rd year,phd,sunny,1.01,5.12,19,0,project work
12743,17,female,b.tech,4th year,phd,sunny,3.92,6.83,18,0,no reason
12747,22,female,pharmacy,1st year,high school,cloudy,4.47,4.95,9,1,none
12748,23,female,b.sc,3rd year,phd,cloudy,2.9,6.39,13,0,none
12749,19,female,diploma,3rd year,high school,cold,3.04,6.72,63,0,travel
12750,22,male,bba,1st year,post graduate,cloudy,4.76,9.45,68,0,sick
12752,19,female,b.com,1st year,high school,sunny,2.91,8.39,11,1,none
12753,19,male,bba,3rd year,graduate,hot,4.75,5.91,43,1,none
12754,22,female,b.tech,1st year,phd,cold,1.8,5.52,21,0,festival
12755,24,male,bca,4th year,high school,hot,4.71,4.78,38,0,none
12756,19,female,ba,2nd year,post graduate,hot,5.23,7.67,66,1,none
12757,19,male,diploma,3rd year,no formal,rainy,2.48,7.51,59,0,project work
12758,23,male,bba,3rd year,phd,cloudy,0.99,7.91,33,1,none
12759,20,female,pharmacy,4th year,no formal,rainy,3.2,9.71,7,1,none
12760,21,male,b.tech,2nd year,post graduate,sunny,1.15,4.53,78,0,personal work
12762,18,male,bba,3rd year,no formal,cold,3.53,6.33,78,1,none
12763,23,male,b.com,1st year,graduate,rainy,5.37,8.83,8,1,none
12766,20,male,diploma,4th year,high school,sunny,5.51,6.7,27,0,sick
12767,23,male,pharmacy,3rd year,phd,hot,4.92,5.18,87,1,none
12768,21,male,nursing,4th year,no formal,sunny,0.69,8.9,58,1,none
12769,18,female,bca,4th year,phd,cloudy,3.36,9.85,32,1,none
12770,18,female,diploma,1st year,post graduate,cold,1.52,9.73,81,1,none
12771,24,female,nursing,3rd year,high school,hot,0.92,4.71,17,1,none
12772,21,male,pharmacy,3rd year,high school,cloudy,5.81,7.75,86,1,none
12773,19,male,diploma,2nd year,high school,cloudy,2.75,8.78,55,0,no reason
12774,18,female,pharmacy,1st year,graduate,sunny,1.34,7.09,46,1,none
12775,18,female,pharmacy,2nd year,phd,cloudy,1.41,9.8,57,0,project work
12776,24,male,b.sc,1st year,post graduate,cold,4.45,7.36,27,1,none
12777,24,female,bba,4th year,no formal,cold,5.08,5.39,66,0,project work
12778,20,female,ba,1st year,graduate,sunny,1.57,5.09,74,0,travel
12779,18,female,pharmacy,1st year,high school,hot,0.18,4.4,39,0,project work
12782,21,male,ba,1st year,graduate,hot,3.29,4.24,43,0,sick
12784,24,male,b.tech,1st year,high school,sunny,1.11,4.5,62,0,project work
12785,19,female,pharmacy,3rd year,high school,cold,3.05,8.66,8,1,none
12788,20,male,diploma,3rd year,phd,cloudy,4.87,5.51,37,1,none
12789,21,male,diploma,1st year,post graduate,cold,4.44,4.9,8,1,none
12790,17,male,b.sc,3rd year,post graduate,rainy,5.26,4.52,76,1,none
12791,23,male,bba,3rd year,phd,rainy,3.71,7.08,12,1,none
12792,20,male,bba,3rd year,graduate,cold,4.4,6.29,26,0,none
12793,23,female,diploma,1st year,no formal,hot,2.99,7.09,21,0,festival
12794,20,male,b.com,1st year,post graduate,hot,1.02,6.91,35,1,none
12795,18,female,diploma,1st year,no formal,cloudy,5.88,7.91,18,1,none
12797,21,female,diploma,2nd year,post graduate,cloudy,2.16,6.51,20,1,none
12798,21,male,nursing,1st year,phd,cold,1.67,7.43,51,1,none
12799,23,female,ba,1st year,high school,hot,5.85,8.18,68,0,project work
12800,24,female,ba,2nd year,high school,rainy,2.31,7.46,44,0,sick
12803,18,male,nursing,4th year,no formal,cold,1.86,6.6,87,0,personal work
12806,17,male,b.tech,3rd year,post graduate,rainy,2.43,9.59,87,0,no reason
12807,21,female,bba,2nd year,high school,rainy,4.62,7.56,78,0,sick
12808,18,male,b.com,1st year,phd,cold,4.98,6.56,37,1,none
12809,18,female,nursing,2nd year,high school,cloudy,3.25,8.14,72,0,none
12810,17,male,b.sc,3rd year,post graduate,hot,0.1,4.31,26,0,project work
12811,22,male,nursing,1st year,no formal,hot,5.37,7.44,35,1,none
12812,22,female,nursing,4th year,phd,sunny,2.1,9.11,52,1,none
12813,24,male,bba,3rd year,high school,cloudy,3.71,7.33,66,0,sick
12814,17,male,diploma,4th year,graduate,sunny,4.2,6.37,78,1,none
12815,18,female,bca,1st year,graduate,sunny,5.93,5.9,9,0,none
12816,20,female,diploma,1st year,graduate,sunny,3.05,4.7,61,1,none
12818,18,male,b.com,4th year,post graduate,cold,5.43,8.95,24,1,none
12819,18,female,diploma,3rd year,phd,rainy,0.79,4.22,16,0,no reason
12820,20,male,pharmacy,1st year,high school,sunny,5.46,6.12,67,1,none
12821,17,male,b.com,2nd year,post graduate,cold,2.0,8.77,24,0,sick
12822,20,male,b.com,4th year,graduate,cloudy,4.05,5.66,14,1,none
12825,20,female,nursing,2nd year,phd,rainy,1.84,4.59,52,0,none
12826,20,female,ba,4th year,post graduate,rainy,5.57,5.03,65,1,none
12828,21,female,diploma,1st year,no formal,sunny,1.98,4.64,30,1,none
12829,21,female,ba,2nd year,post graduate,cold,3.61,8.37,45,1,none
12830,24,female,nursing,2nd year,graduate,hot,3.71,8.97,46,0,project work
12831,18,female,pharmacy,3rd year,graduate,cold,4.93,4.06,77,1,none
12832,17,female,nursing,3rd year,phd,hot,0.17,6.45,28,0,festival
12833,20,female,bba,3rd year,high school,rainy,2.58,7.41,17,1,none
12834,19,male,b.sc,1st year,high school,cold,2.87,8.2,73,0,project work
12837,24,female,diploma,4th year,phd,rainy,5.43,6.65,19,0,travel
12839,22,male,b.tech,4th year,high school,cloudy,1.54,5.12,51,1,none
12840,17,female,pharmacy,4th year,no formal,sunny,3.43,9.18,51,1,none
12845,22,female,bba,1st year,high school,sunny,5.17,5.64,8,0,personal work
12846,20,female,nursing,3rd year,phd,cloudy,2.2,4.75,55,0,personal work
12847,23,female,b.com,4th year,high school,rainy,4.6,8.26,61,0,sick
12850,24,female,nursing,2nd year,high school,cloudy,1.93,6.68,14,0,travel
12851,17,male,bca,2nd year,high school,rainy,4.14,7.66,10,1,none
12853,17,male,bca,2nd year,post graduate,sunny,4.67,7.07,9,1,none
12854,18,female,b.tech,2nd year,no formal,rainy,3.58,8.31,18,1,none
12855,20,male,ba,1st year,high school,hot,4.64,7.42,61,1,none
12856,18,male,nursing,1st year,phd,cold,0.44,8.24,85,0,no reason
12857,20,male,ba,4th year,graduate,rainy,0.59,6.38,18,1,none
12858,24,male,pharmacy,4th year,no formal,cloudy,0.19,5.18,42,1,none
12859,18,male,bba,1st year,high school,cloudy,5.04,6.94,29,1,none
12860,24,male,pharmacy,1st year,graduate,hot,4.68,5.21,28,0,project work
12863,20,male,pharmacy,4th year,graduate,sunny,5.59,9.61,70,1,none
12864,19,female,b.com,3rd year,graduate,rainy,4.69,7.25,58,0,project work
12868,21,female,b.sc,4th year,no formal,hot,0.3,9.91,59,1,none
12869,21,male,pharmacy,4th year,post graduate,rainy,3.94,8.87,54,0,travel
12870,22,male,ba,2nd year,graduate,cloudy,2.53,5.55,29,0,project work
12872,17,male,b.sc,4th year,high school,sunny,5.75,8.28,58,1,none
12873,21,female,b.tech,2nd year,high school,hot,5.71,6.29,47,1,none
12874,23,female,bca,2nd year,post graduate,hot,4.97,5.07,8,0,none
12877,23,female,pharmacy,1st year,high school,sunny,5.04,8.94,78,0,festival
12878,18,female,bba,4th year,high school,cloudy,2.01,4.45,40,0,sick
12879,21,female,b.tech,1st year,graduate,sunny,1.41,4.32,88,0,festival
12881,20,male,b.sc,3rd year,high school,cloudy,1.41,6.91,45,0,no reason
12884,22,male,nursing,1st year,high school,sunny,1.09,4.26,39,1,none
12885,23,male,nursing,3rd year,no formal,hot,4.42,6.06,87,0,none
12886,23,female,pharmacy,1st year,phd,hot,3.83,4.51,78,0,travel
12888,23,female,ba,2nd year,no formal,cold,3.53,6.59,43,0,no reason
12889,18,male,ba,2nd year,high school,rainy,2.79,4.6,46,0,none
12890,17,female,ba,2nd year,no formal,hot,4.97,8.91,39,1,none
12891,18,female,b.com,3rd year,phd,cold,4.08,4.49,23,1,none
12893,22,female,pharmacy,1st year,phd,cold,4.84,6.38,82,1,none
12894,21,male,pharmacy,1st year,high school,hot,1.61,8.69,68,0,project work
12895,20,male,diploma,4th year,phd,rainy,1.05,7.56,70,1,none
12896,17,male,bba,4th year,phd,sunny,2.36,6.4,49,0,project work
12897,22,male,bba,2nd year,post graduate,cloudy,5.15,8.9,42,1,none
12898,19,female,diploma,1st year,graduate,rainy,4.99,6.91,8,1,none
12899,23,male,nursing,4th year,phd,cold,3.52,4.94,77,0,no reason
12900,17,male,ba,3rd year,graduate,hot,1.23,9.94,80,1,none
12902,17,female,pharmacy,2nd year,no formal,rainy,1.56,5.02,53,0,sick
12904,24,female,b.com,2nd year,high school,hot,0.17,8.06,36,0,festival
12905,20,male,b.com,2nd year,post graduate,cloudy,1.06,9.25,41,0,project work
12907,19,female,b.tech,2nd year,graduate,hot,5.41,8.79,34,1,none
12909,22,male,ba,2nd year,high school,cold,5.18,8.24,30,1,none
12912,22,male,bba,3rd year,post graduate,cold,5.15,8.4,56,0,travel
12916,23,male,b.sc,3rd year,post graduate,rainy,3.06,4.48,67,0,no reason
12919,22,female,diploma,4th year,no formal,cloudy,1.19,6.56,8,1,none
12920,24,female,nursing,3rd year,phd,rainy,5.27,8.8,40,1,none
12921,18,male,bba,4th year,no formal,sunny,0.88,7.44,14,0,no reason
12922,18,female,b.com,2nd year,phd,rainy,5.16,8.43,36,1,none
12925,22,male,b.sc,1st year,graduate,rainy,3.41,7.9,41,1,none
12926,22,male,nursing,1st year,high school,rainy,1.45,4.45,78,0,personal work
12927,19,male,pharmacy,3rd year,high school,hot,2.77,9.5,30,0,travel
12928,17,female,nursing,1st year,high school,rainy,5.62,4.54,67,1,none
12929,21,male,bca,1st year,phd,rainy,4.33,6.15,61,1,none
12932,19,male,b.sc,1st year,post graduate,cloudy,3.81,9.9,10,1,none
12937,24,female,b.tech,1st year,post graduate,cold,4.27,9.12,46,1,none
12939,23,male,diploma,4th year,phd,sunny,0.41,5.93,55,0,travel
12941,20,female,b.tech,1st year,phd,rainy,3.14,7.23,59,0,sick
12944,23,female,nursing,1st year,post graduate,cloudy,1.63,4.69,5,0,no reason
12945,24,male,b.com,1st year,high school,sunny,0.79,4.21,21,0,sick
12946,22,male,b.sc,4th year,phd,cold,2.31,6.12,60,1,none
12949,17,female,bba,4th year,post graduate,sunny,1.97,6.71,71,1,none
12952,24,female,pharmacy,4th year,no formal,sunny,1.41,9.0,20,1,none
12955,20,female,nursing,1st year,post graduate,hot,4.61,9.94,87,0,no reason
12956,20,male,ba,4th year,graduate,cold,3.38,7.89,26,1,none
12958,20,female,pharmacy,1st year,post graduate,hot,2.27,5.14,32,0,festival
12959,19,female,pharmacy,1st year,high school,cloudy,0.09,4.94,78,0,festival
12962,17,male,ba,1st year,phd,rainy,0.33,9.3,60,0,none
12964,24,male,pharmacy,3rd year,phd,rainy,4.13,4.62,18,0,sick
12965,23,female,nursing,3rd year,phd,cold,4.5,4.33,41,0,none
12967,22,male,b.com,1st year,post graduate,cloudy,4.53,6.26,20,1,none
12968,17,male,ba,1st year,post graduate,cloudy,4.35,8.36,23,0,none
12970,22,female,b.sc,3rd year,no formal,cold,0.59,5.48,42,0,personal work
12972,24,female,diploma,4th year,high school,hot,3.22,8.97,5,0,festival
12973,19,female,diploma,1st year,high school,hot,3.36,6.61,23,0,no reason
12974,17,female,b.sc,1st year,high school,hot,2.22,5.07,82,1,none
12976,20,female,b.sc,1st year,graduate,rainy,2.0,7.58,80,0,festival
12977,17,female,b.com,3rd year,post graduate,rainy,0.19,5.42,35,0,festival
12978,19,female,b.com,4th year,phd,sunny,4.39,7.49,15,1,none
12979,24,female,b.sc,4th year,no formal,sunny,3.9,8.77,18,1,none
12980,19,female,diploma,2nd year,graduate,rainy,0.35,8.73,78,0,personal work
12981,19,female,b.tech,2nd year,graduate,rainy,3.91,9.12,45,0,festival
12983,22,male,bba,1st year,phd,rainy,3.52,9.9,88,0,none
12984,19,female,bca,3rd year,high school,cloudy,1.06,7.67,14,0,personal work
12985,23,female,b.sc,2nd year,post graduate,cloudy,4.57,8.67,77,1,none
12987,18,female,nursing,3rd year,high school,cloudy,5.29,5.42,12,1,none
12988,19,female,ba,4th year,graduate,cold,2.73,6.24,53,0,travel
12989,23,male,pharmacy,2nd year,no formal,cold,4.64,8.46,39,1,none
12990,17,female,ba,2nd year,no formal,rainy,3.44,8.96,46,0,none
12991,17,male,diploma,1st year,graduate,hot,4.87,6.48,82,0,festival
12992,22,male,b.sc,3rd year,phd,rainy,2.38,7.01,40,0,no reason
12994,19,female,bba,2nd year,post graduate,cold,5.79,8.98,71,1,none
12996,18,male,diploma,2nd year,graduate,sunny,2.87,5.87,82,0,project work
12998,18,female,b.sc,1st year,high school,sunny,3.54,9.64,11,1,none
12999,21,male,bca,3rd year,high school,sunny,4.87,5.75,67,1,none
13000,22,female,diploma,3rd year,phd,sunny,3.48,7.49,63,1,none
13003,19,male,bca,3rd year,graduate,hot,3.39,9.36,69,0,project work
13005,21,male,ba,1st year,phd,sunny,3.82,4.53,48,1,none
13006,21,male,bba,3rd year,post graduate,sunny,2.36,6.51,54,1,none
13008,24,female,pharmacy,2nd year,high school,cloudy,0.83,9.94,32,1,none
13009,23,female,bca,2nd year,graduate,sunny,2.54,4.22,29,1,none
13013,24,male,diploma,1st year,graduate,cloudy,5.44,9.42,38,1,none
13015,17,male,ba,2nd year,high school,sunny,4.93,9.45,24,1,none
13017,21,female,bca,2nd year,graduate,cold,4.49,6.14,33,1,none
13018,24,female,nursing,3rd year,no formal,rainy,1.71,5.09,86,0,project work
13019,21,male,nursing,4th year,post graduate,sunny,0.62,6.74,33,0,personal work
13021,23,male,diploma,2nd year,no formal,hot,3.89,5.83,64,1,none
13022,17,female,b.tech,3rd year,post graduate,sunny,4.83,8.29,48,1,none
13023,18,male,bba,2nd year,high school,rainy,2.91,9.4,26,1,none
13025,18,male,ba,3rd year,no formal,rainy,4.71,9.06,83,1,none
13028,18,female,nursing,4th year,high school,sunny,5.83,7.44,35,1,none
13029,18,male,pharmacy,3rd year,graduate,cloudy,5.39,5.08,78,0,project work
13030,17,male,bba,3rd year,high school,hot,5.06,5.36,72,0,personal work
13031,20,female,b.sc,3rd year,no formal,cold,2.57,6.15,49,1,none
13032,22,female,diploma,2nd year,no formal,cloudy,0.42,5.01,89,0,travel
13033,22,female,nursing,3rd year,no formal,sunny,4.07,5.05,47,1,none
13034,24,male,ba,4th year,phd,rainy,4.37,9.8,41,1,none
13035,22,female,b.sc,3rd year,phd,rainy,3.64,5.91,31,1,none
13036,23,male,bba,4th year,post graduate,sunny,3.58,9.93,39,1,none
13037,18,female,pharmacy,1st year,graduate,rainy,3.9,9.48,53,1,none
13038,19,male,bba,3rd year,phd,cold,0.63,7.71,82,1,none
13039,19,female,bba,3rd year,phd,hot,3.62,6.48,30,1,none
13040,17,female,ba,4th year,graduate,hot,5.89,6.71,57,1,none
13042,18,female,ba,1st year,no formal,hot,0.93,4.66,8,0,travel
13043,20,male,diploma,2nd year,no formal,hot,4.67,6.57,58,1,none
13044,19,male,pharmacy,4th year,phd,cloudy,0.67,9.42,43,1,none
13047,18,male,nursing,3rd year,graduate,cold,5.05,7.71,75,1,none
13049,19,female,b.tech,3rd year,no formal,rainy,1.58,7.92,74,1,none
13050,18,male,ba,3rd year,graduate,cloudy,1.89,5.72,84,1,none
13051,24,female,b.com,2nd year,no formal,sunny,1.78,9.74,85,0,personal work
13053,19,male,b.com,4th year,high school,cloudy,2.89,6.7,61,1,none
13055,17,male,diploma,1st year,high school,cold,1.59,5.54,65,1,none
13057,21,male,diploma,1st year,high school,cold,4.03,8.74,59,1,none
13058,18,male,ba,1st year,graduate,hot,0.49,6.33,69,0,travel
13059,17,male,b.com,1st year,high school,hot,2.55,6.91,52,1,none
13061,19,female,nursing,3rd year,graduate,rainy,5.34,6.34,14,1,none
13063,24,male,b.com,3rd year,high school,sunny,5.79,8.27,35,1,none
13066,23,female,bca,2nd year,no formal,sunny,1.16,7.38,24,1,none
13068,21,male,bca,3rd year,post graduate,rainy,2.26,9.66,6,1,none
13069,20,male,diploma,3rd year,post graduate,cloudy,2.92,9.53,23,1,none
13070,21,male,b.com,2nd year,high school,rainy,5.92,7.5,57,1,none
13071,18,male,b.tech,1st year,post graduate,rainy,4.07,9.47,66,0,no reason
13073,17,female,pharmacy,4th year,graduate,cloudy,5.9,4.4,29,1,none
13074,24,female,pharmacy,1st year,phd,sunny,1.52,8.52,28,1,none
13077,21,female,bca,2nd year,high school,cloudy,4.29,6.38,29,1,none
13078,24,female,ba,4th year,high school,rainy,5.53,8.44,73,1,none
13079,22,male,b.com,2nd year,high school,cloudy,4.32,6.06,53,1,none
13082,18,female,pharmacy,1st year,phd,rainy,4.91,7.53,85,0,sick
13083,18,female,nursing,3rd year,graduate,cloudy,4.94,7.71,88,1,none
13085,24,female,bba,4th year,post graduate,hot,3.47,7.44,6,1,none
13086,22,female,bba,1st year,phd,sunny,1.75,8.64,89,0,festival
13088,22,female,ba,3rd year,no formal,cloudy,1.6,8.94,31,0,sick
13090,17,male,b.tech,2nd year,phd,rainy,3.56,7.72,74,1,none
13091,23,female,ba,2nd year,phd,hot,4.74,8.08,21,0,project work
13092,24,female,ba,1st year,phd,sunny,3.59,8.64,56,1,none
13093,17,male,b.com,3rd year,high school,rainy,1.35,8.63,5,0,no reason
13095,21,female,diploma,2nd year,post graduate,cloudy,3.65,8.71,45,1,none
13097,22,male,ba,4th year,no formal,rainy,0.74,6.87,61,0,festival
13098,24,female,b.tech,4th year,phd,sunny,3.35,9.31,70,1,none
13099,19,female,nursing,3rd year,post graduate,cold,0.25,6.93,19,1,none
13100,19,female,pharmacy,1st year,graduate,rainy,5.83,6.92,23,0,festival
13101,23,male,bba,2nd year,post graduate,cloudy,1.75,4.62,27,0,sick
13102,19,male,pharmacy,3rd year,high school,cloudy,2.14,9.23,62,0,none
13103,18,female,bca,4th year,high school,rainy,3.1,8.58,73,0,no reason
13104,17,male,nursing,2nd year,no formal,cold,0.81,9.3,44,1,none
13106,24,female,bca,3rd year,high school,rainy,3.04,5.66,71,1,none
13108,23,male,diploma,1st year,graduate,rainy,0.59,8.2,20,1,none
13110,18,female,b.com,1st year,high school,rainy,3.37,9.77,7,0,personal work
13111,20,male,bba,1st year,graduate,rainy,5.66,5.79,75,1,none
13113,23,male,bba,1st year,phd,cold,4.91,5.2,10,1,none
13114,22,male,nursing,2nd year,high school,cold,3.55,8.16,76,1,none
13115,18,female,nursing,3rd year,graduate,cold,1.67,8.89,12,1,none
13117,24,male,nursing,1st year,high school,cold,0.87,6.94,58,0,project work
13118,22,female,b.com,3rd year,post graduate,cloudy,5.02,7.02,6,1,none
13119,18,male,diploma,4th year,graduate,sunny,2.59,4.42,58,0,no reason
13120,18,male,ba,3rd year,no formal,sunny,2.76,8.96,20,0,sick
13122,20,male,b.sc,4th year,no formal,hot,4.0,5.2,68,1,none
13123,19,female,b.com,2nd year,graduate,rainy,3.13,4.15,55,0,personal work
13124,17,female,pharmacy,1st year,high school,cloudy,3.43,5.8,6,1,none
13125,17,male,b.com,3rd year,no formal,hot,4.38,4.88,59,1,none
13127,24,female,b.com,1st year,post graduate,cloudy,0.88,9.67,7,1,none
13128,21,female,b.com,2nd year,high school,cold,2.98,6.16,83,0,festival
13130,24,female,nursing,2nd year,phd,hot,2.7,9.6,51,1,none
13132,22,male,pharmacy,2nd year,phd,rainy,4.89,5.95,28,0,sick
13133,21,male,b.tech,3rd year,graduate,rainy,0.29,5.11,46,0,festival
13134,23,male,b.tech,3rd year,post graduate,cold,3.32,6.22,49,0,travel
13135,21,female,pharmacy,2nd year,phd,hot,4.98,4.64,16,0,personal work
13138,23,female,b.sc,2nd year,no formal,cold,2.28,8.31,83,1,none
13139,24,male,b.com,3rd year,post graduate,sunny,0.05,4.06,40,1,none
13140,19,female,b.tech,1st year,post graduate,cold,4.41,9.52,15,0,sick
13141,22,female,ba,4th year,phd,rainy,2.37,8.03,52,1,none
13142,17,female,b.com,3rd year,post graduate,hot,3.8,4.87,67,1,none
13144,24,female,diploma,1st year,post graduate,cold,4.75,4.22,28,0,sick
13146,19,female,bba,1st year,phd,hot,0.99,6.22,32,0,sick
13147,21,male,b.com,1st year,post graduate,sunny,5.01,9.09,86,1,none
13148,19,male,bca,3rd year,phd,rainy,2.55,5.25,9,0,none
13150,18,female,bba,1st year,no formal,cold,0.24,5.8,84,0,travel
13151,21,male,nursing,2nd year,post graduate,cold,4.59,7.72,52,0,no reason
13152,18,male,b.sc,4th year,post graduate,sunny,5.02,6.83,36,1,none
13153,20,male,ba,2nd year,no formal,hot,3.24,6.84,6,0,none
13155,23,male,diploma,1st year,high school,sunny,3.95,6.98,5,1,none
13156,20,male,bba,3rd year,graduate,cloudy,0.74,5.69,56,0,sick
13157,24,female,diploma,1st year,post graduate,hot,5.27,4.19,57,1,none
13158,17,female,nursing,1st year,phd,hot,3.33,9.89,59,0,festival
13159,24,male,nursing,2nd year,no formal,sunny,1.66,7.37,73,1,none
13160,19,male,bca,2nd year,phd,rainy,2.86,9.02,32,1,none
13162,24,male,b.tech,4th year,graduate,cloudy,5.43,5.86,19,1,none
13164,21,female,nursing,1st year,graduate,hot,5.68,8.66,32,0,personal work
13165,22,male,b.tech,2nd year,phd,hot,5.45,6.72,62,0,travel
13166,18,male,nursing,1st year,post graduate,sunny,2.34,8.07,40,1,none
13168,19,female,nursing,3rd year,phd,cold,1.06,9.35,7,0,travel
13171,19,male,nursing,2nd year,high school,hot,2.61,5.99,75,1,none
13172,21,male,nursing,4th year,post graduate,cloudy,4.77,9.51,47,1,none
13174,17,male,pharmacy,2nd year,phd,cold,2.18,9.67,57,0,travel
13176,23,male,b.com,1st year,post graduate,rainy,0.84,7.75,30,1,none
13179,21,female,pharmacy,3rd year,phd,cold,0.3,8.44,59,0,project work
13184,20,female,bca,3rd year,high school,rainy,3.41,7.71,43,0,festival
13185,20,male,pharmacy,3rd year,post graduate,hot,4.52,7.78,49,0,no reason
13187,23,male,diploma,2nd year,no formal,cold,5.62,6.2,27,1,none
13188,24,female,nursing,1st year,phd,cold,0.95,4.65,60,1,none
13189,24,female,bba,4th year,phd,sunny,3.14,7.01,71,0,travel
13190,23,female,b.sc,4th year,graduate,hot,5.64,7.68,10,0,none
13191,19,female,bba,3rd year,high school,cloudy,3.19,6.78,88,1,none
13192,23,female,b.tech,3rd year,graduate,hot,5.34,8.98,34,0,project work
13193,18,male,diploma,1st year,high school,hot,5.93,7.93,32,1,none
13195,19,male,ba,4th year,high school,hot,2.79,8.0,13,0,no reason
13196,20,female,b.tech,1st year,no formal,cold,1.95,4.37,55,0,none
13198,17,female,ba,4th year,phd,cold,4.81,9.59,77,0,travel
13200,21,female,bba,2nd year,phd,cold,4.2,6.52,38,1,none
13201,17,male,bca,2nd year,phd,hot,0.32,6.41,65,0,none
13203,17,male,diploma,2nd year,phd,cold,4.64,8.83,57,1,none
13205,19,male,pharmacy,3rd year,phd,rainy,5.56,7.69,28,0,festival
13207,18,male,b.tech,1st year,post graduate,hot,3.48,7.85,70,0,festival
13209,22,female,b.tech,3rd year,no formal,rainy,3.09,5.27,68,0,sick
13210,17,male,bba,4th year,high school,sunny,0.93,6.85,71,1,none
13211,17,male,nursing,1st year,phd,sunny,1.61,8.99,45,0,project work
13212,21,male,ba,4th year,phd,rainy,1.73,4.11,64,0,no reason
13214,17,female,b.com,1st year,graduate,hot,1.99,5.06,17,0,travel
13215,18,male,diploma,2nd year,graduate,cloudy,5.35,9.85,58,1,none
13216,21,male,bca,2nd year,graduate,cloudy,3.2,6.83,19,1,none
13217,17,male,bba,4th year,post graduate,cold,0.82,5.9,84,0,festival
13218,19,male,bba,1st year,high school,cold,0.05,8.77,50,0,project work
13220,20,female,pharmacy,4th year,post graduate,sunny,3.32,9.57,54,1,none
13221,22,female,b.com,2nd year,post graduate,sunny,2.8,7.19,76,0,project work
13222,20,male,nursing,3rd year,no formal,rainy,4.41,5.21,75,0,no reason
13223,19,female,diploma,3rd year,phd,sunny,3.45,9.68,31,0,personal work
13224,20,female,b.tech,4th year,graduate,cold,4.88,7.94,50,1,none
13225,21,male,b.sc,1st year,phd,cold,3.33,4.29,52,1,none
13226,18,female,bba,4th year,graduate,cold,1.63,4.36,30,0,personal work
13227,17,female,b.sc,2nd year,post graduate,rainy,0.21,9.57,41,1,none
13229,24,female,ba,4th year,phd,cold,5.14,6.22,5,0,personal work
13230,22,male,nursing,4th year,no formal,cloudy,5.32,6.39,21,1,none
13232,19,female,b.tech,2nd year,post graduate,rainy,1.17,9.77,79,1,none
13233,20,female,bca,3rd year,high school,sunny,2.93,8.0,85,1,none
13236,24,male,nursing,3rd year,phd,sunny,2.55,4.29,64,0,travel
13237,18,female,diploma,4th year,graduate,sunny,0.57,9.09,67,0,personal work
13238,17,male,b.tech,2nd year,post graduate,hot,0.44,5.0,13,0,no reason
13240,21,male,diploma,3rd year,no formal,sunny,3.42,9.18,47,1,none
13242,19,male,pharmacy,2nd year,high school,cold,1.49,8.65,59,0,travel
13243,19,female,pharmacy,3rd year,graduate,hot,1.18,4.4,47,0,festival
13244,18,male,nursing,3rd year,post graduate,sunny,2.48,5.3,14,1,none
13246,17,female,bca,2nd year,phd,cold,4.92,7.84,46,0,none
13247,20,female,nursing,4th year,post graduate,hot,2.1,6.39,89,0,project work
13248,21,female,b.tech,3rd year,post graduate,hot,1.24,9.69,73,1,none
13249,17,male,b.com,3rd year,phd,sunny,3.29,9.22,62,1,none
13250,18,female,bca,1st year,no formal,hot,3.58,5.56,83,0,project work
13252,24,female,nursing,3rd year,phd,cloudy,4.02,6.69,29,0,sick
13253,22,male,b.sc,1st year,post graduate,cloudy,3.62,4.93,65,0,festival
13255,21,female,b.com,3rd year,no formal,hot,1.41,9.04,88,0,no reason
13256,19,male,bba,4th year,high school,sunny,1.95,8.66,18,1,none
13257,18,male,b.tech,4th year,graduate,cold,0.94,7.86,40,0,travel
13258,20,male,nursing,2nd year,no formal,cold,5.9,5.39,41,1,none
13259,22,male,nursing,4th year,phd,rainy,5.92,5.47,66,0,project work
13261,22,male,b.sc,4th year,phd,rainy,4.97,8.34,48,1,none
13262,21,male,b.com,1st year,graduate,cloudy,5.06,5.6,59,0,project work
13263,17,male,b.com,3rd year,high school,cloudy,0.42,7.11,59,0,project work
13264,22,male,bca,4th year,no formal,cloudy,3.59,5.22,64,0,travel
13265,24,male,nursing,4th year,phd,rainy,2.58,8.28,25,1,none
13266,22,female,nursing,4th year,post graduate,sunny,4.29,4.95,14,0,project work
13267,21,male,pharmacy,1st year,phd,sunny,3.96,7.07,73,1,none
13269,23,female,b.sc,1st year,no formal,cloudy,3.4,9.86,44,1,none
13270,20,male,ba,2nd year,high school,rainy,4.47,5.2,7,0,none
13271,19,female,b.com,1st year,high school,cloudy,5.01,9.72,47,0,no reason
13272,20,male,b.tech,4th year,high school,hot,0.91,9.86,27,1,none
13274,24,female,bca,1st year,phd,rainy,3.9,8.67,26,1,none
13276,19,female,nursing,4th year,graduate,cold,3.96,6.89,79,0,none
13277,23,male,bca,4th year,post graduate,sunny,0.58,4.25,58,0,festival
13278,17,male,b.tech,2nd year,high school,hot,3.25,6.48,9,1,none
13279,20,female,ba,4th year,graduate,cloudy,0.48,4.82,10,1,none
13281,17,female,diploma,3rd year,graduate,hot,3.33,8.11,16,1,none
13283,23,female,nursing,4th year,graduate,rainy,0.64,6.17,14,1,none
13284,21,male,b.tech,1st year,high school,sunny,1.65,9.0,35,1,none
13285,18,female,b.sc,2nd year,no formal,hot,5.64,4.22,65,1,none
13286,22,male,pharmacy,1st year,no formal,hot,5.59,5.39,83,0,festival
13288,22,male,nursing,1st year,phd,hot,0.65,4.85,64,0,sick
13289,22,female,nursing,4th year,phd,hot,0.45,8.95,89,1,none
13290,17,female,b.sc,3rd year,no formal,hot,2.23,8.25,56,1,none
13291,17,female,diploma,2nd year,post graduate,hot,0.09,8.63,10,1,none
13292,17,female,b.sc,3rd year,post graduate,cloudy,3.24,8.36,22,1,none
13295,17,male,diploma,2nd year,post graduate,cold,2.91,5.8,74,0,none
13301,22,male,ba,2nd year,graduate,rainy,5.38,4.09,74,1,none
13304,22,male,bba,2nd year,no formal,cold,5.18,7.32,14,1,none
13307,21,female,b.sc,2nd year,post graduate,rainy,3.43,4.98,34,1,none
13309,21,male,nursing,4th year,phd,cold,1.87,4.06,57,0,personal work
13312,18,male,diploma,4th year,high school,cloudy,0.58,5.68,22,0,festival
13313,21,female,nursing,2nd year,high school,rainy,0.57,9.04,87,1,none
13314,23,female,b.tech,2nd year,graduate,cold,3.9,4.38,82,0,personal work
13315,24,male,pharmacy,3rd year,post graduate,cold,1.19,4.91,17,0,no reason
13317,23,female,pharmacy,2nd year,phd,hot,2.61,8.77,26,0,festival
13318,19,male,bba,3rd year,post graduate,cold,2.25,9.0,42,0,no reason
13319,20,female,nursing,2nd year,high school,sunny,2.8,4.68,42,0,personal work
13320,20,male,b.tech,2nd year,high school,sunny,4.48,4.98,68,1,none
13321,19,male,ba,1st year,phd,cloudy,4.06,9.02,20,1,none
13324,19,male,diploma,3rd year,no formal,cloudy,3.16,7.3,74,1,none
13325,18,male,b.com,3rd year,no formal,cloudy,5.77,5.8,8,0,travel
13327,23,female,bca,4th year,high school,cloudy,5.07,8.97,54,1,none
13328,24,male,nursing,2nd year,post graduate,sunny,1.52,7.07,18,0,no reason
13330,22,male,nursing,4th year,graduate,rainy,2.41,8.95,27,0,no reason
13331,22,male,ba,1st year,no formal,cold,5.92,5.55,26,0,sick
13332,23,female,ba,4th year,high school,rainy,5.9,9.7,84,1,none
13334,24,female,b.tech,1st year,high school,cloudy,3.04,9.04,19,1,none
13335,20,female,diploma,2nd year,phd,cloudy,1.85,7.28,35,1,none
13336,17,male,b.tech,3rd year,post graduate,cloudy,2.57,4.43,20,0,project work
13337,18,female,b.sc,3rd year,post graduate,rainy,5.56,5.9,17,1,none
13339,23,female,ba,3rd year,post graduate,sunny,2.31,5.74,32,0,project work
13340,17,male,b.sc,3rd year,graduate,hot,4.21,4.28,12,0,no reason
13342,18,male,nursing,4th year,graduate,sunny,0.27,9.12,25,1,none
13345,21,male,pharmacy,2nd year,post graduate,cloudy,5.43,5.49,22,0,personal work
13346,20,male,pharmacy,4th year,graduate,cold,5.56,9.43,7,1,none
13347,20,female,bca,4th year,phd,cold,3.81,9.75,8,0,no reason
13349,22,female,nursing,2nd year,post graduate,cloudy,2.84,5.5,40,1,none
13350,17,male,diploma,4th year,graduate,sunny,5.41,7.56,7,1,none
13352,19,male,b.sc,4th year,graduate,sunny,4.76,6.3,12,1,none
13355,24,female,diploma,1st year,post graduate,rainy,1.34,8.16,26,0,festival
13356,22,male,pharmacy,1st year,post graduate,hot,3.08,9.94,16,1,none
13359,20,female,nursing,2nd year,high school,cloudy,4.77,9.18,7,0,sick
13360,21,male,b.tech,1st year,phd,sunny,0.56,9.92,55,1,none
13361,22,male,pharmacy,4th year,graduate,cloudy,0.82,9.86,59,1,none
13362,18,male,b.tech,1st year,graduate,cloudy,3.0,9.57,82,0,none
13363,24,female,b.com,3rd year,graduate,cloudy,2.94,8.67,56,0,none
13364,20,female,b.tech,1st year,high school,sunny,1.82,8.92,79,0,none
13365,21,female,diploma,3rd year,no formal,rainy,2.01,8.46,44,1,none
13366,17,female,ba,1st year,high school,rainy,1.6,8.63,23,0,travel
13367,23,female,ba,2nd year,high school,sunny,3.07,6.46,18,1,none
13368,21,male,bba,2nd year,no formal,cold,0.95,9.54,36,1,none
13369,18,female,b.com,4th year,no formal,cloudy,5.92,7.19,38,1,none
13374,23,male,diploma,2nd year,phd,hot,0.95,6.71,88,1,none
13375,24,male,pharmacy,3rd year,post graduate,hot,4.26,6.13,50,0,no reason
13376,19,female,bba,3rd year,no formal,cloudy,3.9,4.06,77,0,project work
13377,21,female,b.com,4th year,post graduate,rainy,0.96,9.53,57,1,none
13381,20,male,ba,2nd year,graduate,hot,5.23,7.56,46,0,none
13385,24,female,bca,2nd year,post graduate,cold,5.14,6.28,39,1,none
13386,24,male,b.tech,1st year,phd,sunny,4.89,6.15,44,0,project work
13387,23,male,diploma,4th year,post graduate,rainy,2.11,7.8,9,1,none
13391,19,female,pharmacy,3rd year,high school,cloudy,2.69,6.47,9,0,personal work
13392,22,female,b.tech,4th year,graduate,rainy,4.75,5.67,53,0,project work
13393,19,male,b.tech,2nd year,graduate,rainy,5.47,7.43,47,1,none
13394,20,female,b.com,1st year,post graduate,cold,4.4,5.1,28,0,none
13395,17,male,bba,2nd year,post graduate,rainy,2.11,4.13,56,0,project work
13398,21,male,pharmacy,4th year,no formal,rainy,0.29,9.53,73,0,none
13401,18,female,b.tech,4th year,graduate,hot,0.7,9.21,26,1,none
13402,19,female,diploma,1st year,post graduate,cold,2.97,9.27,75,0,none
13403,21,male,b.sc,2nd year,graduate,hot,1.72,6.68,89,0,project work
13405,24,male,diploma,4th year,phd,cloudy,4.4,5.76,18,0,sick
13407,17,female,ba,3rd year,post graduate,hot,5.63,4.65,81,0,travel
13409,20,female,diploma,1st year,no formal,rainy,5.77,6.43,81,0,sick
13411,20,female,pharmacy,2nd year,graduate,cloudy,5.53,7.75,80,1,none
13412,20,female,diploma,3rd year,post graduate,sunny,5.78,9.79,86,1,none
13413,18,female,bba,1st year,post graduate,sunny,3.54,9.94,41,0,festival
13415,21,female,bba,1st year,post graduate,cold,4.92,4.16,30,1,none
13416,21,female,ba,3rd year,phd,sunny,2.45,6.42,81,1,none
13417,21,female,pharmacy,4th year,graduate,rainy,2.14,9.25,55,1,none
13418,20,female,bca,1st year,post graduate,rainy,5.5,7.43,13,0,festival
13419,18,female,diploma,4th year,no formal,cloudy,5.21,4.06,76,0,no reason
13420,18,female,ba,3rd year,post graduate,sunny,3.27,6.06,42,1,none
13421,18,male,b.sc,1st year,phd,hot,1.54,7.59,81,1,none
13423,23,female,nursing,1st year,graduate,cold,0.63,7.61,49,0,project work
13425,19,female,bba,2nd year,no formal,sunny,3.6,9.94,66,1,none
13426,17,female,b.sc,1st year,no formal,rainy,2.54,5.77,54,0,no reason
13427,22,female,nursing,4th year,no formal,cold,5.44,5.2,80,1,none
13429,22,male,bca,3rd year,post graduate,cold,1.0,7.44,59,0,personal work
13430,20,female,ba,4th year,post graduate,hot,4.03,8.51,38,0,none
13431,23,male,b.com,3rd year,post graduate,cold,3.5,8.21,47,0,travel
13433,22,female,nursing,3rd year,high school,sunny,4.92,7.13,23,1,none
13435,23,male,b.tech,4th year,graduate,cloudy,0.27,9.93,72,0,no reason
13436,21,male,b.com,4th year,no formal,cloudy,3.41,8.72,83,0,festival
13437,22,female,nursing,2nd year,phd,sunny,0.05,6.92,88,0,project work
13438,19,male,diploma,3rd year,graduate,sunny,3.54,4.58,20,1,none
13439,20,female,nursing,1st year,graduate,cold,1.63,7.69,86,0,travel
13440,23,male,b.sc,2nd year,graduate,sunny,0.25,5.73,81,1,none
13441,20,male,pharmacy,3rd year,high school,sunny,4.14,4.21,22,0,travel
13442,17,male,b.sc,2nd year,post graduate,rainy,3.04,4.63,89,0,personal work
13443,20,female,b.tech,4th year,high school,sunny,1.49,6.55,72,0,travel
13445,20,female,ba,3rd year,no formal,sunny,5.71,9.13,21,1,none
13446,17,male,b.com,3rd year,no formal,hot,2.67,5.11,64,1,none
13447,18,male,b.sc,4th year,phd,cloudy,0.2,6.6,79,1,none
13450,17,female,bca,4th year,graduate,rainy,4.4,8.48,16,1,none
13451,20,female,ba,1st year,no formal,cold,0.57,4.38,80,0,personal work
13452,19,female,b.com,2nd year,graduate,sunny,1.13,8.48,81,1,none
13455,19,male,ba,4th year,no formal,cold,1.4,5.22,30,0,travel
13456,18,female,b.tech,3rd year,phd,sunny,1.96,7.82,39,1,none
13458,17,female,bba,2nd year,no formal,hot,5.12,5.69,71,0,sick
13461,23,male,ba,2nd year,no formal,hot,4.49,5.63,30,1,none
13462,21,female,b.sc,2nd year,no formal,cloudy,3.72,6.23,65,1,none
13463,21,female,diploma,4th year,no formal,rainy,5.59,4.38,25,0,festival
13464,23,male,b.tech,4th year,high school,hot,0.63,6.83,25,1,none
13465,23,female,b.com,1st year,graduate,cold,0.45,5.59,33,0,sick
13466,18,male,bca,2nd year,post graduate,cloudy,1.01,8.86,16,0,travel
13467,23,female,diploma,2nd year,phd,sunny,4.34,6.81,63,0,no reason
13468,20,female,pharmacy,3rd year,phd,rainy,2.83,5.76,73,0,sick
13469,17,female,diploma,3rd year,phd,cold,3.01,6.1,73,1,none
13470,21,female,b.com,4th year,no formal,rainy,2.37,5.07,17,1,none
13474,24,male,diploma,3rd year,phd,rainy,1.81,7.06,14,1,none
13482,18,female,ba,2nd year,phd,cold,5.52,7.21,71,1,none
13483,19,female,nursing,1st year,post graduate,hot,3.43,5.48,69,0,project work
13484,19,female,diploma,2nd year,high school,cold,0.51,8.67,77,1,none
13486,23,female,bba,1st year,high school,cloudy,5.42,4.06,70,1,none
13487,17,female,bba,3rd year,high school,cloudy,4.36,9.6,61,1,none
13489,17,male,bca,2nd year,high school,cloudy,1.41,8.11,34,1,none
13491,17,female,b.sc,1st year,graduate,hot,3.61,6.52,66,1,none
13493,21,male,ba,1st year,no formal,rainy,4.94,4.25,52,1,none
13494,17,male,b.tech,1st year,graduate,cloudy,5.86,9.53,38,1,none
13497,20,female,b.tech,3rd year,post graduate,sunny,4.8,9.15,12,1,none
13498,17,female,b.sc,2nd year,phd,hot,4.67,8.65,77,1,none
13499,22,female,b.sc,2nd year,no formal,hot,4.11,5.34,63,0,travel
13500,18,female,bca,4th year,post graduate,hot,0.27,5.9,48,0,travel
13501,17,male,nursing,3rd year,no formal,hot,1.01,4.44,50,0,travel
13502,20,female,pharmacy,1st year,post graduate,rainy,1.49,6.5,43,0,none
13503,19,female,nursing,3rd year,no formal,rainy,5.93,7.09,61,1,none
13504,17,male,diploma,3rd year,post graduate,cloudy,2.11,7.07,17,1,none
13505,23,female,bca,3rd year,no formal,cold,4.01,8.12,83,1,none
13508,20,female,nursing,4th year,high school,cold,5.2,8.42,53,1,none
13509,20,female,b.tech,3rd year,post graduate,rainy,3.77,9.89,71,1,none
13510,23,male,nursing,3rd year,no formal,sunny,5.41,6.64,45,1,none
13511,17,female,nursing,1st year,post graduate,hot,3.61,6.11,54,1,none
13512,19,female,b.tech,4th year,graduate,hot,2.89,5.09,32,0,none
13513,23,male,b.com,1st year,no formal,cloudy,5.08,5.0,57,0,sick
13514,19,male,b.com,4th year,phd,rainy,0.12,4.52,76,0,no reason
13515,24,female,pharmacy,3rd year,graduate,hot,5.61,9.5,42,1,none
13517,20,female,diploma,2nd year,no formal,cloudy,5.32,4.65,61,0,no reason
13522,19,female,nursing,1st year,phd,rainy,0.05,7.96,76,0,project work
13524,21,male,bca,3rd year,high school,hot,1.16,8.9,5,1,none
13525,24,male,nursing,1st year,high school,hot,4.67,7.35,33,1,none
13526,24,female,b.sc,2nd year,post graduate,sunny,2.66,8.26,46,0,travel
13527,22,male,bca,3rd year,post graduate,cold,1.49,6.71,51,0,project work
13530,23,male,bba,2nd year,no formal,hot,4.58,6.72,34,1,none
13532,17,male,ba,3rd year,no formal,sunny,1.12,4.69,29,0,project work
13533,23,male,bca,1st year,graduate,cold,0.12,7.33,12,1,none
13537,23,female,b.com,2nd year,phd,cold,2.02,9.15,45,1,none
13538,19,female,bca,3rd year,phd,sunny,4.38,6.88,84,0,festival
13539,20,male,pharmacy,3rd year,post graduate,rainy,4.11,8.57,42,1,none
13542,17,female,pharmacy,2nd year,graduate,cold,0.73,5.28,16,0,no reason
13544,24,female,nursing,2nd year,phd,sunny,5.16,6.17,9,1,none
13546,24,female,b.com,4th year,graduate,rainy,1.63,8.8,79,1,none
13547,24,male,b.com,1st year,phd,rainy,4.3,9.46,36,0,project work
13548,17,female,b.tech,1st year,graduate,cloudy,5.7,8.76,49,1,none
13549,21,female,bba,1st year,graduate,rainy,2.16,8.82,85,0,travel
13550,21,male,ba,2nd year,graduate,hot,3.79,8.48,35,1,none
13552,23,male,diploma,3rd year,phd,hot,0.09,4.59,75,0,festival
13555,21,female,b.sc,4th year,graduate,cold,3.47,4.08,75,1,none
13556,18,female,nursing,1st year,no formal,rainy,2.39,8.26,60,0,project work
13557,19,female,b.com,3rd year,high school,cold,0.81,5.93,34,0,no reason
13559,22,male,b.sc,2nd year,no formal,rainy,5.26,9.45,41,1,none
13560,19,female,nursing,3rd year,post graduate,sunny,2.38,4.95,57,0,no reason
13561,20,female,ba,1st year,high school,rainy,4.87,6.37,25,1,none
13562,17,male,diploma,3rd year,no formal,hot,4.82,4.35,9,1,none
13564,21,female,nursing,2nd year,no formal,rainy,3.15,4.72,54,1,none
13565,21,male,ba,1st year,no formal,sunny,3.53,6.45,43,0,sick
13566,19,male,pharmacy,1st year,graduate,cloudy,5.51,4.87,52,0,project work
13567,17,male,diploma,2nd year,post graduate,rainy,1.3,7.19,77,0,no reason
13568,21,female,bba,4th year,post graduate,rainy,3.74,7.51,68,1,none
13569,22,female,bba,4th year,high school,rainy,5.84,6.31,25,1,none
13570,17,female,bca,3rd year,post graduate,sunny,1.71,8.72,81,1,none
13571,21,female,diploma,2nd year,no formal,cold,2.12,5.83,35,0,sick
13572,17,female,diploma,2nd year,no formal,rainy,5.12,5.7,19,0,travel
13573,20,female,b.tech,4th year,high school,rainy,1.95,5.33,49,1,none
13574,22,male,b.com,3rd year,post graduate,cloudy,5.63,9.2,86,1,none
13575,22,male,ba,4th year,no formal,hot,5.4,8.0,76,1,none
13578,18,male,b.sc,2nd year,graduate,cold,1.79,4.92,76,0,travel
13579,23,male,bba,3rd year,graduate,cloudy,1.46,4.74,63,0,none
13580,19,female,bba,4th year,graduate,cold,1.63,4.57,79,0,travel
13581,19,female,bca,2nd year,phd,rainy,2.55,7.13,20,1,none
13582,23,female,b.tech,4th year,no formal,rainy,1.59,7.9,27,1,none
13583,19,female,nursing,3rd year,post graduate,cloudy,1.82,8.82,31,0,travel
13584,17,male,b.com,2nd year,post graduate,rainy,4.83,6.19,17,0,project work
13585,22,female,bba,4th year,post graduate,sunny,4.35,9.43,39,1,none
13587,21,female,ba,3rd year,high school,sunny,2.56,5.92,64,0,none
13591,21,female,pharmacy,4th year,post graduate,cold,5.35,7.1,48,0,festival
13592,21,female,bca,4th year,no formal,hot,5.62,5.5,83,1,none
13593,23,female,b.sc,3rd year,phd,hot,4.87,9.08,54,1,none
13594,24,male,pharmacy,3rd year,phd,sunny,3.36,4.52,54,0,none
13595,18,female,b.tech,4th year,post graduate,cold,4.26,8.82,8,1,none
13596,17,male,ba,3rd year,no formal,hot,1.07,6.25,19,0,personal work
13597,21,female,b.sc,2nd year,phd,cold,1.35,4.74,75,0,personal work
13598,24,male,b.tech,1st year,phd,hot,2.39,6.44,60,0,festival
13599,18,female,pharmacy,4th year,phd,cloudy,2.97,5.16,86,0,festival
13601,20,female,pharmacy,4th year,phd,cloudy,0.89,4.5,63,0,travel
13603,22,female,b.com,1st year,graduate,hot,5.69,5.57,31,0,none
13605,20,male,b.tech,3rd year,high school,sunny,0.61,7.29,43,1,none
13609,24,male,b.com,4th year,phd,hot,2.02,9.38,30,0,project work
13612,23,male,b.tech,2nd year,phd,sunny,1.64,5.31,88,1,none
13613,21,female,bba,3rd year,phd,rainy,3.0,4.18,21,1,none
13614,17,female,bba,2nd year,high school,rainy,0.05,8.7,25,0,none
13615,24,male,ba,3rd year,graduate,cloudy,3.84,4.89,22,1,none
13616,22,female,diploma,4th year,post graduate,cold,1.31,6.99,7,0,none
13617,20,female,ba,2nd year,phd,rainy,3.63,7.11,5,0,festival
13618,23,male,nursing,4th year,high school,hot,4.36,8.29,25,1,none
13619,23,female,bca,4th year,graduate,cloudy,1.04,9.21,33,1,none
13620,23,female,pharmacy,4th year,high school,rainy,0.24,9.15,86,1,none
13622,22,male,b.sc,4th year,post graduate,sunny,3.11,7.22,15,0,project work
13626,17,male,b.tech,4th year,post graduate,cold,5.8,9.5,67,1,none
13627,17,female,b.tech,1st year,graduate,cold,0.63,5.2,8,1,none
13628,22,female,b.sc,2nd year,no formal,cold,1.09,5.89,81,1,none
13631,18,female,b.sc,2nd year,graduate,hot,5.47,9.04,47,1,none
13632,23,male,bba,3rd year,post graduate,cloudy,0.1,5.25,29,0,project work
13634,21,female,pharmacy,4th year,graduate,sunny,1.78,7.1,25,1,none
13635,18,male,b.tech,4th year,high school,cloudy,0.61,8.02,60,0,no reason
13638,17,female,b.com,3rd year,high school,hot,2.93,6.33,43,1,none
13639,24,female,bba,2nd year,no formal,hot,1.71,8.09,49,0,travel
13640,19,female,pharmacy,3rd year,high school,hot,4.03,9.32,45,0,none
13641,22,male,b.com,2nd year,no formal,sunny,5.93,6.1,10,0,personal work
13646,20,female,b.sc,1st year,phd,cloudy,3.43,5.06,51,0,none
13649,21,male,bca,1st year,post graduate,cloudy,4.47,8.75,27,1,none
13650,19,female,nursing,3rd year,no formal,cold,1.72,8.98,76,1,none
13651,21,female,b.com,4th year,post graduate,cloudy,5.93,4.91,29,1,none
13652,22,female,nursing,3rd year,graduate,rainy,3.6,7.63,85,0,no reason
13654,22,female,pharmacy,3rd year,post graduate,cloudy,5.88,7.82,83,1,none
13655,23,male,pharmacy,1st year,post graduate,sunny,5.01,5.82,16,1,none
13656,22,male,ba,1st year,post graduate,rainy,2.85,9.39,86,0,travel
13659,22,female,diploma,2nd year,graduate,cloudy,4.44,5.49,9,0,no reason
13660,23,female,bca,1st year,no formal,cold,2.49,7.42,27,0,project work
13661,20,male,bca,3rd year,no formal,cloudy,0.81,6.46,15,0,festival
13662,21,male,b.tech,1st year,no formal,cloudy,5.93,7.87,12,0,sick
13664,17,female,bba,1st year,graduate,cloudy,5.47,6.96,75,0,personal work
13665,19,male,b.tech,4th year,graduate,sunny,4.77,7.95,40,1,none
13666,23,female,nursing,4th year,high school,sunny,0.41,8.22,73,0,festival
13668,19,female,b.com,1st year,high school,cloudy,1.31,6.86,84,0,festival
13670,24,female,nursing,3rd year,post graduate,hot,0.36,5.48,72,0,none
13671,18,female,b.tech,3rd year,high school,hot,2.53,7.98,8,0,sick
13673,17,female,ba,1st year,phd,rainy,2.85,7.64,23,0,travel
13674,18,male,ba,3rd year,no formal,cloudy,2.6,5.3,69,0,personal work
13675,22,female,nursing,1st year,no formal,cold,5.35,7.62,36,0,sick
13676,19,female,b.com,1st year,no formal,sunny,1.27,6.79,43,1,none
13677,24,female,ba,4th year,post graduate,rainy,1.45,7.95,69,1,none
13678,24,female,ba,2nd year,graduate,sunny,0.9,6.15,26,1,none
13680,22,female,pharmacy,2nd year,graduate,hot,5.69,4.78,63,0,personal work
13681,22,male,b.com,1st year,phd,cold,0.47,4.39,7,1,none
13682,21,male,b.sc,2nd year,graduate,cloudy,3.23,5.87,64,0,none
13683,24,female,ba,3rd year,graduate,sunny,0.88,9.52,83,0,travel
13685,22,male,nursing,1st year,high school,cloudy,1.05,6.48,26,0,none
13686,18,female,pharmacy,4th year,phd,cloudy,2.35,4.21,67,0,travel
13687,19,female,nursing,3rd year,no formal,sunny,5.43,6.45,64,1,none
13690,23,male,diploma,4th year,post graduate,cold,1.81,9.18,78,1,none
13691,17,male,ba,1st year,graduate,rainy,2.66,4.77,38,0,festival
13693,18,male,b.sc,2nd year,high school,hot,4.31,5.15,46,1,none
13694,17,female,b.sc,3rd year,high school,cold,4.66,9.39,68,1,none
13695,20,male,pharmacy,1st year,post graduate,hot,0.34,5.42,12,1,none
13697,18,male,b.com,4th year,graduate,sunny,1.71,8.78,86,1,none
13698,20,female,diploma,3rd year,post graduate,cloudy,0.38,6.71,49,1,none
13699,24,female,ba,1st year,no formal,cold,4.27,4.9,40,0,sick
13700,19,male,diploma,1st year,high school,rainy,4.88,5.83,71,1,none
13702,23,female,nursing,4th year,high school,cold,3.11,5.08,7,1,none
13703,19,female,b.tech,3rd year,phd,cold,2.94,9.28,7,1,none
13704,21,male,diploma,2nd year,no formal,cold,5.17,6.42,47,1,none
13705,22,male,b.com,4th year,post graduate,cloudy,0.65,7.54,83,0,no reason
13706,20,male,ba,3rd year,no formal,sunny,2.56,9.21,85,1,none
13707,20,female,pharmacy,2nd year,graduate,cloudy,2.07,9.94,64,1,none
13711,19,female,b.com,3rd year,no formal,cloudy,1.91,5.27,56,0,sick
13712,23,male,bba,3rd year,high school,cloudy,1.54,6.55,26,1,none
13713,18,male,b.sc,3rd year,high school,rainy,2.06,4.46,56,0,personal work
13716,21,female,bba,4th year,high school,rainy,5.82,4.18,39,1,none
13717,18,male,pharmacy,1st year,no formal,cloudy,4.15,4.37,38,1,none
13720,19,male,diploma,2nd year,phd,cold,0.21,4.87,41,1,none
13722,23,female,nursing,4th year,post graduate,cold,0.32,8.23,67,1,none
13724,19,female,ba,2nd year,post graduate,cold,4.67,9.33,72,0,festival
13725,17,male,bca,3rd year,high school,rainy,4.73,5.36,6,0,sick
13726,17,female,nursing,2nd year,high school,hot,0.3,6.18,46,0,none
13727,19,male,bca,1st year,post graduate,cold,3.68,6.71,72,1,none
13728,20,male,b.sc,3rd year,graduate,hot,0.83,5.53,55,0,travel
13731,19,female,diploma,3rd year,phd,rainy,2.28,7.05,68,0,festival
13732,19,male,nursing,1st year,high school,hot,5.07,9.89,18,1,none
13733,21,female,diploma,1st year,graduate,sunny,2.15,8.93,37,1,none
13734,22,male,bba,2nd year,phd,cloudy,2.4,8.97,18,1,none
13735,17,female,bca,1st year,high school,hot,0.97,8.87,47,0,no reason
13736,20,female,bba,1st year,phd,rainy,4.05,9.38,10,1,none
13737,22,male,bba,4th year,graduate,cold,4.65,8.98,25,0,festival
13738,22,female,b.com,2nd year,graduate,sunny,1.16,9.77,71,1,none
13739,21,female,diploma,4th year,phd,sunny,3.77,5.37,69,1,none
13744,19,male,bba,1st year,graduate,rainy,3.66,4.19,88,1,none
13745,20,female,bba,3rd year,graduate,cloudy,5.01,9.37,60,1,none
13746,17,female,b.tech,4th year,high school,sunny,2.99,8.07,85,0,sick
13748,18,female,bba,4th year,phd,cloudy,5.56,5.97,7,1,none
13750,20,female,b.tech,4th year,post graduate,cloudy,3.57,7.49,15,1,none
13751,21,male,diploma,2nd year,phd,cold,1.65,7.5,67,1,none
13754,24,male,bba,2nd year,post graduate,sunny,5.09,5.34,54,1,none
13755,19,male,b.com,1st year,post graduate,rainy,3.7,6.89,34,0,festival
13757,22,male,ba,2nd year,high school,hot,0.4,8.83,28,1,none
13758,24,male,bba,1st year,phd,cold,4.87,9.42,67,1,none
13759,17,female,b.tech,1st year,graduate,cold,4.23,8.46,37,1,none
13760,24,male,b.sc,3rd year,no formal,rainy,3.95,8.06,39,1,none
13761,17,male,b.sc,1st year,graduate,rainy,3.92,5.56,34,1,none
13763,22,male,b.com,4th year,graduate,hot,2.08,8.5,69,0,festival
13765,20,female,diploma,1st year,phd,hot,2.98,6.37,44,1,none
13766,17,male,diploma,1st year,graduate,cold,5.07,8.64,72,0,festival
13767,23,male,nursing,1st year,high school,sunny,2.12,9.72,14,1,none
13768,22,female,nursing,2nd year,high school,cold,5.54,8.16,83,0,personal work
13769,24,female,b.com,4th year,post graduate,cold,1.52,8.4,15,0,sick
13771,24,male,nursing,4th year,no formal,cloudy,5.83,9.22,17,1,none
13772,24,female,b.com,4th year,post graduate,rainy,0.98,4.84,29,0,sick
13774,22,male,bba,3rd year,no formal,hot,2.67,8.06,89,0,sick
13777,21,male,bba,3rd year,high school,rainy,4.98,7.49,36,1,none
13778,20,male,b.com,4th year,graduate,hot,4.59,8.26,80,0,festival
13781,21,male,ba,4th year,high school,rainy,1.33,5.22,56,1,none
13783,19,male,b.tech,1st year,no formal,cold,1.13,5.57,62,0,festival
13784,24,male,diploma,3rd year,graduate,sunny,0.37,6.34,82,0,sick
13785,17,female,b.com,2nd year,phd,rainy,1.23,7.16,50,1,none
13787,18,male,diploma,2nd year,post graduate,hot,1.28,5.69,80,0,sick
13788,18,female,nursing,4th year,high school,cold,1.92,4.73,86,1,none
13789,18,male,pharmacy,3rd year,phd,hot,3.31,7.99,31,0,project work
13790,17,male,b.sc,1st year,high school,hot,0.83,6.82,53,1,none
13792,23,female,b.com,3rd year,no formal,sunny,0.57,5.09,70,0,no reason
13796,23,male,nursing,1st year,post graduate,cloudy,0.26,4.44,17,1,none
13799,24,female,nursing,4th year,graduate,cold,2.04,7.45,23,1,none
13800,20,male,ba,1st year,no formal,hot,4.28,6.09,30,1,none
13801,19,male,ba,3rd year,graduate,rainy,5.41,6.42,20,0,project work
13802,23,female,b.com,1st year,phd,hot,5.08,5.39,19,0,festival
13803,21,male,bba,1st year,high school,hot,1.68,5.48,8,1,none
13804,22,male,pharmacy,4th year,high school,rainy,0.78,4.06,72,0,none
13805,22,female,b.tech,4th year,high school,cold,1.69,5.4,27,1,none
13806,23,female,bca,4th year,phd,hot,4.25,9.65,82,1,none
13809,20,male,b.tech,1st year,high school,hot,5.02,5.42,17,1,none
13810,22,male,b.com,2nd year,high school,cloudy,5.75,4.33,17,1,none
13811,23,male,diploma,2nd year,no formal,hot,3.42,4.76,40,1,none
13812,19,male,diploma,4th year,no formal,cold,4.34,7.4,23,1,none
13813,22,female,nursing,3rd year,post graduate,cold,1.71,4.29,42,0,no reason
13817,24,female,pharmacy,2nd year,phd,cold,0.32,7.72,72,0,personal work
13818,22,female,diploma,3rd year,no formal,rainy,2.37,4.37,14,0,sick
13820,20,male,nursing,2nd year,no formal,hot,3.76,6.76,67,1,none
13821,22,female,bca,3rd year,high school,sunny,0.21,6.45,44,0,sick
13822,18,female,bba,3rd year,graduate,cloudy,5.93,5.79,54,0,none
13823,21,female,pharmacy,3rd year,graduate,cloudy,3.53,7.24,68,0,none
13824,21,female,diploma,2nd year,high school,cloudy,2.44,6.29,57,0,project work
13825,22,female,nursing,3rd year,no formal,rainy,0.71,6.5,84,1,none
13826,20,male,b.sc,1st year,no formal,sunny,2.45,4.62,55,1,none
13831,24,female,ba,2nd year,phd,sunny,0.73,9.74,34,0,sick
13832,24,male,b.tech,4th year,phd,rainy,5.93,5.08,89,0,travel
13833,19,male,b.sc,2nd year,high school,cloudy,0.96,9.57,20,1,none
13835,22,male,b.sc,3rd year,high school,sunny,5.28,8.06,13,1,none
13836,17,female,diploma,1st year,no formal,cold,1.89,9.47,13,1,none
13837,19,male,diploma,3rd year,phd,rainy,5.13,4.97,69,1,none
13838,22,male,ba,4th year,phd,sunny,3.15,6.97,63,1,none
13839,21,male,pharmacy,4th year,high school,sunny,0.05,4.17,76,0,none
13840,21,male,ba,3rd year,graduate,cold,2.41,7.92,37,0,travel
13841,23,male,bba,1st year,high school,cloudy,3.22,6.66,75,1,none
13842,18,female,bba,1st year,no formal,cloudy,3.02,7.0,11,0,project work
13844,21,male,b.sc,2nd year,no formal,rainy,1.2,8.14,82,1,none
13846,20,female,diploma,3rd year,graduate,cloudy,2.93,7.31,13,0,none
13848,21,female,ba,2nd year,post graduate,cold,5.82,9.03,15,1,none
13852,19,female,ba,3rd year,high school,cold,3.2,9.74,52,1,none
13855,24,male,b.tech,2nd year,high school,cloudy,5.02,4.38,7,0,sick
13857,19,male,pharmacy,2nd year,high school,sunny,1.5,6.69,27,0,project work
13858,17,female,b.com,2nd year,graduate,cloudy,0.55,8.98,81,0,travel
13859,24,male,pharmacy,4th year,high school,sunny,1.53,7.07,27,1,none
13863,22,male,diploma,2nd year,graduate,cold,1.99,5.75,53,0,travel
13864,24,male,b.com,2nd year,post graduate,rainy,2.19,8.09,62,0,personal work
13865,21,female,nursing,4th year,no formal,rainy,4.47,6.52,70,0,sick
13866,19,male,b.sc,3rd year,no formal,sunny,1.27,5.65,65,0,travel
13867,22,female,b.sc,4th year,phd,cold,5.56,6.72,58,1,none
13868,22,male,bba,4th year,graduate,rainy,1.24,8.75,65,0,project work
13869,22,female,b.tech,4th year,high school,hot,3.61,5.69,62,1,none
13870,17,female,b.com,3rd year,post graduate,cloudy,4.5,6.4,69,0,sick
13871,22,female,diploma,2nd year,post graduate,hot,3.84,5.42,5,1,none
13874,24,male,b.tech,2nd year,high school,cloudy,3.65,6.4,62,1,none
13875,21,female,diploma,4th year,no formal,rainy,4.21,5.44,12,1,none
13878,23,female,nursing,3rd year,graduate,cold,3.36,8.31,6,1,none
13879,19,male,diploma,2nd year,no formal,cloudy,5.67,9.13,17,1,none
13880,19,female,ba,4th year,post graduate,cold,5.07,6.2,73,0,sick
13882,24,male,nursing,2nd year,high school,cloudy,5.36,8.34,27,1,none
13883,20,female,b.sc,1st year,graduate,cloudy,4.84,8.16,77,1,none
13884,21,female,bba,1st year,phd,sunny,1.39,5.36,80,0,project work
13885,21,male,b.com,1st year,high school,sunny,0.47,8.12,11,1,none
13886,19,female,b.tech,2nd year,post graduate,sunny,5.72,4.09,60,1,none
13888,24,female,bba,3rd year,post graduate,hot,5.93,6.75,45,0,project work
13890,23,female,diploma,1st year,no formal,hot,4.25,9.51,9,1,none
13892,23,female,nursing,1st year,phd,cold,2.49,8.18,68,0,travel
13894,24,male,ba,1st year,graduate,rainy,2.28,4.91,57,0,sick
13895,22,female,bca,1st year,high school,hot,3.56,4.5,47,0,festival
13896,24,male,bba,4th year,graduate,cloudy,1.51,8.43,13,1,none
13897,22,male,b.com,1st year,high school,hot,1.87,5.81,14,1,none
13898,23,male,b.tech,4th year,no formal,cloudy,2.63,6.13,83,1,none
13899,24,male,bba,2nd year,phd,rainy,5.54,9.11,10,1,none
13900,24,male,bba,4th year,graduate,hot,5.19,6.52,31,1,none
13902,22,female,nursing,2nd year,graduate,hot,0.69,6.17,10,0,sick
13906,24,female,bba,1st year,post graduate,cloudy,2.2,8.09,13,1,none
13908,20,female,diploma,4th year,high school,rainy,1.12,6.12,12,0,festival
13909,22,female,ba,3rd year,high school,rainy,1.64,6.53,30,0,sick
13911,20,male,bca,3rd year,no formal,cloudy,0.77,8.2,23,1,none
13912,19,male,nursing,2nd year,phd,cloudy,2.96,9.94,55,0,sick
13913,19,male,diploma,1st year,high school,sunny,0.05,9.41,66,0,travel
13915,21,female,bca,3rd year,no formal,hot,3.67,9.25,11,0,none
13916,18,male,bba,1st year,high school,sunny,5.64,9.24,25,1,none
13918,18,male,b.sc,3rd year,phd,hot,3.19,5.55,17,1,none
13919,24,male,nursing,2nd year,phd,hot,5.75,6.7,46,0,personal work
13920,19,female,ba,4th year,phd,cloudy,5.9,8.04,5,0,none
13925,21,male,ba,3rd year,phd,sunny,4.95,5.68,28,1,none
13926,20,female,bca,3rd year,graduate,rainy,5.08,6.13,45,0,no reason
13929,17,female,bca,3rd year,post graduate,cloudy,2.96,6.36,59,1,none
13930,24,male,b.tech,2nd year,high school,hot,1.92,5.96,45,0,no reason
13932,18,female,b.com,3rd year,phd,hot,5.0,6.54,6,0,none
13933,21,female,ba,3rd year,phd,sunny,4.67,7.16,75,1,none
13935,18,female,b.sc,2nd year,high school,hot,4.88,9.68,7,1,none
13936,21,female,pharmacy,2nd year,high school,cold,3.41,4.75,87,1,none
13937,21,male,b.tech,3rd year,phd,cloudy,4.23,7.32,6,0,travel
13938,23,male,bca,4th year,post graduate,sunny,5.35,4.9,80,0,no reason
13939,21,female,bba,2nd year,phd,cloudy,0.97,8.43,14,0,personal work
13942,24,female,bca,2nd year,no formal,cloudy,3.69,7.09,28,1,none
13944,22,male,b.com,3rd year,post graduate,rainy,2.02,9.56,45,0,travel
13946,23,female,b.tech,2nd year,post graduate,sunny,5.32,6.49,25,0,project work
13947,24,male,diploma,4th year,high school,sunny,3.01,9.69,62,1,none
13948,19,male,b.sc,4th year,post graduate,sunny,5.45,9.16,76,0,no reason
13950,23,female,nursing,4th year,post graduate,hot,0.76,5.85,35,0,no reason
13951,17,male,diploma,2nd year,no formal,cold,3.16,5.06,36,1,none
13953,23,male,nursing,1st year,post graduate,cloudy,2.23,6.91,14,0,personal work
13954,23,female,b.com,4th year,high school,rainy,2.09,4.66,27,0,travel
13956,23,male,b.sc,3rd year,high school,cold,3.65,6.15,89,0,travel
13962,17,male,b.tech,4th year,post graduate,cloudy,4.15,6.44,22,1,none
13963,24,male,b.com,3rd year,no formal,cloudy,4.5,7.81,59,1,none
13964,21,male,bca,4th year,high school,cloudy,4.13,9.18,15,1,none
13965,19,male,b.sc,2nd year,graduate,hot,1.02,5.54,55,0,sick
13966,20,female,pharmacy,3rd year,phd,hot,3.77,4.57,54,0,project work
13967,23,male,ba,1st year,no formal,hot,5.27,9.13,31,1,none
13968,24,female,b.com,3rd year,phd,rainy,2.37,8.91,23,1,none
13969,19,female,pharmacy,2nd year,high school,sunny,4.75,6.02,14,1,none
13970,24,female,b.sc,3rd year,post graduate,cloudy,0.07,4.39,25,0,festival
13971,22,female,b.sc,4th year,graduate,cloudy,0.65,5.63,28,1,none
13972,18,male,ba,2nd year,phd,rainy,0.72,9.9,82,0,personal work
13973,21,male,b.tech,2nd year,high school,sunny,4.57,5.49,56,0,none
13975,17,female,diploma,4th year,post graduate,rainy,0.35,4.86,50,0,travel
13976,17,female,ba,2nd year,no formal,cloudy,3.37,5.75,23,1,none
13977,17,female,nursing,4th year,high school,cold,1.93,7.88,52,1,none
13978,21,female,b.tech,2nd year,post graduate,cloudy,1.26,9.58,59,1,none
13980,24,female,diploma,3rd year,post graduate,cold,3.34,5.43,76,1,none
13981,18,female,ba,3rd year,no formal,cold,2.86,7.46,28,0,personal work
13983,19,male,ba,4th year,phd,hot,4.02,8.23,38,0,none
13985,24,female,bca,2nd year,graduate,sunny,3.31,7.96,11,0,project work
13986,19,male,b.com,3rd year,graduate,rainy,2.1,5.45,73,0,personal work
13989,23,male,b.sc,1st year,no formal,rainy,0.56,5.29,15,0,project work
13991,23,male,pharmacy,1st year,graduate,rainy,0.22,7.14,16,0,festival
13992,23,male,ba,1st year,phd,cloudy,0.15,6.65,74,1,none
13996,24,female,pharmacy,2nd year,graduate,cloudy,2.97,5.11,21,1,none
13997,23,male,b.tech,1st year,graduate,cloudy,5.6,5.63,49,1,none
13998,21,female,b.sc,2nd year,post graduate,sunny,2.95,9.87,76,1,none
13999,22,female,pharmacy,1st year,post graduate,rainy,5.52,8.04,46,1,none
14000,20,male,bba,3rd year,graduate,cold,5.66,5.64,65,1,none
14001,22,female,bba,2nd year,high school,rainy,1.2,9.6,73,0,travel
14002,17,male,ba,4th year,phd,rainy,5.59,8.41,19,1,none
14003,24,male,ba,4th year,post graduate,cold,1.41,9.19,8,0,project work
14004,21,male,b.com,3rd year,graduate,sunny,2.27,6.73,79,0,personal work
14005,21,male,ba,4th year,high school,hot,5.16,5.41,62,1,none
14006,18,male,b.tech,2nd year,graduate,sunny,2.26,8.24,15,1,none
14009,24,female,b.sc,1st year,phd,hot,3.63,7.89,38,1,none
14010,22,female,diploma,4th year,high school,cold,2.7,5.85,12,0,personal work
14011,20,male,b.tech,1st year,no formal,sunny,0.66,5.31,16,0,festival
14015,17,female,bba,3rd year,post graduate,cold,3.35,7.07,47,0,personal work
14016,19,male,diploma,3rd year,graduate,hot,0.8,6.8,42,1,none
14017,17,female,diploma,3rd year,post graduate,rainy,4.62,8.3,56,0,festival
14018,21,female,bca,2nd year,no formal,hot,2.45,9.53,13,1,none
14019,21,male,diploma,3rd year,post graduate,rainy,3.95,6.12,66,0,travel
14020,21,male,pharmacy,2nd year,post graduate,cold,5.21,4.38,70,1,none
14021,17,male,bca,1st year,graduate,cloudy,2.01,7.42,30,1,none
14023,24,male,b.sc,2nd year,no formal,hot,1.48,4.98,82,0,travel
14026,20,male,bca,3rd year,no formal,cloudy,1.08,4.49,78,1,none
14027,22,female,diploma,3rd year,no formal,cold,5.13,6.55,69,1,none
14028,22,male,b.sc,4th year,post graduate,sunny,3.0,8.43,30,1,none
14030,23,female,pharmacy,2nd year,high school,hot,2.4,6.69,83,1,none
14031,24,male,b.com,4th year,high school,cloudy,2.21,8.27,54,0,personal work
14035,17,female,nursing,4th year,phd,cloudy,2.43,8.73,14,1,none
14037,17,female,nursing,1st year,graduate,hot,5.65,7.06,54,1,none
14038,17,female,ba,2nd year,high school,sunny,5.2,8.18,73,0,no reason
14039,21,female,bca,2nd year,graduate,cloudy,1.93,7.06,89,1,none
14040,21,male,bca,1st year,high school,cloudy,3.2,4.94,24,1,none
14041,24,female,ba,1st year,phd,sunny,3.93,8.8,24,1,none
14043,24,male,pharmacy,2nd year,graduate,cold,0.29,5.92,18,0,travel
14044,23,female,b.tech,1st year,post graduate,sunny,2.46,4.86,89,0,sick
14045,19,male,pharmacy,1st year,phd,cloudy,1.36,6.51,52,1,none
14046,24,female,ba,4th year,no formal,rainy,1.06,4.25,68,0,sick
14049,17,male,pharmacy,3rd year,post graduate,hot,1.42,8.02,9,0,festival
14051,21,male,pharmacy,4th year,no formal,cold,1.21,4.32,37,0,project work
14052,19,male,ba,1st year,graduate,rainy,4.74,6.7,13,1,none
14054,17,male,bca,2nd year,graduate,sunny,4.57,9.3,68,1,none
14055,19,male,b.sc,4th year,graduate,rainy,0.21,9.31,32,1,none
14056,22,male,b.com,4th year,graduate,rainy,5.77,8.73,76,1,none
14057,21,female,bba,3rd year,no formal,hot,3.31,4.83,70,1,none
14058,24,female,bba,1st year,post graduate,hot,1.4,7.76,43,0,festival
14062,21,female,b.tech,1st year,high school,sunny,1.0,7.37,82,1,none
14063,18,male,bba,4th year,no formal,sunny,4.97,4.98,14,1,none
14065,18,female,bba,2nd year,high school,cold,2.59,6.1,33,1,none
14066,20,male,bba,4th year,no formal,cloudy,3.52,5.59,72,1,none
14067,17,female,pharmacy,2nd year,high school,cloudy,4.86,5.01,68,1,none
14068,21,female,ba,4th year,no formal,rainy,2.13,7.27,60,0,travel
14069,18,female,bba,3rd year,no formal,sunny,3.59,5.94,62,0,travel
14070,21,female,bba,3rd year,no formal,sunny,4.91,4.97,81,0,none
14072,18,male,b.tech,4th year,graduate,cloudy,1.0,8.08,18,0,no reason
14074,23,male,b.com,1st year,phd,sunny,0.76,8.24,23,1,none
14075,22,male,ba,2nd year,post graduate,cold,4.49,6.13,46,1,none
14077,24,male,b.com,4th year,phd,rainy,1.41,5.43,69,0,travel
14080,17,female,b.com,3rd year,graduate,cloudy,3.61,6.3,18,1,none
14081,22,female,pharmacy,1st year,post graduate,rainy,1.05,4.92,78,0,no reason
14084,20,female,bba,3rd year,post graduate,hot,3.65,6.33,23,1,none
14085,17,male,ba,3rd year,graduate,sunny,0.99,7.09,42,1,none
14086,20,female,nursing,2nd year,post graduate,cold,5.13,8.05,43,1,none
14087,18,male,bba,2nd year,post graduate,cloudy,2.39,8.6,42,1,none
14088,17,male,b.tech,2nd year,graduate,rainy,5.51,6.61,6,0,project work
14090,24,female,diploma,4th year,no formal,cold,3.84,9.94,31,0,personal work
14093,20,male,ba,3rd year,high school,sunny,3.56,4.63,18,1,none
14096,20,male,b.sc,1st year,graduate,cloudy,4.77,7.94,77,1,none
14097,21,female,pharmacy,1st year,graduate,sunny,5.2,9.14,75,1,none
14099,19,male,b.com,1st year,high school,rainy,3.54,6.02,62,1,none
14100,24,male,b.tech,2nd year,high school,cold,4.36,7.02,19,1,none
14101,24,female,bca,3rd year,no formal,rainy,3.97,5.94,75,1,none
14103,18,male,nursing,2nd year,no formal,cloudy,2.31,5.97,53,0,project work
14106,24,male,ba,4th year,phd,cloudy,3.92,7.35,68,1,none
14107,20,male,nursing,4th year,graduate,hot,5.2,8.62,37,1,none
14108,17,female,pharmacy,1st year,no formal,rainy,1.56,8.82,23,1,none
14109,18,female,ba,2nd year,high school,cold,3.9,4.23,21,0,festival
14110,17,male,b.tech,3rd year,graduate,sunny,3.08,8.57,60,0,travel
14111,20,male,b.tech,1st year,post graduate,hot,3.25,5.45,45,1,none
14112,19,female,bba,3rd year,no formal,sunny,1.56,7.96,89,0,no reason
14114,24,female,diploma,2nd year,no formal,sunny,0.4,8.81,49,1,none
14117,21,female,nursing,3rd year,no formal,rainy,4.28,8.59,5,0,project work
14119,20,female,diploma,4th year,phd,rainy,1.74,5.86,56,0,travel
14123,17,male,diploma,4th year,phd,cloudy,3.05,9.7,60,1,none
14124,17,male,pharmacy,1st year,phd,sunny,3.74,4.1,18,0,project work
14127,17,female,pharmacy,2nd year,phd,cloudy,1.39,5.67,46,0,no reason
14128,20,male,diploma,4th year,graduate,cloudy,5.37,6.69,27,1,none
14130,18,female,ba,3rd year,high school,cloudy,5.54,9.94,62,0,none
14131,23,male,ba,4th year,no formal,cloudy,3.02,7.74,89,1,none
14132,24,female,b.sc,3rd year,high school,rainy,3.12,6.27,38,1,none
14133,22,male,diploma,3rd year,no formal,hot,1.63,5.85,58,1,none
14134,21,male,nursing,4th year,graduate,cold,5.61,6.21,5,1,none
14135,24,male,nursing,4th year,graduate,sunny,4.71,6.47,54,0,travel
14137,20,male,bba,4th year,high school,sunny,0.33,5.67,88,0,festival
14138,17,female,bba,4th year,high school,sunny,5.75,4.51,11,1,none
14139,22,male,b.sc,3rd year,graduate,cold,3.52,8.06,51,0,project work
14140,17,female,b.tech,1st year,high school,hot,5.68,6.56,76,0,festival
14143,18,male,pharmacy,3rd year,graduate,sunny,5.02,7.14,37,1,none
14144,21,female,nursing,2nd year,no formal,rainy,0.78,7.01,16,0,festival
14145,19,male,diploma,2nd year,phd,sunny,4.45,4.24,71,0,personal work
14146,20,female,pharmacy,4th year,high school,hot,3.44,8.89,78,1,none
14147,21,male,diploma,1st year,post graduate,cloudy,5.24,7.76,77,1,none
14148,18,female,bba,1st year,no formal,sunny,2.72,4.94,56,0,sick
14149,23,female,pharmacy,3rd year,high school,cold,1.2,8.35,26,0,sick
14151,20,female,b.sc,4th year,no formal,sunny,0.07,8.9,25,1,none
14153,18,male,pharmacy,4th year,high school,rainy,0.05,5.8,73,0,no reason
14158,19,male,pharmacy,1st year,no formal,sunny,2.87,9.56,71,0,none
14159,24,male,b.com,1st year,post graduate,hot,4.31,4.1,17,0,none
14160,23,male,b.sc,3rd year,graduate,rainy,0.68,5.7,34,0,festival
14162,19,female,diploma,4th year,post graduate,cloudy,4.71,5.99,83,1,none
14163,23,female,ba,4th year,no formal,cloudy,0.82,9.48,34,1,none
14164,20,female,bca,1st year,post graduate,rainy,5.64,4.56,84,0,festival
14165,23,female,ba,4th year,no formal,hot,5.88,5.03,41,0,sick
14166,24,female,diploma,4th year,graduate,hot,0.65,5.0,79,0,project work
14168,24,male,ba,2nd year,post graduate,cold,3.01,6.02,14,1,none
14170,22,female,bca,3rd year,phd,rainy,3.15,7.18,21,1,none
14171,23,female,bca,2nd year,no formal,sunny,5.69,9.84,37,1,none
14173,22,female,pharmacy,3rd year,post graduate,cloudy,2.15,5.5,81,1,none
14174,18,male,nursing,2nd year,phd,sunny,1.38,8.27,82,1,none
14175,19,male,b.tech,1st year,graduate,hot,3.76,9.48,16,0,travel
14177,18,female,b.tech,1st year,graduate,rainy,1.29,6.8,58,1,none
14178,24,female,ba,2nd year,post graduate,cold,4.58,6.24,71,0,festival
14180,20,male,b.com,3rd year,high school,cloudy,1.6,5.78,52,0,travel
14181,20,male,diploma,1st year,high school,sunny,0.36,5.31,66,0,personal work
14182,22,female,nursing,2nd year,phd,cloudy,4.15,4.15,56,0,personal work
14184,21,male,bba,4th year,no formal,cold,5.16,7.33,62,0,festival
14187,23,male,b.com,1st year,post graduate,hot,3.18,4.19,88,0,project work
14188,24,male,bca,4th year,high school,hot,5.1,5.12,56,0,personal work
14190,17,male,b.tech,3rd year,no formal,cold,0.61,4.27,78,1,none
14193,20,male,bca,1st year,graduate,cold,0.37,4.32,15,1,none
14194,19,male,diploma,2nd year,high school,hot,0.92,8.5,28,1,none
14195,19,female,bca,3rd year,post graduate,cold,2.63,7.04,29,0,project work
14196,17,female,ba,1st year,phd,sunny,4.81,5.94,88,0,travel
14198,23,female,bba,2nd year,post graduate,sunny,2.9,7.37,56,1,none
14200,23,male,diploma,2nd year,phd,hot,2.44,9.39,29,1,none
14201,19,male,b.sc,4th year,high school,rainy,2.74,7.75,51,1,none
14202,23,male,b.com,2nd year,post graduate,rainy,3.67,7.63,82,0,none
14203,19,female,b.sc,4th year,post graduate,cold,4.43,8.04,10,1,none
14204,23,male,b.tech,1st year,high school,hot,3.52,7.54,57,1,none
14209,19,male,b.com,3rd year,post graduate,sunny,4.22,5.85,58,1,none
14211,17,female,bba,1st year,post graduate,rainy,3.0,8.68,42,1,none
14214,24,female,bba,1st year,phd,sunny,2.57,7.66,5,0,project work
14215,21,male,b.sc,2nd year,no formal,cloudy,3.12,6.05,27,1,none
14217,19,female,nursing,3rd year,high school,cold,2.4,8.31,45,1,none
14218,20,female,pharmacy,4th year,post graduate,sunny,5.88,5.85,73,0,none
14219,18,female,ba,2nd year,phd,rainy,3.09,9.52,69,0,none
14221,24,female,nursing,4th year,high school,cloudy,2.64,4.06,8,0,none
14222,21,male,bba,4th year,post graduate,cold,1.13,4.3,6,0,sick
14224,22,female,b.tech,1st year,no formal,cold,2.27,9.94,43,0,no reason
14225,22,male,b.com,2nd year,high school,cloudy,4.67,4.45,28,0,personal work
14226,17,female,b.com,2nd year,post graduate,hot,5.47,6.39,53,0,none
14229,23,male,diploma,4th year,graduate,hot,0.05,5.96,57,0,project work
14230,21,female,ba,1st year,phd,cold,5.33,6.65,45,0,personal work
14232,21,female,b.sc,1st year,graduate,cloudy,3.74,4.35,76,0,travel
14233,20,female,b.com,3rd year,high school,hot,3.51,5.35,5,0,sick
14234,20,male,b.sc,3rd year,graduate,hot,1.57,4.06,71,0,festival
14235,22,male,nursing,3rd year,high school,sunny,4.54,8.64,41,1,none
14238,19,female,nursing,2nd year,post graduate,cloudy,3.94,9.15,16,1,none
14241,20,female,b.com,4th year,post graduate,cold,0.3,9.18,66,0,none
14242,22,female,b.sc,4th year,phd,cold,2.89,5.65,76,1,none
14243,17,male,diploma,3rd year,no formal,cold,2.93,5.92,66,0,travel
14244,19,male,nursing,4th year,phd,hot,5.84,5.64,87,1,none
14245,24,female,diploma,2nd year,phd,rainy,5.47,8.99,81,0,personal work
14246,21,female,bba,3rd year,no formal,cold,5.45,4.46,84,0,sick
14248,18,male,ba,3rd year,graduate,hot,1.14,6.43,11,1,none
14249,19,male,b.com,3rd year,post graduate,sunny,3.31,7.59,42,1,none
14250,24,male,b.sc,1st year,graduate,rainy,0.35,6.88,88,0,sick
14253,19,male,diploma,1st year,high school,cold,2.27,7.05,70,0,none
14256,23,female,b.tech,1st year,no formal,sunny,3.42,7.45,10,1,none
14257,23,female,nursing,4th year,post graduate,rainy,3.93,5.58,54,0,personal work
14258,20,female,b.com,2nd year,phd,sunny,1.18,6.19,86,0,no reason
14259,19,male,b.com,2nd year,graduate,rainy,2.65,9.59,9,0,no reason
14260,24,male,nursing,2nd year,post graduate,cold,3.71,5.66,48,0,travel
14262,20,male,bca,1st year,no formal,cold,3.96,4.67,39,0,personal work
14263,22,male,b.sc,2nd year,post graduate,cloudy,2.52,8.72,32,0,no reason
14267,20,male,bca,3rd year,post graduate,sunny,5.46,4.85,7,1,none
14269,19,male,bca,1st year,graduate,cloudy,4.72,6.64,35,1,none
14270,20,male,bba,3rd year,high school,rainy,1.15,7.63,35,1,none
14272,21,male,b.tech,2nd year,no formal,hot,0.71,9.21,40,0,sick
14273,18,female,b.tech,3rd year,phd,cold,2.41,5.68,87,0,sick
14274,20,male,b.sc,3rd year,phd,cold,1.61,7.95,73,0,festival
14275,18,male,b.sc,4th year,no formal,hot,2.32,4.64,47,1,none
14277,22,female,b.tech,1st year,graduate,sunny,1.25,9.11,43,0,travel
14279,18,male,bba,1st year,no formal,rainy,2.51,6.09,25,1,none
14283,22,male,b.tech,1st year,post graduate,rainy,3.02,8.76,34,0,festival
14284,18,male,diploma,1st year,post graduate,sunny,1.57,6.47,63,1,none
14285,23,female,nursing,4th year,graduate,rainy,2.73,6.62,86,1,none
14286,20,male,pharmacy,1st year,no formal,hot,5.34,4.06,86,1,none
14287,17,male,ba,2nd year,phd,rainy,0.8,8.45,21,0,none
14292,18,male,ba,3rd year,phd,hot,2.68,9.34,85,1,none
14294,19,male,ba,1st year,phd,rainy,3.06,6.54,72,0,sick
14295,23,female,bca,2nd year,no formal,cold,3.72,4.75,89,0,none
14296,19,male,bba,2nd year,high school,sunny,1.98,4.39,33,1,none
14297,22,male,pharmacy,4th year,no formal,sunny,2.51,4.42,31,0,travel
14299,21,male,bca,3rd year,graduate,sunny,1.48,7.92,52,1,none
14302,17,female,bca,1st year,no formal,hot,1.24,5.77,30,1,none
14303,22,male,nursing,2nd year,phd,rainy,4.25,8.97,10,1,none
14304,17,female,diploma,3rd year,phd,cloudy,1.87,5.48,26,0,none
14305,24,female,bba,4th year,high school,cold,2.3,4.41,60,0,festival
14306,23,female,diploma,2nd year,post graduate,cold,0.97,7.22,63,0,festival
14307,21,female,b.com,2nd year,high school,sunny,1.99,7.06,71,1,none
14308,24,female,bca,1st year,phd,rainy,2.13,9.57,39,0,sick
14310,18,male,diploma,1st year,no formal,sunny,1.05,8.29,88,1,none
14311,22,female,nursing,3rd year,high school,sunny,2.02,8.06,59,0,sick
14312,20,male,nursing,1st year,no formal,hot,3.0,4.9,62,0,sick
14313,23,female,diploma,2nd year,post graduate,rainy,4.1,6.66,44,0,none
14314,23,male,diploma,2nd year,phd,hot,2.91,8.88,67,1,none
14316,20,female,b.sc,2nd year,phd,cloudy,1.31,4.17,34,1,none
14318,18,male,bba,4th year,no formal,cloudy,4.21,5.82,75,1,none
14319,18,female,ba,4th year,no formal,hot,1.54,5.19,51,0,no reason
14322,19,male,b.sc,1st year,post graduate,cloudy,0.18,4.58,50,0,none
14323,20,female,b.sc,1st year,graduate,sunny,5.74,6.75,74,1,none
14324,18,male,bca,2nd year,post graduate,cold,0.65,7.77,61,1,none
14325,21,female,b.tech,3rd year,no formal,sunny,2.92,4.19,49,1,none
14326,20,male,b.tech,3rd year,graduate,sunny,5.38,5.26,6,1,none
14327,23,male,diploma,3rd year,no formal,sunny,5.55,8.88,53,1,none
14332,19,female,ba,3rd year,no formal,cloudy,4.82,4.63,77,0,travel
14333,22,male,ba,3rd year,high school,hot,5.72,7.49,7,1,none
14335,18,male,nursing,4th year,graduate,rainy,2.07,4.23,36,0,project work
14336,20,male,b.tech,3rd year,graduate,cold,5.93,7.14,53,1,none
14338,20,female,b.com,3rd year,no formal,rainy,5.15,6.78,5,1,none
14339,17,male,bba,2nd year,no formal,hot,3.03,8.48,67,0,sick
14340,18,female,b.sc,1st year,phd,rainy,5.07,7.2,32,1,none
14342,19,female,b.tech,1st year,no formal,cloudy,0.65,8.71,73,0,personal work
14344,18,female,b.com,2nd year,graduate,hot,4.53,8.39,45,1,none
14345,22,female,nursing,4th year,graduate,sunny,2.68,9.71,84,0,festival
14346,18,male,b.tech,3rd year,post graduate,cloudy,1.34,8.95,14,0,none
14347,22,male,b.sc,4th year,high school,cold,1.74,7.86,37,1,none
14349,19,female,b.tech,4th year,post graduate,cold,3.32,8.18,31,1,none
14351,17,female,ba,2nd year,graduate,hot,2.07,6.27,18,0,sick
14352,19,female,bca,2nd year,high school,rainy,3.66,9.75,6,0,personal work
14353,17,female,b.tech,1st year,post graduate,hot,3.36,7.88,75,0,travel
14354,24,female,b.sc,3rd year,no formal,cloudy,5.93,9.16,46,1,none
14359,19,male,ba,2nd year,phd,hot,5.38,8.21,78,0,travel
14362,23,female,b.tech,4th year,no formal,cold,2.16,8.5,80,0,project work
14363,20,male,bca,2nd year,graduate,cold,4.62,6.21,63,1,none
14364,20,male,bca,1st year,high school,hot,4.72,6.85,13,1,none
14367,19,male,pharmacy,2nd year,phd,cloudy,4.97,5.85,7,1,none
14368,18,female,b.sc,1st year,no formal,cloudy,3.78,8.66,52,0,travel
14369,17,female,b.sc,1st year,post graduate,sunny,2.83,7.83,12,0,no reason
14370,17,male,bca,1st year,high school,cold,3.57,8.2,77,1,none
14371,20,female,nursing,3rd year,post graduate,hot,3.78,5.44,55,1,none
14373,19,male,diploma,2nd year,phd,sunny,5.28,4.37,84,0,personal work
14376,19,female,nursing,4th year,post graduate,cold,5.32,7.23,39,1,none
14377,18,male,b.com,3rd year,phd,rainy,0.83,7.09,27,1,none
14378,21,male,nursing,3rd year,post graduate,cloudy,0.74,4.42,15,1,none
14379,22,male,bba,3rd year,no formal,hot,2.11,9.23,26,1,none
14380,19,female,b.com,1st year,phd,rainy,1.61,7.37,87,0,travel
14381,21,female,b.sc,4th year,post graduate,hot,4.48,5.24,23,1,none
14382,20,male,nursing,3rd year,phd,sunny,4.64,7.52,43,1,none
14383,19,female,diploma,4th year,high school,hot,2.09,9.06,87,1,none
14385,21,male,diploma,1st year,graduate,cold,3.83,4.06,86,1,none
14387,20,male,b.sc,2nd year,post graduate,rainy,3.46,7.05,88,1,none
14388,20,female,bca,1st year,high school,cloudy,3.36,8.84,73,0,none
14389,23,male,b.com,4th year,no formal,cold,0.97,8.94,50,1,none
14390,19,male,bca,3rd year,high school,sunny,2.02,6.67,14,1,none
14392,21,female,diploma,1st year,post graduate,rainy,1.89,5.43,14,0,festival
14393,18,female,bba,1st year,high school,sunny,2.88,8.92,17,0,none
14394,20,female,pharmacy,2nd year,high school,hot,1.39,4.84,33,0,project work
14395,24,male,bba,4th year,phd,cloudy,4.66,8.58,50,0,travel
14397,22,female,pharmacy,4th year,high school,rainy,2.78,6.85,32,0,none
14398,23,male,ba,4th year,phd,hot,2.59,8.05,86,0,project work
14400,17,male,b.sc,2nd year,post graduate,cloudy,2.04,4.91,42,0,none
14402,19,male,bba,4th year,high school,cold,0.46,4.18,42,0,project work
14403,19,male,diploma,3rd year,post graduate,hot,1.58,6.23,49,1,none
14404,24,male,b.sc,2nd year,high school,hot,5.25,8.11,19,1,none
14405,17,female,b.com,2nd year,post graduate,sunny,5.41,6.35,40,1,none
14406,21,female,b.sc,4th year,high school,hot,3.64,6.02,83,0,sick
14407,24,male,b.com,2nd year,post graduate,cold,3.62,9.76,68,1,none
14408,24,male,pharmacy,4th year,graduate,sunny,5.93,4.95,35,0,travel
14409,21,male,pharmacy,1st year,phd,cloudy,5.89,5.37,65,1,none
14410,24,female,bba,2nd year,graduate,hot,0.82,6.04,21,0,travel
14412,21,male,pharmacy,4th year,post graduate,rainy,5.35,9.23,78,0,no reason
14414,17,female,b.tech,1st year,post graduate,cloudy,2.96,9.94,36,1,none
14415,17,male,ba,3rd year,high school,hot,1.29,9.8,63,0,no reason
14416,24,male,pharmacy,4th year,phd,hot,4.25,6.05,58,1,none
14420,21,female,b.tech,1st year,no formal,cold,0.09,9.37,73,1,none
14424,24,female,pharmacy,1st year,post graduate,rainy,1.74,8.11,72,1,none
14425,22,female,bba,3rd year,graduate,cold,2.12,8.77,53,1,none
14428,21,female,bba,2nd year,no formal,cloudy,2.7,9.57,19,1,none
14429,23,male,nursing,1st year,phd,cold,5.8,9.3,89,1,none
14430,23,female,nursing,3rd year,post graduate,cloudy,2.27,9.04,50,0,sick
14431,17,female,b.com,3rd year,post graduate,cloudy,2.8,9.7,52,1,none
14433,22,male,diploma,4th year,high school,cold,0.37,5.18,22,0,travel
14434,24,male,b.tech,3rd year,high school,cold,0.37,5.31,70,1,none
14437,19,male,diploma,1st year,no formal,cold,0.97,4.86,28,1,none
14438,18,male,b.sc,4th year,graduate,rainy,4.02,6.69,40,1,none
14439,18,female,bca,2nd year,graduate,hot,4.93,7.41,25,0,project work
14442,20,female,bba,4th year,phd,sunny,1.05,5.58,65,1,none
14443,18,male,bca,2nd year,phd,rainy,0.74,5.21,13,1,none
14444,18,female,ba,3rd year,phd,cold,3.83,8.16,86,1,none
14445,21,male,bca,3rd year,high school,cold,4.12,5.65,16,0,festival
14446,23,female,b.com,3rd year,no formal,cloudy,3.97,4.07,36,1,none
14447,18,male,bca,3rd year,high school,rainy,2.44,5.43,64,0,personal work
14448,21,male,b.com,1st year,high school,hot,0.32,8.89,28,1,none
14451,17,male,b.tech,1st year,graduate,rainy,3.62,9.71,50,1,none
14452,22,female,b.sc,1st year,high school,hot,0.81,4.06,40,0,sick
14453,17,female,b.sc,2nd year,phd,cloudy,1.39,9.33,49,1,none
14454,18,male,diploma,3rd year,phd,cold,5.66,7.96,53,0,sick
14455,19,female,b.sc,3rd year,high school,rainy,3.65,9.1,57,0,no reason
14456,23,female,ba,4th year,graduate,rainy,1.46,9.44,63,1,none
14458,23,female,ba,2nd year,high school,rainy,4.28,4.88,63,0,sick
14460,24,female,b.com,3rd year,high school,rainy,4.26,8.34,62,1,none
14461,19,male,b.tech,4th year,graduate,hot,1.65,8.72,37,0,sick
14462,17,female,bba,1st year,high school,cold,5.41,5.66,51,1,none
14464,23,male,bca,3rd year,graduate,hot,1.8,8.22,26,1,none
14466,22,female,bba,3rd year,post graduate,hot,4.91,4.89,43,1,none
14469,21,female,ba,4th year,no formal,cloudy,3.64,4.31,31,1,none
14470,21,female,b.sc,4th year,post graduate,hot,4.36,5.05,10,1,none
14471,23,male,diploma,2nd year,no formal,cold,1.91,7.64,21,1,none
14474,21,male,ba,1st year,phd,rainy,2.32,6.98,70,0,festival
14475,22,female,b.tech,1st year,no formal,cloudy,1.79,8.92,58,0,personal work
14476,23,female,bca,2nd year,phd,rainy,1.87,6.55,25,0,no reason
14477,20,male,bba,3rd year,post graduate,sunny,4.61,8.58,12,1,none
14478,19,male,bba,3rd year,no formal,cold,3.63,8.19,80,0,festival
14479,23,male,b.com,3rd year,high school,sunny,5.44,6.24,21,1,none
14480,24,male,b.sc,3rd year,graduate,rainy,1.8,7.48,64,1,none
14481,21,male,bca,1st year,post graduate,hot,0.54,8.89,47,1,none
14482,17,male,bca,4th year,post graduate,rainy,0.27,4.3,42,0,travel
14483,19,female,b.sc,1st year,graduate,hot,2.65,4.91,52,0,no reason
14484,20,female,b.sc,2nd year,post graduate,cold,2.87,4.66,72,0,festival
14485,22,male,bba,3rd year,high school,cold,5.3,9.93,54,0,sick
14486,22,male,b.tech,1st year,high school,rainy,3.21,6.57,83,0,no reason
14487,23,female,b.sc,2nd year,no formal,hot,0.06,6.52,86,0,festival
14491,24,male,diploma,3rd year,graduate,cold,4.69,6.71,11,0,sick
14493,24,male,b.com,1st year,post graduate,sunny,3.36,7.05,47,1,none
14494,17,male,b.com,1st year,phd,rainy,1.24,8.96,6,1,none
14495,18,male,ba,1st year,graduate,rainy,3.67,7.63,39,1,none
14496,23,male,bca,3rd year,post graduate,sunny,4.05,6.18,66,1,none
14497,23,female,b.tech,2nd year,phd,rainy,3.72,4.78,72,0,travel
14498,24,male,bba,3rd year,graduate,cold,5.85,5.82,77,0,sick
14501,21,female,bba,1st year,phd,cold,0.3,4.85,16,1,none
14502,21,male,bca,4th year,graduate,rainy,1.24,9.33,64,0,festival
14504,19,male,diploma,4th year,high school,sunny,0.97,6.53,57,0,festival
14507,21,male,pharmacy,3rd year,phd,sunny,4.51,6.4,71,0,project work
14508,22,male,diploma,4th year,high school,cloudy,0.12,8.34,49,1,none
14511,17,female,diploma,1st year,post graduate,cloudy,2.85,9.11,21,1,none
14512,19,male,bba,3rd year,high school,cloudy,3.35,9.86,69,1,none
14513,20,female,ba,3rd year,no formal,hot,5.26,7.68,23,1,none
14514,20,female,bca,4th year,graduate,cold,5.92,9.05,51,1,none
14515,24,male,ba,1st year,phd,sunny,2.98,7.39,33,1,none
14517,22,female,diploma,4th year,high school,cloudy,4.55,7.26,85,1,none
14518,19,male,pharmacy,3rd year,post graduate,cloudy,0.06,7.52,57,0,personal work
14520,23,female,diploma,1st year,high school,rainy,1.03,5.37,42,0,no reason
14521,24,female,diploma,1st year,no formal,cloudy,5.4,9.68,21,1,none
14522,20,female,diploma,4th year,no formal,cold,5.62,9.36,13,1,none
14523,23,male,b.com,2nd year,phd,cold,0.57,9.01,21,1,none
14524,24,male,pharmacy,2nd year,phd,cloudy,3.98,6.27,89,0,personal work
14525,21,male,bba,1st year,phd,cold,0.75,9.94,88,0,travel
14526,18,male,nursing,2nd year,phd,cold,1.04,8.26,49,1,none
14527,17,female,b.sc,1st year,graduate,rainy,0.57,4.59,84,0,festival
14528,23,female,b.com,4th year,no formal,hot,4.61,5.81,43,1,none
14531,17,female,ba,3rd year,post graduate,cloudy,5.9,8.37,88,1,none
14532,24,male,b.sc,3rd year,phd,cold,2.59,9.81,83,1,none
14533,19,male,b.com,1st year,high school,cold,3.44,7.05,83,1,none
14534,19,male,diploma,1st year,high school,rainy,5.55,9.75,50,1,none
14535,22,male,b.tech,2nd year,phd,hot,2.15,4.77,19,0,project work
14536,19,male,b.sc,3rd year,phd,sunny,0.89,9.56,60,0,travel
14538,22,female,pharmacy,4th year,phd,cold,2.78,5.35,31,1,none
14540,19,male,b.sc,4th year,phd,sunny,1.62,4.43,89,1,none
14541,23,male,b.com,1st year,no formal,hot,2.47,5.93,28,0,sick
14542,21,male,bca,1st year,graduate,sunny,4.22,4.44,11,1,none
14543,24,female,b.sc,3rd year,phd,cloudy,4.63,9.94,38,0,festival
14544,19,female,pharmacy,1st year,phd,sunny,4.72,7.44,37,0,none
14545,17,female,bba,1st year,graduate,sunny,3.59,8.92,62,1,none
14547,18,female,b.sc,4th year,phd,rainy,2.3,8.86,69,1,none
14549,22,male,diploma,1st year,high school,rainy,2.17,7.23,67,1,none
14550,18,female,bca,1st year,phd,rainy,3.17,6.56,42,1,none
14551,23,female,b.com,1st year,graduate,hot,5.43,9.68,58,0,festival
14552,17,female,ba,2nd year,high school,rainy,4.62,9.43,50,0,none
14554,19,female,ba,3rd year,no formal,hot,2.19,6.89,44,0,project work
14555,22,female,b.sc,4th year,post graduate,cloudy,0.1,6.44,46,1,none
14557,21,female,b.com,3rd year,no formal,cold,2.54,9.76,38,1,none
14558,20,female,bba,1st year,phd,cold,5.6,9.42,26,1,none
14559,22,male,bca,1st year,graduate,rainy,0.05,7.37,84,0,no reason
14560,18,male,b.tech,2nd year,post graduate,sunny,1.6,6.7,77,1,none
14561,22,male,b.sc,3rd year,post graduate,rainy,1.23,4.55,81,0,no reason
14562,17,female,pharmacy,4th year,no formal,cloudy,1.31,5.99,86,1,none
14564,22,male,b.com,4th year,post graduate,cold,2.72,6.24,42,1,none
14567,18,male,b.sc,4th year,phd,hot,0.83,6.01,23,0,no reason
14568,18,male,b.com,1st year,graduate,hot,2.37,9.14,14,0,festival
14570,18,female,bca,2nd year,graduate,cloudy,3.12,6.93,76,0,no reason
14571,24,male,bba,4th year,post graduate,hot,2.5,7.98,35,1,none
14573,23,female,ba,1st year,no formal,cold,1.42,6.25,54,0,none
14574,24,female,b.com,3rd year,graduate,sunny,5.87,7.58,71,1,none
14576,19,male,nursing,3rd year,high school,hot,0.31,5.01,87,0,travel
14577,21,female,nursing,4th year,phd,cloudy,0.48,9.63,7,1,none
14578,23,male,nursing,3rd year,graduate,hot,0.37,5.01,42,0,project work
14579,18,female,b.tech,4th year,no formal,sunny,1.05,6.3,88,0,none
14581,19,female,ba,4th year,phd,hot,5.17,7.71,48,1,none
14583,19,male,ba,4th year,graduate,hot,3.56,5.04,86,0,no reason
14584,18,female,b.com,2nd year,high school,cloudy,0.08,4.22,56,1,none
14586,23,male,b.sc,3rd year,graduate,cloudy,4.08,7.05,15,1,none
14587,18,male,ba,3rd year,high school,hot,3.21,5.99,81,0,travel
14589,22,male,bca,4th year,graduate,sunny,5.53,8.35,47,1,none
14590,22,male,b.com,3rd year,post graduate,rainy,0.05,7.72,61,0,personal work
14592,22,male,bca,3rd year,graduate,sunny,1.75,7.01,5,0,no reason
14593,22,female,diploma,3rd year,post graduate,cloudy,5.72,4.89,81,1,none
14594,17,male,nursing,2nd year,graduate,cloudy,4.75,5.91,40,1,none
14595,17,female,b.tech,3rd year,graduate,rainy,0.24,5.38,11,0,project work
14596,21,male,b.tech,2nd year,high school,rainy,4.75,6.45,29,0,festival
14597,24,male,bba,4th year,phd,sunny,1.2,8.24,6,0,project work
14599,22,male,diploma,1st year,high school,rainy,2.91,9.37,45,0,travel
14600,18,male,b.com,3rd year,high school,cloudy,0.05,6.76,30,0,no reason
14601,20,male,bba,3rd year,high school,rainy,2.26,7.2,62,0,festival
14603,22,female,bca,3rd year,post graduate,cloudy,5.87,7.07,64,1,none
14604,17,male,bba,1st year,post graduate,cold,0.61,8.15,30,1,none
14605,24,female,bca,4th year,graduate,hot,1.64,4.09,57,0,personal work
14606,24,female,b.sc,4th year,high school,sunny,1.64,7.93,54,0,personal work
14607,20,female,bba,1st year,high school,cloudy,5.39,7.44,13,1,none
14608,19,male,bba,1st year,post graduate,cloudy,3.37,5.1,19,1,none
14613,17,male,bba,3rd year,graduate,hot,3.24,5.98,28,1,none
14614,23,female,pharmacy,2nd year,no formal,hot,0.37,4.31,39,1,none
14616,23,female,pharmacy,2nd year,post graduate,rainy,2.95,6.3,39,0,personal work
14618,18,female,nursing,2nd year,phd,hot,3.56,6.27,71,1,none
14620,18,male,b.com,3rd year,graduate,sunny,3.39,6.55,11,0,personal work
14623,19,male,b.tech,3rd year,high school,hot,3.98,9.23,12,0,personal work
14625,20,male,nursing,4th year,no formal,cold,4.91,4.79,66,1,none
14628,19,male,diploma,2nd year,high school,rainy,0.82,9.81,38,0,no reason
14629,19,female,pharmacy,1st year,graduate,cold,5.61,9.1,55,1,none
14630,21,female,pharmacy,3rd year,phd,rainy,3.55,4.24,73,0,personal work
14632,23,male,pharmacy,3rd year,high school,rainy,2.6,6.16,86,0,travel
14634,17,male,b.com,3rd year,high school,sunny,0.19,8.12,70,1,none
14635,24,male,pharmacy,3rd year,no formal,cold,2.75,8.7,85,1,none
14637,20,female,diploma,3rd year,graduate,rainy,1.82,9.11,89,0,travel
14641,17,male,nursing,4th year,graduate,sunny,2.65,6.26,28,1,none
14642,22,male,bba,1st year,no formal,hot,2.11,8.68,69,1,none
14647,24,male,pharmacy,3rd year,high school,rainy,1.74,6.45,70,0,travel
14649,22,male,pharmacy,4th year,no formal,hot,1.45,8.78,44,1,none
14651,19,female,bba,2nd year,phd,rainy,0.99,6.14,68,0,personal work
14652,18,male,nursing,3rd year,graduate,rainy,1.26,4.72,49,0,sick
14655,20,female,bca,3rd year,graduate,rainy,1.29,6.72,57,0,sick
14657,19,male,bca,2nd year,phd,cold,5.93,9.29,13,1,none
14658,22,male,nursing,1st year,phd,rainy,0.64,4.47,50,0,project work
14659,20,male,bca,2nd year,high school,hot,3.49,8.08,19,1,none
14660,21,male,ba,1st year,phd,cold,3.98,5.65,64,0,none
14661,18,female,ba,4th year,graduate,hot,0.21,4.18,67,1,none
14662,17,female,bca,3rd year,high school,cloudy,2.01,9.94,35,0,festival
14663,24,male,bca,2nd year,phd,cold,5.57,8.6,27,0,personal work
14664,20,female,b.com,2nd year,no formal,sunny,2.26,5.83,48,1,none
14665,19,male,bba,1st year,high school,cold,5.42,7.23,43,1,none
14666,19,female,b.com,2nd year,high school,cold,2.33,6.94,16,0,no reason
14668,21,female,bba,3rd year,phd,hot,2.48,4.8,25,0,sick
14669,20,male,nursing,1st year,no formal,hot,1.36,7.14,28,1,none
14670,24,male,ba,1st year,no formal,sunny,2.63,5.52,35,1,none
14672,18,male,b.com,1st year,graduate,sunny,5.34,4.72,20,1,none
14674,24,male,bca,1st year,no formal,rainy,2.31,7.21,43,1,none
14675,20,female,bca,1st year,graduate,hot,5.67,4.18,86,1,none
14676,17,female,nursing,1st year,no formal,hot,1.55,8.61,47,0,no reason
14677,18,female,bba,3rd year,graduate,rainy,2.27,4.13,9,0,festival
14679,24,male,b.tech,2nd year,high school,sunny,4.7,9.94,72,1,none
14680,18,female,ba,2nd year,no formal,sunny,2.85,7.51,43,1,none
14681,21,female,diploma,3rd year,no formal,hot,5.29,6.2,77,1,none
14682,20,male,ba,1st year,post graduate,cold,4.26,5.95,60,1,none
14683,19,female,diploma,4th year,post graduate,sunny,1.29,4.17,61,0,personal work
14685,24,male,bba,4th year,phd,cold,1.5,6.24,28,1,none
14686,18,male,bca,2nd year,phd,hot,3.37,5.74,68,0,personal work
14687,17,female,pharmacy,2nd year,no formal,rainy,1.2,9.57,30,0,travel
14688,19,male,diploma,1st year,high school,sunny,0.2,4.85,31,0,festival
14689,19,male,pharmacy,2nd year,post graduate,hot,0.21,8.22,15,0,none
14691,21,male,nursing,3rd year,high school,sunny,3.83,4.22,65,1,none
14692,17,male,pharmacy,3rd year,graduate,hot,4.14,7.66,38,0,sick
14693,19,female,pharmacy,2nd year,graduate,rainy,5.54,9.94,33,0,no reason
14694,22,female,bba,4th year,graduate,rainy,5.39,9.41,52,1,none
14695,20,female,bba,4th year,graduate,rainy,1.6,9.9,77,0,personal work
14696,21,female,bca,2nd year,no formal,cloudy,4.07,5.72,31,0,travel
14697,19,male,pharmacy,3rd year,post graduate,sunny,4.33,9.68,75,1,none
14699,18,male,pharmacy,1st year,graduate,cloudy,0.24,6.8,53,0,none
14700,17,female,pharmacy,3rd year,graduate,hot,0.05,4.4,28,1,none
14701,17,male,bca,2nd year,no formal,rainy,3.28,9.01,44,1,none
14702,21,female,b.com,1st year,high school,hot,4.78,4.5,68,0,travel
14703,18,female,b.sc,4th year,high school,rainy,3.33,4.68,29,1,none
14704,21,female,pharmacy,3rd year,high school,cloudy,1.46,6.16,42,0,no reason
14705,24,female,b.sc,3rd year,high school,cold,5.18,4.56,66,1,none
14706,22,male,b.tech,4th year,high school,hot,4.81,4.68,37,1,none
14707,21,male,bba,3rd year,graduate,sunny,3.33,8.57,85,1,none
14709,20,female,diploma,3rd year,no formal,cold,0.68,9.55,68,0,no reason
14710,24,female,b.com,1st year,graduate,cloudy,3.27,6.09,61,0,personal work
14713,22,female,nursing,2nd year,no formal,rainy,1.87,7.59,22,1,none
14715,18,female,diploma,3rd year,high school,hot,5.83,4.84,76,0,no reason
14716,17,male,b.tech,2nd year,no formal,hot,4.04,5.2,62,0,travel
14717,19,female,b.sc,1st year,graduate,rainy,2.22,8.46,61,0,sick
14720,21,female,nursing,4th year,no formal,cloudy,2.62,4.72,36,0,none
14722,22,male,pharmacy,2nd year,graduate,rainy,4.16,8.77,60,1,none
14723,23,male,b.com,4th year,no formal,cloudy,1.23,8.72,40,0,travel
14724,22,female,pharmacy,2nd year,post graduate,cloudy,5.63,7.71,33,1,none
14725,24,male,pharmacy,3rd year,high school,cloudy,4.93,8.19,12,1,none
14727,23,male,nursing,1st year,post graduate,hot,0.19,5.6,21,1,none
14728,20,female,b.tech,3rd year,no formal,cold,3.46,7.19,44,0,project work
14730,18,male,b.sc,4th year,post graduate,cold,5.56,4.75,38,1,none
14731,17,male,bca,3rd year,high school,cold,4.97,6.81,14,1,none
14732,24,female,b.tech,2nd year,post graduate,rainy,1.69,6.95,62,0,travel
14734,23,male,bba,1st year,phd,sunny,2.53,7.74,46,0,project work
14735,23,male,nursing,2nd year,phd,sunny,4.81,7.75,29,0,no reason
14737,24,female,bca,3rd year,graduate,sunny,3.19,9.21,60,1,none
14739,24,male,pharmacy,3rd year,post graduate,cloudy,0.95,4.51,71,0,sick
14740,20,male,ba,1st year,high school,rainy,5.63,5.75,19,1,none
14741,19,female,bba,2nd year,high school,rainy,0.08,5.2,56,0,project work
14742,17,male,b.com,1st year,high school,hot,4.94,4.88,35,1,none
14743,23,female,b.tech,3rd year,phd,sunny,4.8,7.29,62,1,none
14747,23,female,diploma,4th year,no formal,rainy,3.21,9.08,16,0,no reason
14749,21,female,pharmacy,4th year,no formal,hot,0.48,5.03,67,1,none
14750,22,female,ba,2nd year,post graduate,sunny,2.52,6.34,37,0,sick
14754,24,male,b.sc,2nd year,graduate,hot,1.95,5.6,88,0,project work
14758,20,male,b.tech,1st year,phd,cold,0.23,5.38,38,0,festival
14759,19,female,diploma,1st year,graduate,cold,0.14,8.2,52,1,none
14762,21,male,ba,1st year,graduate,cold,3.32,6.14,72,0,project work
14763,20,female,nursing,4th year,graduate,cold,1.78,6.85,47,0,festival
14766,18,male,bba,1st year,high school,cloudy,0.34,8.97,37,1,none
14769,17,male,nursing,2nd year,no formal,cold,1.96,9.61,37,1,none
14770,18,male,pharmacy,2nd year,graduate,cold,5.93,4.06,44,1,none
14771,23,male,b.sc,2nd year,no formal,cold,3.91,6.23,37,1,none
14772,20,male,nursing,2nd year,graduate,cloudy,1.73,7.87,76,0,project work
14774,23,female,b.tech,1st year,phd,hot,2.38,8.19,88,0,festival
14776,20,male,b.com,3rd year,no formal,cold,3.22,6.77,26,1,none
14777,17,female,pharmacy,1st year,phd,sunny,1.54,6.96,10,1,none
14780,24,male,b.tech,3rd year,high school,hot,0.21,5.83,48,1,none
14781,19,female,nursing,3rd year,no formal,sunny,4.4,9.59,14,1,none
14782,18,female,b.tech,2nd year,phd,rainy,2.95,5.35,51,0,travel
14783,17,female,b.com,3rd year,graduate,rainy,5.28,6.88,34,1,none
14784,18,female,bba,4th year,high school,rainy,2.4,6.37,5,0,none
14785,18,female,b.tech,2nd year,no formal,rainy,0.45,8.89,25,1,none
14787,22,male,pharmacy,3rd year,phd,cloudy,1.58,5.34,72,0,sick
14788,24,male,bba,1st year,high school,cold,3.23,9.93,19,0,festival
14789,23,female,b.com,2nd year,post graduate,cold,5.62,6.79,51,1,none
14790,24,female,nursing,1st year,high school,cloudy,3.42,7.54,11,1,none
14793,20,male,nursing,1st year,phd,cloudy,2.76,8.06,70,1,none
14794,22,female,diploma,2nd year,post graduate,hot,4.45,5.77,82,0,none
14798,18,female,diploma,4th year,high school,cold,1.15,6.73,57,1,none
14799,23,male,pharmacy,1st year,phd,cloudy,3.64,8.9,51,1,none
14800,24,male,bba,3rd year,graduate,hot,1.14,9.51,76,0,sick
14802,19,female,bca,1st year,phd,sunny,3.06,5.49,22,0,personal work
14804,18,male,ba,3rd year,post graduate,cold,1.62,7.35,41,0,no reason
14805,19,female,diploma,2nd year,high school,hot,2.39,8.14,84,0,none
14807,21,male,diploma,2nd year,graduate,cold,5.75,7.58,11,1,none
14808,18,male,ba,4th year,phd,rainy,3.42,9.94,88,1,none
14809,21,male,b.sc,3rd year,graduate,rainy,0.09,4.87,84,0,project work
14810,23,male,b.sc,1st year,phd,sunny,0.4,9.75,53,0,travel
14811,17,female,bba,2nd year,no formal,cold,4.71,4.44,30,1,none
14812,17,male,b.sc,1st year,no formal,sunny,0.68,8.99,15,1,none
14813,24,male,ba,1st year,graduate,rainy,1.11,4.78,59,0,festival
14814,22,female,bba,1st year,high school,cloudy,3.19,8.52,70,0,no reason
14815,21,male,b.tech,4th year,no formal,cold,5.34,9.47,60,1,none
14816,24,female,ba,1st year,phd,cold,3.39,5.8,79,0,project work
14822,19,male,nursing,1st year,high school,hot,5.45,7.48,52,1,none
14824,22,female,ba,2nd year,post graduate,rainy,2.94,6.93,65,0,no reason
14825,17,male,pharmacy,4th year,no formal,rainy,5.73,4.28,83,0,sick
14826,18,female,b.tech,1st year,no formal,hot,2.56,9.04,39,1,none
14827,21,male,ba,3rd year,post graduate,hot,3.47,6.48,57,0,personal work
14828,21,female,nursing,1st year,high school,cold,1.31,6.04,63,0,travel
14829,22,female,pharmacy,4th year,no formal,hot,5.58,5.31,68,1,none
14830,19,male,pharmacy,1st year,phd,hot,0.7,8.99,86,0,travel
14831,23,female,nursing,3rd year,post graduate,cold,2.22,9.24,88,1,none
14832,20,male,pharmacy,3rd year,graduate,sunny,2.69,5.25,67,1,none
14833,18,male,bba,2nd year,graduate,rainy,0.83,9.28,46,1,none
14834,17,male,b.com,4th year,phd,cloudy,4.16,6.95,7,1,none
14836,22,female,b.sc,2nd year,graduate,rainy,5.2,4.38,49,1,none
14837,20,male,b.sc,3rd year,graduate,hot,0.33,9.94,7,0,none
14839,17,female,b.sc,3rd year,high school,cloudy,4.5,9.34,66,1,none
14840,18,male,bca,3rd year,graduate,cloudy,4.52,8.7,52,1,none
14841,17,female,b.com,2nd year,post graduate,rainy,4.38,7.36,76,1,none
14842,21,male,bca,3rd year,post graduate,sunny,4.55,5.93,26,0,festival
14843,18,female,bba,4th year,high school,rainy,1.63,7.62,28,1,none
14845,19,male,ba,2nd year,high school,cold,4.81,8.17,8,0,personal work
14847,20,male,nursing,4th year,graduate,cold,0.4,4.83,24,0,travel
14848,18,female,b.com,4th year,phd,hot,0.96,4.44,39,1,none
14850,20,male,diploma,3rd year,post graduate,hot,1.28,4.25,16,1,none
14852,22,male,b.tech,3rd year,no formal,cold,1.07,6.26,16,1,none
14853,24,female,b.sc,1st year,phd,rainy,2.11,7.13,52,0,none
14854,21,male,ba,2nd year,post graduate,cloudy,2.39,7.0,69,1,none
14855,18,male,b.com,4th year,no formal,cloudy,0.44,8.85,21,1,none
14856,19,female,b.sc,1st year,high school,cloudy,4.99,8.25,31,1,none
14857,21,female,nursing,4th year,no formal,sunny,0.48,6.29,21,0,no reason
14859,24,male,diploma,2nd year,graduate,cloudy,1.45,5.29,32,1,none
14860,24,female,b.tech,2nd year,post graduate,rainy,3.59,7.08,43,0,travel
14861,23,male,ba,4th year,post graduate,hot,2.31,4.57,40,0,festival
14863,22,male,bca,1st year,no formal,hot,2.17,7.88,44,0,project work
14865,22,male,bba,1st year,high school,rainy,4.55,6.32,8,1,none
14866,22,female,bba,1st year,no formal,rainy,1.12,6.73,68,0,no reason
14867,18,male,pharmacy,1st year,phd,cold,4.02,9.43,51,1,none
14869,17,male,ba,2nd year,high school,cold,3.56,9.93,69,0,festival
14872,24,female,b.tech,1st year,no formal,cloudy,3.27,6.2,78,1,none
14873,17,female,b.sc,1st year,high school,hot,5.82,9.2,39,1,none
14874,20,female,ba,4th year,post graduate,rainy,5.49,9.14,7,1,none
14875,19,female,ba,1st year,no formal,hot,5.65,6.12,70,1,none
14876,17,female,b.tech,1st year,no formal,cloudy,5.9,6.83,37,1,none
14877,18,male,bba,2nd year,high school,cold,4.24,6.17,67,0,sick
14878,20,male,pharmacy,2nd year,phd,rainy,1.12,9.82,79,0,no reason
14881,24,male,bca,3rd year,high school,sunny,4.01,6.46,73,0,sick
14883,23,male,bca,3rd year,high school,sunny,4.73,5.69,36,1,none
14884,23,female,ba,3rd year,phd,cloudy,3.33,7.75,34,0,sick
14885,22,female,b.sc,1st year,graduate,sunny,0.74,5.38,16,0,sick
14890,22,female,b.sc,4th year,no formal,cold,1.49,9.54,88,0,no reason
14891,22,female,pharmacy,4th year,high school,hot,3.33,5.58,28,1,none
14892,23,female,nursing,1st year,no formal,cloudy,0.92,9.3,54,0,sick
14893,22,female,bba,2nd year,no formal,rainy,3.61,5.08,36,1,none
14894,19,female,nursing,4th year,phd,cold,3.31,8.22,50,1,none
14895,19,male,b.com,3rd year,post graduate,sunny,1.35,6.22,10,0,no reason
14896,21,male,ba,3rd year,phd,cloudy,0.05,8.96,42,0,no reason
14897,20,female,b.sc,4th year,phd,rainy,1.14,5.32,31,0,personal work
14898,19,male,bba,3rd year,phd,sunny,0.56,5.62,28,1,none
14899,20,female,diploma,4th year,graduate,cloudy,4.41,9.45,11,0,project work
14901,18,male,diploma,2nd year,high school,hot,4.86,7.68,87,1,none
14902,22,male,bca,4th year,no formal,sunny,1.66,7.01,66,0,travel
14903,19,male,diploma,4th year,phd,cloudy,0.43,8.66,55,0,personal work
14907,21,male,b.sc,3rd year,high school,rainy,4.15,9.24,27,0,travel
14908,22,female,b.tech,4th year,no formal,cold,3.54,7.53,44,0,travel
14909,24,male,nursing,3rd year,high school,hot,2.15,7.05,58,1,none
14910,19,male,bba,4th year,phd,hot,2.73,5.78,89,1,none
14914,21,female,b.com,1st year,post graduate,cold,1.45,8.59,48,1,none
14915,23,female,nursing,1st year,no formal,cloudy,3.79,5.85,78,0,travel
14917,17,female,bca,2nd year,high school,sunny,5.78,4.29,22,1,none
14918,19,female,b.tech,2nd year,no formal,sunny,0.19,4.82,79,0,sick
14919,22,male,bba,1st year,phd,rainy,2.72,4.36,55,0,sick
14922,18,female,bca,3rd year,graduate,rainy,2.4,7.07,56,1,none
14923,21,male,b.tech,2nd year,no formal,rainy,3.31,4.1,89,1,none
14926,21,female,b.sc,4th year,high school,hot,5.74,5.89,5,1,none
14927,24,male,diploma,4th year,graduate,sunny,3.56,8.62,53,1,none
14929,24,female,pharmacy,1st year,high school,cold,4.99,4.37,8,0,none
14931,17,female,bba,1st year,phd,cold,0.21,4.52,13,1,none
14932,22,female,diploma,3rd year,high school,hot,0.91,9.94,26,0,sick
14933,18,male,b.tech,3rd year,phd,cloudy,2.11,4.06,37,1,none
14934,17,female,bba,4th year,high school,cold,0.59,5.14,21,0,project work
14935,18,female,b.tech,2nd year,graduate,sunny,0.82,9.36,71,1,none
14936,24,male,nursing,3rd year,graduate,rainy,0.67,7.5,17,0,festival
14938,19,female,nursing,4th year,post graduate,cold,5.09,4.78,44,1,none
14939,21,male,bca,2nd year,phd,cloudy,5.67,7.97,48,1,none
14942,24,female,b.sc,2nd year,post graduate,cloudy,3.73,7.08,5,1,none
14943,23,male,b.tech,2nd year,graduate,cloudy,1.79,4.57,76,0,no reason
14944,19,male,b.com,4th year,no formal,cloudy,1.61,5.88,22,1,none
14945,19,female,diploma,4th year,post graduate,sunny,3.87,6.08,24,1,none
14946,23,female,ba,3rd year,graduate,hot,5.27,9.5,25,1,none
14947,20,female,b.sc,2nd year,high school,sunny,3.66,8.94,11,1,none
14949,20,female,ba,2nd year,high school,cold,5.16,6.9,71,1,none
14951,21,female,diploma,2nd year,post graduate,hot,3.92,8.18,62,0,travel
14954,20,male,b.com,1st year,high school,cold,5.72,4.33,22,1,none
14955,19,female,ba,4th year,no formal,cloudy,5.52,5.33,58,1,none
14957,20,female,b.sc,2nd year,graduate,sunny,4.13,9.31,77,1,none
14958,19,female,pharmacy,4th year,post graduate,cloudy,0.65,5.27,36,0,personal work
14959,24,female,ba,3rd year,no formal,rainy,0.79,7.55,58,0,none
14960,21,female,diploma,3rd year,post graduate,rainy,0.18,9.94,28,0,festival
14961,21,female,pharmacy,2nd year,post graduate,sunny,1.64,7.86,23,1,none
14963,24,male,diploma,1st year,phd,rainy,2.64,8.99,55,1,none
14965,21,male,b.tech,2nd year,phd,cold,1.86,6.91,82,0,sick
14966,18,male,b.com,1st year,high school,cloudy,2.27,9.56,81,1,none
14967,23,female,b.sc,3rd year,no formal,sunny,5.93,4.49,28,0,personal work
14968,20,female,b.tech,4th year,no formal,sunny,3.88,6.03,79,1,none
14970,17,male,b.sc,2nd year,no formal,cold,3.43,8.38,18,1,none
14971,23,male,pharmacy,2nd year,no formal,rainy,1.28,4.19,85,0,personal work
14972,20,male,b.com,3rd year,post graduate,cold,1.29,7.5,71,1,none
14973,19,female,diploma,3rd year,high school,hot,2.52,9.84,88,0,none
14974,23,female,b.tech,1st year,graduate,sunny,1.71,8.57,26,1,none
14975,17,male,bca,4th year,no formal,rainy,2.35,9.21,47,1,none
14977,18,female,b.sc,4th year,phd,cold,3.66,5.11,23,0,none
14980,18,female,bca,3rd year,no formal,sunny,2.93,5.15,28,1,none
14984,19,male,bba,1st year,no formal,cloudy,4.11,6.41,24,1,none
14986,17,male,pharmacy,3rd year,no formal,cloudy,5.34,4.25,62,1,none
14987,17,male,ba,3rd year,post graduate,cold,1.01,4.83,86,1,none
14988,17,female,bca,2nd year,high school,cold,4.75,7.87,74,1,none
14989,24,female,bca,1st year,high school,cloudy,0.82,6.38,49,0,none
14990,22,female,ba,1st year,graduate,sunny,1.49,9.6,7,0,festival
14991,22,male,ba,4th year,no formal,hot,2.75,4.22,8,1,none
14992,24,male,nursing,1st year,post graduate,cloudy,3.07,9.17,69,0,travel
14994,22,male,ba,1st year,graduate,sunny,5.06,7.57,85,1,none
14996,21,male,b.tech,4th year,post graduate,cloudy,5.81,7.67,10,1,none
14997,22,male,diploma,2nd year,no formal,cold,0.1,4.22,78,0,festival
14998,20,male,nursing,4th year,no formal,cold,3.95,4.78,57,0,festival
14999,17,male,ba,4th year,phd,sunny,3.65,7.16,19,1,none
15001,21,female,bba,2nd year,high school,hot,1.64,6.69,62,1,none
15004,21,male,bca,4th year,phd,cloudy,5.66,5.36,72,1,none
15005,18,male,bba,2nd year,no formal,cloudy,5.9,7.99,36,0,sick
15007,20,female,nursing,3rd year,high school,rainy,2.44,8.93,20,1,none
15008,24,female,b.sc,3rd year,post graduate,cold,0.93,5.42,32,1,none
15009,21,female,bca,3rd year,graduate,rainy,1.75,9.33,78,1,none
15011,22,female,pharmacy,4th year,graduate,cold,3.61,7.6,31,1,none
15012,19,male,bca,4th year,phd,rainy,1.18,6.49,33,0,travel
15013,24,female,diploma,2nd year,high school,cloudy,1.4,5.02,80,0,festival
15014,22,male,bca,4th year,no formal,hot,3.98,8.73,49,1,none
15015,23,male,diploma,2nd year,graduate,sunny,3.62,9.52,88,1,none
15016,22,male,pharmacy,1st year,graduate,sunny,4.75,5.44,8,1,none
15019,21,male,b.sc,2nd year,no formal,sunny,1.02,5.15,50,1,none
15022,22,female,diploma,3rd year,phd,rainy,4.57,9.18,69,0,sick
15023,21,male,bca,1st year,phd,rainy,5.06,4.92,73,0,project work
15024,19,female,b.sc,1st year,phd,hot,1.31,9.87,70,0,project work
15025,17,female,pharmacy,4th year,no formal,sunny,4.85,8.51,5,1,none
15026,22,female,b.tech,2nd year,no formal,cold,4.9,9.42,45,1,none
15027,22,female,bca,1st year,high school,rainy,5.36,7.14,75,0,none
15028,20,male,b.com,2nd year,graduate,cloudy,1.08,4.26,61,0,personal work
15029,22,female,bba,4th year,high school,hot,1.85,4.98,76,1,none
15031,21,male,b.sc,3rd year,post graduate,cold,4.27,6.35,52,0,festival
15032,17,female,ba,2nd year,post graduate,sunny,1.53,4.44,46,0,project work
15033,23,female,ba,4th year,high school,cloudy,0.44,7.46,67,1,none
15034,20,female,nursing,2nd year,no formal,sunny,0.86,6.66,18,0,none
15035,22,male,bca,3rd year,high school,hot,3.26,9.13,70,1,none
15036,24,male,b.tech,2nd year,no formal,sunny,3.38,8.83,14,1,none
15037,19,female,pharmacy,3rd year,phd,cold,2.68,8.3,8,1,none
15041,17,female,bba,2nd year,no formal,hot,1.93,5.8,78,0,festival
15042,21,male,b.sc,1st year,graduate,hot,2.41,4.07,36,0,sick
15043,19,female,bba,4th year,post graduate,sunny,5.66,6.39,85,1,none
15045,20,female,b.tech,1st year,phd,cold,1.48,7.87,22,0,no reason
15046,24,female,pharmacy,1st year,phd,rainy,0.76,4.71,20,0,none
15047,18,female,ba,4th year,phd,hot,4.54,9.46,53,0,festival
15051,18,female,diploma,2nd year,post graduate,hot,5.45,9.83,47,1,none
15056,22,male,b.tech,1st year,no formal,rainy,1.38,5.69,52,0,travel
15057,20,female,b.tech,3rd year,graduate,hot,4.9,6.42,32,1,none
15058,24,male,b.sc,4th year,high school,rainy,3.81,4.26,48,0,personal work
15059,18,female,pharmacy,4th year,post graduate,sunny,0.35,6.36,62,1,none
15062,23,male,b.tech,2nd year,high school,cold,2.66,6.49,40,0,festival
15064,18,male,bca,4th year,high school,hot,3.57,9.43,45,1,none
15065,20,male,diploma,1st year,high school,hot,5.36,5.39,22,1,none
15066,22,female,ba,2nd year,no formal,hot,3.65,7.56,34,1,none
15067,17,male,b.tech,3rd year,graduate,hot,4.88,5.35,31,0,no reason
15069,19,male,bca,3rd year,high school,sunny,5.74,6.92,78,1,none
15070,22,male,b.sc,1st year,high school,cold,5.43,6.77,18,0,travel
15072,21,male,diploma,2nd year,no formal,cold,4.04,8.48,68,1,none
15075,23,male,bca,1st year,post graduate,cold,3.46,9.71,19,1,none
15076,17,female,b.tech,2nd year,post graduate,sunny,3.17,7.24,33,0,personal work
15077,18,female,ba,1st year,post graduate,hot,1.46,6.7,33,0,no reason
15078,18,male,bca,3rd year,graduate,cloudy,1.91,6.43,36,1,none
15082,22,male,pharmacy,3rd year,no formal,sunny,5.21,8.79,39,1,none
15083,20,male,b.com,4th year,phd,rainy,1.93,5.13,21,0,project work
15085,22,male,bca,1st year,graduate,sunny,4.98,7.69,77,1,none
15086,19,female,bca,3rd year,graduate,sunny,0.17,7.18,65,0,sick
15087,24,female,bca,4th year,post graduate,hot,3.45,5.41,29,1,none
15088,20,male,b.com,1st year,no formal,sunny,3.43,8.74,69,0,none
15089,21,female,b.tech,2nd year,no formal,sunny,0.13,8.68,63,1,none
15090,24,male,b.tech,3rd year,phd,cold,1.8,9.3,80,0,project work
15091,19,male,pharmacy,4th year,post graduate,cloudy,4.99,7.5,79,1,none
15092,20,female,ba,1st year,post graduate,rainy,5.64,9.83,84,0,travel
15093,21,male,bba,4th year,no formal,sunny,1.43,6.08,46,1,none
15094,19,male,bca,1st year,post graduate,cold,5.48,5.28,26,1,none
15096,19,female,ba,3rd year,phd,cold,2.65,7.9,54,1,none
15097,17,female,ba,2nd year,no formal,hot,0.37,7.27,37,0,project work
15098,22,male,b.tech,1st year,graduate,hot,3.1,8.73,89,0,sick
15099,17,male,bca,2nd year,no formal,sunny,2.46,7.9,73,1,none
15100,19,female,b.sc,3rd year,high school,rainy,3.87,7.56,51,0,personal work
15101,24,female,b.tech,1st year,high school,rainy,0.4,9.28,65,0,travel
15102,21,female,bca,3rd year,no formal,cold,1.97,5.52,6,1,none
15103,22,male,b.com,1st year,high school,sunny,0.42,6.36,75,0,project work
15105,19,female,bba,3rd year,phd,cloudy,2.07,7.81,73,1,none
15107,18,female,diploma,4th year,graduate,hot,5.37,5.34,57,0,project work
15108,22,female,b.tech,3rd year,phd,cold,0.42,5.33,6,0,festival
15109,22,male,b.com,3rd year,graduate,rainy,3.27,5.9,61,1,none
15111,24,male,ba,2nd year,no formal,sunny,5.83,5.69,86,1,none
15114,21,female,ba,2nd year,high school,sunny,0.05,7.31,62,0,none
15117,23,male,diploma,1st year,post graduate,rainy,2.9,9.64,5,0,travel
15118,19,male,pharmacy,4th year,no formal,sunny,0.77,4.38,46,0,travel
15119,24,female,ba,1st year,phd,cloudy,1.64,9.73,31,0,no reason
15121,24,male,b.com,1st year,high school,sunny,0.2,9.01,55,1,none
15124,17,male,bca,4th year,phd,cloudy,1.59,9.94,13,0,sick
15126,17,female,b.tech,1st year,no formal,sunny,2.78,6.46,79,0,none
15127,20,female,bca,4th year,phd,rainy,1.45,4.9,25,0,sick
15128,17,male,pharmacy,4th year,no formal,sunny,1.86,4.55,7,0,personal work
15129,19,female,ba,2nd year,post graduate,hot,0.27,8.92,80,1,none
15130,24,female,diploma,1st year,post graduate,cold,5.6,4.49,49,1,none
15131,24,female,bca,3rd year,phd,cloudy,1.95,9.73,15,1,none
15133,17,male,bca,4th year,high school,cloudy,4.19,5.54,12,1,none
15134,22,male,bba,3rd year,post graduate,hot,1.04,8.67,77,1,none
15135,22,female,b.tech,4th year,graduate,hot,3.63,7.5,22,1,none
15137,24,male,ba,1st year,post graduate,rainy,4.45,9.84,81,1,none
15141,22,female,nursing,1st year,high school,cloudy,1.23,4.5,64,0,no reason
15142,18,male,b.sc,1st year,graduate,cold,0.24,9.81,86,0,sick
15143,24,male,b.com,2nd year,high school,sunny,2.58,5.04,71,1,none
15144,21,female,nursing,3rd year,post graduate,rainy,2.0,9.48,73,0,project work
15145,17,female,b.com,1st year,no formal,rainy,3.65,5.89,70,0,personal work
15149,17,female,bba,2nd year,post graduate,hot,0.05,9.51,41,0,sick
15150,24,male,b.tech,3rd year,no formal,rainy,4.18,4.07,39,0,sick
15151,24,female,nursing,4th year,post graduate,cold,4.88,8.6,48,1,none
15155,17,male,b.com,3rd year,post graduate,cloudy,2.52,8.3,17,0,no reason
15156,22,female,ba,3rd year,high school,hot,4.13,5.91,11,0,project work
15157,17,female,bca,3rd year,no formal,sunny,4.9,9.23,78,1,none
15158,23,male,bca,4th year,graduate,cloudy,3.37,6.27,44,1,none
15159,19,female,diploma,1st year,no formal,cloudy,5.91,5.85,79,0,festival
15160,18,male,b.tech,1st year,no formal,cloudy,1.63,7.31,82,0,festival
15161,19,male,pharmacy,1st year,no formal,hot,2.26,9.09,27,1,none
15162,22,male,bca,4th year,high school,cold,0.05,5.48,26,0,sick
15165,18,female,bba,4th year,phd,rainy,5.31,6.78,64,0,project work
15166,24,male,b.tech,2nd year,no formal,hot,3.07,4.09,89,1,none
15167,23,female,b.sc,1st year,graduate,hot,2.08,7.92,7,1,none
15168,20,female,pharmacy,4th year,high school,rainy,3.32,6.37,84,0,none
15169,21,male,pharmacy,2nd year,high school,sunny,4.05,7.91,22,1,none
15170,24,female,b.tech,2nd year,graduate,sunny,2.4,9.16,86,1,none
15175,24,male,bba,4th year,no formal,hot,0.47,8.45,22,0,personal work
15176,22,female,b.com,2nd year,graduate,cold,3.83,8.48,39,1,none
15177,21,female,bca,4th year,post graduate,rainy,4.77,9.32,80,1,none
15178,19,male,pharmacy,3rd year,graduate,cold,1.69,4.22,10,0,festival
15179,20,male,b.sc,1st year,graduate,cloudy,5.64,5.77,33,0,sick
15180,17,female,bca,1st year,post graduate,cloudy,2.4,9.21,75,0,no reason
15182,21,male,bca,1st year,high school,cold,4.25,8.67,35,0,personal work
15183,24,female,bca,1st year,phd,cloudy,5.2,6.07,63,1,none
15184,24,male,diploma,2nd year,no formal,sunny,3.97,5.74,26,1,none
15185,23,male,b.com,2nd year,phd,rainy,3.89,5.65,34,0,no reason
15186,17,female,b.tech,4th year,high school,cold,3.26,9.68,19,1,none
15187,23,female,pharmacy,4th year,post graduate,cold,2.92,7.01,80,1,none
15190,24,male,b.com,4th year,graduate,sunny,5.14,8.39,79,1,none
15191,24,female,b.com,4th year,post graduate,rainy,0.96,8.69,21,1,none
15193,19,male,ba,4th year,graduate,sunny,1.73,8.3,26,0,festival
15196,21,male,b.com,2nd year,no formal,hot,1.39,6.25,69,1,none
15197,20,male,ba,2nd year,phd,rainy,0.76,4.13,82,0,no reason
15199,21,female,pharmacy,2nd year,no formal,cold,5.36,6.6,15,1,none
15201,24,female,b.sc,2nd year,graduate,cold,3.82,6.85,74,0,festival
15202,17,female,ba,2nd year,graduate,cloudy,3.27,8.67,9,1,none
15203,24,male,diploma,1st year,high school,cloudy,0.43,7.44,20,0,festival
15204,17,male,b.tech,3rd year,no formal,cloudy,4.14,9.58,88,1,none
15205,21,male,bca,1st year,post graduate,hot,4.08,4.47,29,1,none
15206,20,male,diploma,2nd year,high school,cloudy,5.42,4.93,27,1,none
15207,21,male,ba,1st year,post graduate,rainy,3.29,4.76,37,1,none
15209,24,male,diploma,3rd year,high school,rainy,5.31,5.17,24,1,none
15210,17,female,bca,3rd year,graduate,sunny,0.26,6.2,62,1,none
15211,24,female,b.tech,1st year,post graduate,cold,1.2,6.58,52,1,none
15212,22,male,bca,3rd year,graduate,hot,2.16,4.41,38,0,personal work
15214,18,female,diploma,2nd year,graduate,hot,3.0,4.69,71,0,personal work
15215,17,male,b.com,3rd year,no formal,rainy,4.36,7.83,15,1,none
15216,20,male,pharmacy,1st year,post graduate,sunny,1.82,6.36,21,0,sick
15218,23,female,pharmacy,1st year,graduate,rainy,5.3,4.58,84,1,none
15219,24,female,b.tech,2nd year,no formal,hot,5.64,5.23,25,0,project work
15220,20,female,diploma,1st year,no formal,cold,1.34,7.7,53,1,none
15221,23,male,ba,1st year,phd,rainy,4.43,8.77,10,0,sick
15222,17,male,b.sc,3rd year,no formal,sunny,4.08,8.71,16,1,none
15223,22,female,b.sc,1st year,phd,cloudy,5.63,5.23,41,0,no reason
15224,17,female,b.tech,2nd year,no formal,cloudy,3.84,6.4,64,1,none
15225,22,male,b.sc,1st year,no formal,rainy,3.13,7.87,36,0,project work
15226,20,female,ba,4th year,high school,cloudy,2.54,8.93,8,1,none
15227,20,female,b.sc,1st year,high school,rainy,4.87,5.41,41,1,none
15228,19,male,pharmacy,2nd year,high school,hot,1.23,9.81,61,0,festival
15229,20,female,nursing,2nd year,no formal,hot,4.59,5.01,29,1,none
15230,23,male,bba,3rd year,no formal,cloudy,4.2,4.35,58,0,no reason
15231,23,female,b.tech,1st year,post graduate,cold,5.1,5.91,22,0,project work
15232,19,male,pharmacy,4th year,phd,rainy,0.97,6.46,48,0,no reason
15234,21,female,b.sc,1st year,post graduate,cloudy,4.78,8.91,16,1,none
15235,22,male,b.tech,3rd year,graduate,sunny,2.14,4.69,37,0,travel
15238,24,male,bca,4th year,high school,cold,4.55,9.78,19,1,none
15239,23,male,ba,2nd year,post graduate,rainy,2.84,7.37,64,0,project work
15240,21,male,nursing,4th year,post graduate,hot,0.51,5.46,15,1,none
15241,19,male,ba,4th year,post graduate,hot,2.51,6.69,57,1,none
15243,22,male,bba,4th year,graduate,hot,2.59,5.37,44,0,personal work
15244,20,female,pharmacy,1st year,phd,rainy,4.26,8.47,58,0,sick
15246,22,female,diploma,1st year,phd,rainy,2.53,5.34,25,0,no reason
15248,24,male,bba,3rd year,high school,rainy,4.73,8.82,28,0,sick
15250,19,male,ba,2nd year,high school,cloudy,5.9,5.03,15,1,none
15252,18,female,b.tech,1st year,no formal,rainy,2.77,9.24,68,1,none
15253,24,female,b.sc,3rd year,no formal,rainy,2.3,6.15,69,0,travel
15256,24,male,pharmacy,4th year,phd,cold,5.9,9.74,71,1,none
15258,20,male,bca,1st year,post graduate,cold,2.13,8.72,43,0,personal work
15261,21,female,b.com,4th year,post graduate,rainy,1.82,8.65,70,1,none
15264,24,female,b.sc,2nd year,high school,cold,4.88,5.77,25,1,none
15265,24,male,bca,3rd year,high school,cloudy,4.58,8.14,34,0,sick
15266,22,female,diploma,4th year,no formal,cold,2.44,9.14,50,1,none
15268,19,male,nursing,1st year,graduate,rainy,2.0,4.25,7,1,none
15270,22,male,pharmacy,1st year,no formal,hot,1.52,8.07,73,0,personal work
15271,17,female,pharmacy,2nd year,high school,sunny,1.29,6.64,47,0,no reason
15272,22,female,bba,2nd year,high school,cloudy,0.76,9.21,60,0,none
15273,20,male,b.sc,4th year,graduate,sunny,3.46,8.55,12,1,none
15274,23,female,diploma,3rd year,high school,cloudy,3.82,4.2,27,1,none
15275,24,male,b.sc,1st year,graduate,cloudy,4.48,5.65,20,1,none
15276,21,female,ba,2nd year,phd,cloudy,0.72,5.93,32,0,project work
15278,20,male,nursing,3rd year,phd,hot,3.93,6.75,49,1,none
15282,22,male,b.tech,4th year,graduate,hot,0.72,8.71,68,1,none
15284,17,male,nursing,3rd year,no formal,rainy,4.71,9.59,79,0,travel
15285,19,female,bba,3rd year,phd,cloudy,1.69,4.24,23,0,personal work
15286,21,male,bba,4th year,post graduate,sunny,4.71,8.13,80,1,none
15289,22,male,nursing,4th year,no formal,cloudy,3.08,8.73,52,1,none
15290,17,female,bba,1st year,graduate,sunny,1.31,8.82,48,1,none
15291,19,male,diploma,2nd year,post graduate,rainy,0.41,7.96,82,0,no reason
15292,20,female,b.sc,2nd year,no formal,cold,3.87,6.77,27,0,no reason
15293,17,female,bca,3rd year,phd,hot,2.57,6.02,15,0,project work
15295,20,male,bba,4th year,no formal,cloudy,3.58,6.75,5,0,none
15296,24,male,bba,1st year,graduate,cloudy,2.55,8.21,60,1,none
15297,19,female,pharmacy,3rd year,post graduate,rainy,2.36,4.06,78,0,project work
15300,22,male,ba,1st year,no formal,cloudy,1.92,7.88,19,1,none
15301,23,male,ba,2nd year,no formal,hot,5.93,6.23,56,1,none
15304,20,female,bca,1st year,no formal,cloudy,3.24,6.76,45,0,festival
15305,21,male,bca,3rd year,post graduate,hot,1.71,6.52,50,0,project work
15306,24,male,b.com,4th year,phd,sunny,3.2,5.28,23,1,none
15308,20,male,bca,1st year,no formal,rainy,0.19,9.48,25,0,travel
15309,18,male,diploma,1st year,no formal,rainy,3.59,4.38,78,1,none
15310,18,female,b.com,1st year,post graduate,hot,1.56,9.94,76,1,none
15313,23,female,ba,2nd year,no formal,sunny,2.81,4.33,20,0,festival
15314,24,female,b.com,4th year,graduate,rainy,5.27,6.37,37,1,none
15315,23,female,b.sc,1st year,high school,rainy,1.93,9.94,36,0,sick
15316,18,male,bba,4th year,phd,hot,0.96,8.21,26,0,sick
15317,18,male,nursing,4th year,post graduate,cold,5.2,7.78,71,0,sick
15318,20,male,b.tech,4th year,graduate,hot,0.24,9.59,52,0,personal work
15319,21,male,bca,3rd year,graduate,hot,5.65,7.44,68,0,none
15321,20,female,nursing,1st year,post graduate,cloudy,0.43,9.03,68,0,festival
15322,18,female,nursing,4th year,graduate,cold,2.8,6.28,85,1,none
15323,24,male,b.com,3rd year,no formal,sunny,1.88,9.2,69,1,none
15324,24,female,b.tech,3rd year,graduate,hot,0.86,8.77,11,0,sick
15325,22,male,pharmacy,2nd year,post graduate,hot,1.07,4.73,11,1,none
15328,20,male,nursing,3rd year,post graduate,rainy,5.9,6.21,73,0,travel
15329,18,male,ba,1st year,phd,cold,5.08,9.48,82,0,personal work
15331,20,male,pharmacy,1st year,no formal,cloudy,0.87,6.19,56,1,none
15332,23,male,diploma,3rd year,no formal,rainy,0.33,9.61,5,1,none
15333,23,female,bca,1st year,no formal,cloudy,3.3,9.76,45,0,no reason
15335,19,female,pharmacy,2nd year,graduate,rainy,4.74,8.92,41,1,none
15336,20,male,ba,2nd year,graduate,hot,4.63,5.88,72,0,travel
15337,22,female,bca,3rd year,graduate,rainy,4.18,7.58,12,0,no reason
15338,22,female,bca,4th year,graduate,cold,1.02,6.87,24,0,festival
15339,21,female,b.com,3rd year,phd,cold,1.01,7.78,83,0,none
15340,21,female,bca,3rd year,high school,cloudy,3.3,8.3,69,1,none
15341,24,female,ba,1st year,high school,rainy,0.78,8.07,49,1,none
15342,19,female,ba,4th year,no formal,sunny,4.62,6.0,8,1,none
15343,18,female,nursing,3rd year,graduate,sunny,5.9,8.77,29,1,none
15344,23,female,diploma,1st year,high school,cloudy,0.46,6.03,10,1,none
15345,24,female,bba,2nd year,high school,sunny,0.48,7.36,29,1,none
15347,20,male,diploma,4th year,phd,cold,5.21,4.62,85,1,none
15350,17,female,diploma,2nd year,high school,cloudy,0.87,9.09,84,0,none
15351,21,male,ba,3rd year,phd,sunny,0.88,8.11,79,0,festival
15352,19,female,diploma,4th year,high school,rainy,2.0,9.03,27,0,festival
15354,21,male,diploma,4th year,phd,sunny,1.87,5.26,17,1,none
15355,24,female,pharmacy,3rd year,no formal,sunny,1.16,8.72,76,1,none
15357,24,female,b.com,2nd year,post graduate,cloudy,4.16,5.01,68,1,none
15358,21,male,b.tech,2nd year,graduate,cold,3.32,4.54,71,0,project work
15359,24,female,b.sc,1st year,high school,hot,4.37,6.3,49,1,none
15360,20,male,ba,3rd year,graduate,sunny,2.41,8.47,72,0,festival
15362,22,female,ba,4th year,post graduate,hot,3.65,8.05,30,1,none
15363,22,female,b.sc,4th year,graduate,rainy,3.79,6.69,63,0,festival
15365,20,female,nursing,3rd year,phd,cold,1.09,9.43,42,0,no reason
15366,21,male,diploma,1st year,no formal,sunny,3.03,6.96,42,1,none
15368,23,female,bca,4th year,post graduate,hot,4.3,4.65,56,1,none
15369,17,female,b.com,3rd year,high school,rainy,3.97,5.45,27,1,none
15370,22,male,bba,4th year,no formal,cloudy,3.32,9.2,12,0,personal work
15371,23,female,diploma,1st year,graduate,hot,3.27,5.18,83,1,none
15372,22,female,bba,4th year,no formal,cold,4.08,4.24,68,0,none
15373,20,male,nursing,2nd year,graduate,hot,3.45,4.6,8,1,none
15374,19,female,bba,1st year,no formal,sunny,0.64,6.56,46,1,none
15375,22,male,ba,3rd year,no formal,sunny,2.39,4.94,74,1,none
15376,22,female,pharmacy,3rd year,post graduate,rainy,2.94,9.35,62,0,no reason
15379,19,male,bba,4th year,no formal,cold,0.72,5.06,46,0,no reason
15380,17,male,diploma,1st year,graduate,cold,1.01,9.63,86,1,none
15381,17,male,b.com,1st year,graduate,hot,5.93,7.43,31,0,festival
15382,17,female,diploma,4th year,graduate,sunny,1.97,5.83,77,0,festival
15383,20,male,pharmacy,3rd year,post graduate,hot,5.22,6.3,57,1,none
15384,21,male,b.com,2nd year,post graduate,cloudy,4.95,7.8,55,0,travel
15387,18,female,pharmacy,4th year,high school,sunny,4.98,5.7,55,1,none
15389,18,female,bca,4th year,phd,rainy,1.12,4.58,65,0,personal work
15390,19,female,b.tech,2nd year,no formal,rainy,1.63,4.51,12,0,no reason
15392,19,male,b.sc,2nd year,post graduate,hot,5.34,6.98,72,1,none
15393,19,female,b.sc,2nd year,no formal,cold,1.39,7.13,21,0,sick
15394,22,male,diploma,3rd year,phd,hot,2.58,5.18,32,1,none
15398,18,female,nursing,1st year,post graduate,cloudy,4.1,9.08,68,1,none
15399,21,female,nursing,1st year,graduate,hot,1.25,7.82,84,1,none
15400,24,male,bba,2nd year,post graduate,sunny,3.4,9.62,16,1,none
15404,24,female,ba,4th year,no formal,hot,3.14,5.45,88,1,none
15405,21,male,bca,2nd year,graduate,rainy,2.31,7.19,39,0,project work
15406,24,female,nursing,4th year,post graduate,cold,4.09,5.59,81,1,none
15407,22,male,ba,4th year,phd,cloudy,2.86,5.31,48,1,none
15408,17,male,b.com,3rd year,no formal,cold,4.47,9.41,8,1,none
15411,21,female,bba,1st year,no formal,cold,2.94,4.5,30,0,festival
15412,18,female,b.com,1st year,high school,cold,1.67,7.55,64,1,none
15413,18,female,diploma,2nd year,post graduate,sunny,4.33,9.6,18,1,none
15414,22,male,bca,3rd year,no formal,cold,0.18,6.5,20,0,project work
15415,20,male,bba,2nd year,high school,hot,5.1,5.71,87,0,none
15416,21,male,bca,3rd year,graduate,sunny,5.2,4.89,71,0,travel
15418,19,female,b.sc,1st year,no formal,cloudy,2.05,9.02,12,1,none
15420,17,male,diploma,2nd year,no formal,rainy,5.1,8.87,62,0,sick
15423,23,female,ba,1st year,post graduate,sunny,3.21,8.71,25,1,none
15424,22,male,bba,4th year,phd,cold,2.51,7.61,37,0,sick
15427,18,female,nursing,3rd year,no formal,hot,1.82,7.53,28,1,none
15428,18,male,b.sc,4th year,phd,cloudy,4.57,8.29,63,1,none
15429,19,female,b.com,1st year,graduate,cloudy,1.23,7.04,64,0,project work
15430,23,female,bba,3rd year,no formal,rainy,1.71,4.28,10,1,none
15433,21,female,pharmacy,2nd year,graduate,hot,0.07,7.57,27,0,travel
15434,18,male,nursing,2nd year,no formal,cold,0.97,8.28,74,1,none
15435,23,female,diploma,3rd year,post graduate,cold,3.54,5.8,26,1,none
15437,23,male,b.tech,3rd year,post graduate,sunny,5.34,7.61,74,1,none
15439,20,female,bca,4th year,post graduate,cloudy,3.36,7.9,58,0,project work
15442,21,male,b.tech,4th year,phd,cloudy,5.36,9.93,62,0,personal work
15443,23,male,bca,4th year,graduate,sunny,5.14,7.4,35,0,none
15446,21,female,ba,4th year,phd,hot,0.52,9.91,74,1,none
15447,20,male,b.sc,2nd year,graduate,hot,4.46,9.42,45,1,none
15448,23,male,pharmacy,3rd year,high school,sunny,3.62,8.0,15,1,none
15449,23,male,nursing,3rd year,high school,cold,5.52,6.19,81,1,none
15450,24,female,pharmacy,3rd year,graduate,hot,0.53,6.17,62,0,project work
15452,24,male,b.com,1st year,no formal,cloudy,2.7,7.91,6,1,none
15453,17,male,pharmacy,1st year,no formal,rainy,1.01,5.34,37,1,none
15454,19,male,b.com,3rd year,high school,sunny,2.58,9.26,39,1,none
15456,24,female,b.sc,2nd year,post graduate,hot,0.6,6.9,46,0,festival
15458,19,male,b.sc,4th year,graduate,sunny,2.95,6.49,33,0,project work
15459,18,female,b.tech,3rd year,graduate,hot,3.87,9.24,84,1,none
15460,23,female,nursing,1st year,post graduate,cold,3.92,4.69,55,0,project work
15461,22,female,nursing,4th year,no formal,cold,5.64,6.23,85,1,none
15462,23,female,nursing,4th year,post graduate,rainy,0.18,7.97,63,0,personal work
15463,20,male,nursing,3rd year,graduate,rainy,1.8,7.75,29,0,sick
15464,18,male,b.sc,3rd year,phd,sunny,3.79,4.2,20,0,none
15466,21,female,diploma,3rd year,graduate,rainy,0.46,5.3,47,0,personal work
15467,18,male,b.com,2nd year,phd,hot,2.05,8.03,18,0,travel
15468,17,female,nursing,3rd year,phd,cloudy,3.29,7.48,74,0,none
15470,21,female,pharmacy,4th year,post graduate,sunny,5.5,4.98,29,0,travel
15472,21,male,nursing,3rd year,post graduate,hot,3.32,4.21,49,0,sick
15473,22,male,bca,4th year,post graduate,rainy,1.14,6.27,22,1,none
15474,17,female,b.tech,2nd year,graduate,hot,2.94,6.51,66,0,none
15477,17,female,pharmacy,4th year,graduate,cold,2.09,9.12,33,0,travel
15478,17,male,b.com,2nd year,graduate,sunny,1.62,4.61,38,0,sick
15479,20,female,diploma,3rd year,post graduate,hot,0.55,6.01,18,0,none
15480,21,male,b.com,1st year,phd,rainy,2.91,7.26,36,0,travel
15481,21,male,ba,4th year,high school,sunny,4.15,9.88,21,1,none
15482,23,male,bca,2nd year,phd,sunny,0.05,6.82,69,0,no reason
15484,21,female,bca,2nd year,post graduate,sunny,2.17,7.25,55,1,none
15485,23,male,b.tech,2nd year,graduate,cloudy,1.56,8.14,84,0,project work
15486,22,female,b.com,1st year,post graduate,cloudy,5.93,8.22,13,1,none
15489,23,female,nursing,3rd year,graduate,rainy,5.46,8.84,17,1,none
15490,22,male,pharmacy,2nd year,post graduate,rainy,4.1,6.55,48,1,none
15491,21,female,ba,3rd year,high school,hot,4.29,9.24,23,1,none
15492,17,female,b.com,1st year,high school,cold,2.63,5.57,68,1,none
15494,23,female,bca,1st year,high school,hot,5.36,7.45,65,0,travel
15496,17,female,ba,2nd year,no formal,cloudy,0.7,8.1,81,0,travel
15497,19,female,b.sc,4th year,high school,sunny,0.74,9.59,47,1,none
15498,21,male,ba,3rd year,graduate,rainy,5.93,5.05,45,1,none
15499,23,female,pharmacy,4th year,graduate,hot,4.75,9.84,45,1,none
15500,20,male,ba,3rd year,post graduate,cloudy,3.37,7.83,46,0,project work
15501,23,female,diploma,4th year,high school,cold,3.76,7.33,35,1,none
15503,19,female,ba,3rd year,graduate,sunny,4.31,6.34,12,1,none
15504,18,female,bca,3rd year,graduate,hot,5.19,5.5,72,0,personal work
15506,21,male,ba,4th year,post graduate,cold,0.88,9.65,18,1,none
15507,23,male,b.sc,4th year,post graduate,hot,5.88,8.96,83,1,none
15508,24,female,b.sc,3rd year,no formal,rainy,5.78,7.46,51,0,none
15509,20,female,diploma,2nd year,no formal,cloudy,4.51,5.59,58,1,none
15510,17,female,b.sc,2nd year,post graduate,rainy,0.29,5.24,30,1,none
15512,21,female,bca,1st year,phd,rainy,0.79,6.22,14,0,none
15513,17,female,ba,1st year,phd,sunny,4.13,8.75,73,1,none
15514,21,female,b.sc,2nd year,graduate,cloudy,0.33,9.15,76,1,none
15517,19,male,bca,2nd year,phd,cloudy,3.26,5.96,29,0,travel
15518,20,male,bba,1st year,no formal,cloudy,1.33,9.04,81,1,none
15519,21,male,nursing,3rd year,graduate,hot,2.33,7.95,72,0,personal work
15520,23,female,pharmacy,4th year,phd,sunny,3.5,6.39,61,0,project work
15521,19,female,b.tech,4th year,high school,sunny,0.74,9.01,76,1,none
15522,22,male,b.tech,3rd year,phd,rainy,1.18,7.98,89,0,project work
15523,24,female,b.com,1st year,phd,sunny,4.06,6.39,44,1,none
15524,22,female,b.com,3rd year,post graduate,sunny,5.17,8.04,15,0,project work
15526,22,female,bba,4th year,no formal,hot,5.28,8.95,49,1,none
15527,19,female,nursing,4th year,phd,sunny,1.99,9.91,63,0,project work
15528,20,female,diploma,3rd year,phd,hot,5.31,8.66,38,1,none
15529,22,male,diploma,1st year,graduate,cold,2.19,8.52,70,1,none
15530,19,female,pharmacy,2nd year,high school,cloudy,2.64,6.24,56,0,no reason
15531,17,male,bca,3rd year,graduate,sunny,0.7,5.74,19,0,sick
15532,23,male,diploma,4th year,phd,sunny,3.14,9.65,24,1,none
15533,22,female,b.com,4th year,no formal,sunny,5.75,9.76,70,1,none
15534,17,female,b.com,1st year,graduate,cold,1.92,7.22,9,1,none
15535,20,female,bca,3rd year,no formal,cold,4.13,4.84,10,1,none
15537,24,male,b.tech,1st year,post graduate,sunny,4.06,4.22,72,1,none
15539,22,female,b.sc,3rd year,phd,rainy,5.9,4.47,18,1,none
15543,17,female,b.tech,2nd year,no formal,rainy,1.67,7.34,68,1,none
15544,23,female,bca,3rd year,phd,cloudy,3.79,9.2,74,1,none
15545,17,female,b.com,3rd year,high school,rainy,0.14,4.62,36,0,travel
15547,24,male,b.sc,2nd year,no formal,hot,4.27,5.24,9,1,none
15550,24,male,diploma,1st year,phd,rainy,1.02,8.47,45,1,none
15551,20,male,nursing,1st year,no formal,cold,3.27,7.32,43,0,project work
15552,20,male,bba,2nd year,graduate,hot,1.55,7.81,18,1,none
15553,18,female,pharmacy,2nd year,no formal,sunny,4.3,9.44,55,1,none
15554,20,male,nursing,1st year,phd,sunny,0.47,9.74,27,0,personal work
15555,23,male,b.sc,1st year,graduate,cloudy,1.31,9.04,36,1,none
15556,22,male,diploma,3rd year,high school,rainy,3.55,7.66,28,1,none
15557,18,male,b.com,4th year,graduate,hot,1.02,6.79,74,1,none
15558,21,female,pharmacy,1st year,high school,sunny,1.53,9.53,82,0,festival
15559,22,male,nursing,3rd year,post graduate,hot,4.05,6.6,70,0,festival
15560,17,female,b.tech,2nd year,high school,rainy,2.87,5.4,34,1,none
15561,23,male,b.sc,1st year,high school,rainy,1.93,6.31,33,1,none
15562,18,male,ba,3rd year,post graduate,hot,0.44,7.98,27,1,none
15565,21,male,b.tech,4th year,graduate,cold,0.49,7.13,58,1,none
15566,24,male,bca,2nd year,high school,cold,0.64,7.24,47,1,none
15569,20,female,b.com,3rd year,no formal,sunny,5.57,5.46,7,1,none
15571,24,male,diploma,3rd year,graduate,hot,2.55,7.59,67,1,none
15572,20,female,diploma,2nd year,graduate,rainy,4.56,5.73,47,1,none
15573,22,female,bba,4th year,graduate,hot,1.84,8.88,60,1,none
15575,23,male,b.sc,3rd year,graduate,cloudy,1.38,9.84,25,0,travel
15576,22,female,b.sc,4th year,no formal,cold,5.04,6.18,73,1,none
15578,24,male,pharmacy,3rd year,no formal,cold,1.89,8.07,69,0,festival
15579,18,male,bba,1st year,no formal,rainy,4.48,6.81,66,0,project work
15582,17,female,b.com,3rd year,high school,rainy,2.99,9.5,82,0,festival
15583,21,male,bba,1st year,post graduate,cloudy,3.59,4.67,74,0,travel
15584,23,female,diploma,2nd year,graduate,sunny,1.91,7.65,51,0,festival
15585,18,male,b.sc,2nd year,post graduate,hot,5.07,4.48,59,0,none
15586,23,female,ba,2nd year,high school,rainy,1.32,5.32,69,0,personal work
15587,20,male,bba,3rd year,no formal,hot,1.18,5.26,6,0,personal work
15590,18,female,ba,2nd year,phd,rainy,4.36,7.09,81,1,none
15591,22,female,nursing,4th year,phd,rainy,1.04,9.38,17,1,none
15592,17,male,ba,2nd year,no formal,hot,0.53,5.91,35,0,sick
15594,24,male,diploma,4th year,graduate,cold,2.17,8.74,19,0,personal work
15595,24,female,b.sc,2nd year,no formal,hot,4.83,5.64,59,1,none
15597,20,male,bca,3rd year,high school,cloudy,2.53,4.21,86,0,none
15598,17,male,bca,2nd year,phd,rainy,3.58,7.44,63,0,no reason
15600,24,female,b.tech,2nd year,no formal,rainy,5.04,4.42,73,0,festival
15601,18,female,b.com,4th year,no formal,cold,1.5,8.05,43,1,none
15602,22,female,nursing,3rd year,post graduate,cloudy,0.1,5.63,16,1,none
15604,24,female,ba,1st year,phd,hot,5.02,7.59,39,1,none
15605,19,female,bba,3rd year,post graduate,cloudy,4.16,6.63,23,0,travel
15606,22,female,bca,2nd year,graduate,cold,0.15,6.9,86,0,none
15608,17,female,bba,3rd year,no formal,cold,4.86,9.12,44,1,none
15609,18,male,bba,2nd year,phd,cold,2.56,6.9,86,0,project work
15610,22,female,b.com,4th year,post graduate,hot,2.36,6.73,72,1,none
15612,21,male,diploma,2nd year,high school,hot,5.55,6.25,38,0,travel
15613,23,male,diploma,2nd year,phd,sunny,2.18,6.91,20,0,none
15616,19,male,bca,1st year,high school,cloudy,4.07,4.06,64,0,personal work
15617,24,male,diploma,4th year,graduate,hot,1.22,4.16,61,1,none
15622,23,female,bba,3rd year,post graduate,sunny,0.16,6.11,11,1,none
15624,22,female,pharmacy,4th year,no formal,cloudy,1.8,9.3,51,1,none
15625,22,female,bba,3rd year,high school,rainy,1.69,5.55,46,0,festival
15626,21,female,bba,1st year,post graduate,cloudy,1.54,4.86,80,1,none
15627,19,female,bba,3rd year,post graduate,cloudy,3.31,6.42,57,0,travel
15628,23,female,diploma,4th year,phd,cold,2.05,7.5,88,0,travel
15631,19,female,b.tech,2nd year,high school,sunny,3.29,9.58,11,1,none
15632,17,male,b.tech,3rd year,phd,cold,3.99,9.06,48,1,none
15633,21,female,bba,1st year,no formal,hot,0.82,4.23,24,0,project work
15634,19,male,nursing,3rd year,post graduate,cold,0.49,4.16,62,0,none
15635,22,male,b.tech,1st year,no formal,cold,5.26,8.45,52,1,none
15637,24,female,ba,3rd year,no formal,sunny,2.45,4.11,14,1,none
15639,20,female,ba,2nd year,graduate,cloudy,3.56,7.88,69,0,sick
15640,22,female,bca,3rd year,high school,sunny,5.72,5.16,31,1,none
15641,22,female,bca,4th year,no formal,hot,5.22,6.51,82,0,festival
15643,21,male,pharmacy,3rd year,no formal,hot,4.67,7.69,25,0,festival
15644,24,female,b.tech,3rd year,post graduate,cloudy,0.79,7.03,88,0,festival
15645,19,female,nursing,2nd year,phd,cold,2.57,6.21,28,0,none
15646,20,female,b.tech,4th year,high school,hot,2.71,7.98,76,0,sick
15648,21,male,diploma,1st year,post graduate,rainy,3.03,5.36,36,0,none
15649,24,female,pharmacy,4th year,phd,cloudy,5.6,8.45,65,0,festival
15650,21,female,b.tech,1st year,high school,cold,1.07,6.02,43,0,none
15652,24,male,pharmacy,2nd year,no formal,sunny,3.79,8.52,49,1,none
15653,23,male,b.com,3rd year,high school,cloudy,4.02,4.53,9,1,none
15654,20,male,ba,4th year,phd,sunny,1.15,9.22,87,0,none
15655,18,female,b.com,1st year,post graduate,hot,0.47,6.55,27,0,travel
15656,20,male,b.sc,1st year,high school,rainy,3.06,8.24,12,0,festival
15657,23,female,b.tech,3rd year,phd,rainy,1.37,6.03,12,1,none
15658,21,male,b.sc,4th year,post graduate,cold,0.14,5.07,57,0,festival
15659,18,female,nursing,1st year,post graduate,sunny,1.45,7.03,5,1,none
15660,18,female,b.tech,2nd year,no formal,hot,2.69,8.62,89,1,none
15662,20,male,b.sc,1st year,no formal,rainy,2.51,9.11,26,0,no reason
15663,22,male,bca,4th year,no formal,rainy,1.3,9.7,29,0,no reason
15664,19,male,b.com,3rd year,post graduate,cold,3.5,6.72,51,0,travel
15665,17,female,pharmacy,3rd year,high school,hot,1.93,4.77,66,1,none
15667,22,male,diploma,1st year,phd,cloudy,5.15,5.1,66,1,none
15668,19,male,pharmacy,1st year,graduate,sunny,2.82,8.74,51,0,personal work
15669,21,female,ba,1st year,graduate,sunny,1.07,5.5,57,0,none
15672,19,female,nursing,4th year,no formal,sunny,0.09,8.31,89,0,none
15673,19,male,pharmacy,1st year,no formal,sunny,4.64,4.9,9,1,none
15674,19,female,bba,1st year,graduate,hot,0.91,4.65,15,1,none
15675,22,female,diploma,3rd year,post graduate,cloudy,5.07,6.84,64,1,none
15676,19,female,diploma,4th year,no formal,cold,5.9,9.52,21,1,none
15677,22,female,ba,4th year,no formal,rainy,5.19,7.88,40,0,travel
15678,19,female,b.tech,3rd year,high school,cloudy,5.93,6.73,27,0,none
15680,24,male,pharmacy,2nd year,graduate,rainy,1.45,5.91,22,0,project work
15681,24,male,nursing,3rd year,no formal,hot,1.14,5.37,61,0,personal work
15682,20,male,b.tech,4th year,post graduate,cold,4.28,6.29,6,1,none
15683,19,female,nursing,1st year,high school,cloudy,1.06,4.72,17,1,none
15684,22,female,nursing,4th year,no formal,sunny,1.95,4.1,62,0,no reason
15686,20,female,bba,1st year,phd,cloudy,3.15,4.97,23,1,none
15687,21,female,pharmacy,1st year,no formal,cold,3.06,8.49,59,0,no reason
15691,19,female,pharmacy,2nd year,no formal,hot,5.57,9.68,31,0,travel
15692,17,male,pharmacy,1st year,post graduate,cold,0.79,8.05,31,1,none
15694,24,female,bca,1st year,post graduate,sunny,0.76,8.54,85,0,festival
15695,19,male,diploma,3rd year,graduate,rainy,1.14,4.26,71,0,travel
15696,20,female,b.com,2nd year,graduate,cold,0.9,7.55,36,0,festival
15697,18,male,pharmacy,4th year,high school,cold,0.45,4.31,27,1,none
15699,22,female,nursing,3rd year,post graduate,cold,1.33,4.65,42,1,none
15701,21,female,b.com,4th year,graduate,cold,2.62,9.42,46,1,none
15702,22,male,nursing,3rd year,post graduate,cold,3.4,7.47,34,1,none
15703,23,female,nursing,3rd year,no formal,cloudy,1.48,5.04,65,0,festival
15704,18,female,bba,2nd year,no formal,rainy,0.38,9.09,81,0,travel
15705,21,male,bba,2nd year,high school,rainy,1.24,9.48,25,1,none
15707,20,male,b.tech,3rd year,graduate,hot,0.44,4.65,88,0,personal work
15710,23,male,bca,2nd year,post graduate,cloudy,2.38,5.24,17,1,none
15711,23,male,bba,4th year,post graduate,cloudy,1.89,7.83,20,1,none
15712,19,male,bba,2nd year,post graduate,cloudy,0.58,8.45,88,0,no reason
15714,19,male,pharmacy,3rd year,post graduate,cloudy,5.7,6.04,25,1,none
15715,18,female,ba,1st year,high school,hot,0.69,7.63,45,1,none
15716,22,female,b.com,3rd year,phd,cloudy,0.06,4.8,39,0,personal work
15717,23,male,b.tech,4th year,no formal,sunny,0.89,9.61,29,0,festival
15720,23,male,ba,2nd year,phd,hot,0.54,5.58,15,0,travel
15724,22,male,bca,3rd year,phd,cloudy,5.93,7.04,10,1,none
15725,18,male,bca,1st year,no formal,sunny,1.17,9.23,19,1,none
15726,24,male,b.com,2nd year,high school,cold,0.46,9.39,48,1,none
15727,20,female,bba,1st year,graduate,hot,3.52,6.8,77,1,none
15731,20,female,b.com,2nd year,phd,cloudy,4.91,9.94,76,1,none
15732,19,female,pharmacy,1st year,post graduate,cloudy,4.13,4.98,72,1,none
15733,17,male,ba,2nd year,graduate,rainy,5.29,9.65,82,1,none
15734,24,male,nursing,4th year,high school,cold,5.17,8.75,10,1,none
15735,18,male,nursing,4th year,post graduate,sunny,1.01,6.59,7,1,none
15736,23,male,b.sc,4th year,phd,sunny,3.8,7.48,54,1,none
15738,22,female,b.tech,2nd year,phd,sunny,2.85,9.87,39,0,festival
15740,23,male,b.sc,4th year,phd,rainy,2.17,7.39,74,0,none
15744,24,female,bca,1st year,graduate,sunny,3.63,6.37,32,1,none
15745,19,female,ba,3rd year,post graduate,cold,1.52,9.25,33,0,travel
15746,23,female,nursing,1st year,post graduate,hot,1.13,9.87,11,0,travel
15747,17,female,bba,2nd year,phd,cold,3.61,4.07,35,1,none
15748,20,male,bba,2nd year,no formal,sunny,0.78,5.55,6,1,none
15749,21,male,ba,4th year,high school,cloudy,3.5,9.94,54,0,none
15750,24,female,b.sc,2nd year,phd,rainy,0.05,6.95,38,0,none
15751,17,male,bca,1st year,no formal,hot,3.76,6.8,74,0,personal work
15752,17,male,nursing,1st year,high school,rainy,1.74,6.02,48,1,none
15753,22,male,b.com,1st year,post graduate,sunny,4.61,4.66,27,1,none
15754,17,female,bba,1st year,graduate,rainy,2.63,9.29,36,0,travel
15756,17,female,b.sc,1st year,no formal,sunny,2.01,7.63,7,1,none
15757,24,male,ba,3rd year,post graduate,hot,5.9,6.73,30,1,none
15758,21,female,b.com,2nd year,high school,cloudy,4.01,9.07,20,1,none
15759,24,female,ba,1st year,post graduate,rainy,5.09,5.86,43,1,none
15760,18,female,bba,3rd year,post graduate,rainy,1.77,4.25,75,0,sick
15761,19,female,pharmacy,2nd year,phd,cloudy,4.75,8.07,62,0,project work
15762,20,female,b.tech,3rd year,graduate,rainy,4.52,4.33,7,0,travel
15763,17,male,ba,3rd year,no formal,cold,0.44,4.7,35,0,personal work
15765,19,female,b.tech,3rd year,high school,hot,3.53,5.02,64,0,personal work
15766,22,male,bba,2nd year,no formal,rainy,1.58,6.32,49,0,no reason
15767,22,male,b.sc,1st year,graduate,rainy,3.82,9.43,59,0,travel
15769,17,female,diploma,3rd year,high school,rainy,5.24,6.87,13,0,none
15770,22,male,bca,1st year,graduate,rainy,4.61,5.98,37,1,none
15771,19,female,bca,2nd year,phd,sunny,1.38,8.66,23,1,none
15772,23,female,diploma,1st year,high school,rainy,4.62,5.76,77,1,none
15774,19,female,bca,4th year,phd,cloudy,1.64,9.77,48,0,none
15776,19,female,b.tech,4th year,no formal,rainy,1.23,8.13,19,1,none
15778,20,male,bba,4th year,high school,rainy,5.0,9.43,48,1,none
15779,22,female,ba,3rd year,graduate,sunny,0.05,9.33,70,0,project work
15781,21,male,bba,1st year,high school,cloudy,0.59,8.71,66,1,none
15782,20,female,pharmacy,4th year,phd,rainy,0.52,9.23,62,1,none
15783,24,female,ba,2nd year,graduate,hot,5.39,7.88,15,0,none
15786,22,male,diploma,1st year,graduate,hot,1.48,9.72,75,1,none
15787,18,male,diploma,3rd year,post graduate,hot,0.53,4.24,80,0,none
15789,20,male,bca,3rd year,phd,rainy,5.79,9.6,31,1,none
15790,23,female,pharmacy,4th year,no formal,rainy,0.87,5.97,30,0,travel
15794,18,male,bba,3rd year,no formal,hot,0.21,9.18,14,0,travel
15795,17,male,b.sc,2nd year,post graduate,hot,2.01,4.97,55,0,personal work
15796,23,male,ba,1st year,phd,sunny,1.8,6.66,10,1,none
15798,23,male,bca,3rd year,no formal,sunny,3.31,8.95,39,1,none
15799,19,female,b.sc,1st year,high school,cold,4.89,4.21,27,0,personal work
15801,19,female,diploma,1st year,high school,rainy,4.8,5.35,42,1,none
15803,21,female,bba,4th year,post graduate,rainy,0.46,8.55,35,0,festival
15804,23,female,bca,2nd year,high school,hot,1.41,5.76,35,0,sick
15806,20,female,ba,3rd year,graduate,rainy,5.9,4.61,51,0,sick
15807,22,male,nursing,4th year,high school,sunny,3.7,4.39,47,0,project work
15808,21,female,b.sc,1st year,no formal,cold,5.93,7.32,79,0,project work
15811,18,male,b.tech,2nd year,post graduate,cloudy,0.11,9.25,26,0,festival
15812,20,male,b.tech,3rd year,phd,cloudy,4.3,9.63,62,0,travel
15813,21,female,pharmacy,2nd year,high school,hot,2.72,9.12,10,1,none
15815,23,female,ba,2nd year,graduate,rainy,2.66,7.82,11,0,project work
15816,17,female,b.com,1st year,post graduate,hot,4.82,5.16,18,0,sick
15818,18,female,diploma,1st year,graduate,cold,3.66,9.78,63,0,none
15820,24,female,b.tech,4th year,graduate,cold,0.9,4.24,44,0,project work
15822,18,male,bca,2nd year,no formal,rainy,1.0,5.97,77,1,none
15825,20,male,nursing,1st year,post graduate,hot,2.45,5.5,51,0,none
15826,20,male,bca,3rd year,phd,rainy,2.44,7.88,35,0,no reason
15828,24,male,pharmacy,4th year,high school,rainy,3.81,4.62,76,0,project work
15829,24,female,bba,2nd year,phd,hot,5.27,6.11,8,0,personal work
15830,23,male,bca,2nd year,phd,hot,5.03,8.55,54,1,none
15831,24,female,diploma,4th year,phd,rainy,4.65,4.39,43,0,none
15833,24,female,nursing,4th year,post graduate,sunny,2.9,5.96,17,0,none
15834,21,male,diploma,2nd year,high school,sunny,5.52,4.29,75,1,none
15835,17,female,b.tech,1st year,phd,sunny,4.42,7.71,47,0,personal work
15836,23,male,ba,4th year,high school,cold,1.72,6.13,36,0,project work
15837,24,female,bca,4th year,high school,hot,0.36,8.04,32,0,sick
15838,19,male,bba,2nd year,high school,hot,2.86,7.69,83,0,personal work
15839,20,female,b.tech,1st year,phd,cold,3.98,6.58,65,1,none
15840,21,male,b.com,1st year,graduate,rainy,0.67,9.29,76,1,none
15841,22,male,b.com,2nd year,graduate,cold,2.26,5.27,54,0,no reason
15842,22,male,b.tech,3rd year,phd,rainy,2.99,9.88,12,0,festival
15847,21,female,nursing,1st year,graduate,sunny,1.09,9.36,24,0,festival
15848,17,male,pharmacy,4th year,graduate,cloudy,2.32,7.39,43,0,travel
15851,18,female,b.tech,2nd year,high school,sunny,1.05,4.74,34,0,no reason
15852,19,male,bca,3rd year,graduate,sunny,1.73,6.11,74,1,none
15853,18,female,b.sc,2nd year,graduate,cold,5.93,8.52,16,1,none
15854,22,female,b.com,1st year,high school,cloudy,5.63,5.1,63,1,none
15856,18,male,b.com,1st year,no formal,rainy,1.98,4.43,41,0,project work
15857,17,female,ba,1st year,phd,cold,4.59,4.16,57,0,project work
15860,23,male,pharmacy,1st year,high school,cloudy,3.75,9.72,67,0,travel
15861,19,female,bca,4th year,post graduate,sunny,5.93,5.75,30,0,sick
15862,17,female,diploma,3rd year,graduate,hot,2.01,8.43,83,0,none
15863,21,female,b.sc,4th year,graduate,rainy,0.21,4.06,76,1,none
15864,23,male,b.sc,3rd year,high school,rainy,5.05,7.81,66,1,none
15865,17,male,b.sc,1st year,high school,cloudy,3.67,5.28,84,1,none
15866,23,male,nursing,2nd year,high school,hot,5.02,6.44,77,0,project work
15868,19,female,pharmacy,1st year,phd,rainy,2.65,7.24,42,0,travel
15869,21,male,diploma,3rd year,no formal,sunny,0.63,5.34,88,1,none
15871,19,female,b.com,3rd year,phd,cold,1.58,9.3,15,0,sick
15872,18,female,b.sc,2nd year,high school,rainy,5.93,5.06,83,1,none
15873,18,male,b.sc,3rd year,high school,cold,2.39,9.33,68,0,festival
15874,23,female,nursing,1st year,high school,cloudy,5.29,9.1,89,1,none
15875,18,female,ba,1st year,phd,cloudy,4.93,4.12,79,0,personal work
15876,17,female,ba,3rd year,high school,sunny,0.8,9.1,79,0,none
15877,18,female,b.com,4th year,post graduate,cold,4.91,4.49,60,0,project work
15878,17,female,ba,3rd year,graduate,sunny,5.11,7.76,44,1,none
15881,18,female,nursing,2nd year,no formal,rainy,4.54,4.12,62,0,sick
15882,22,male,bba,4th year,no formal,cold,2.57,7.22,59,0,no reason
15883,19,male,ba,3rd year,no formal,rainy,1.46,9.24,57,0,project work
15884,17,male,bba,4th year,high school,rainy,1.15,8.44,16,0,travel
15885,22,male,b.sc,1st year,no formal,sunny,3.32,8.92,68,0,travel
15886,18,female,b.tech,2nd year,high school,cloudy,0.44,9.19,58,0,none
15887,21,male,b.com,1st year,post graduate,cold,2.13,6.82,41,1,none
15888,21,male,b.tech,1st year,no formal,sunny,3.39,7.21,29,1,none
15890,18,male,b.com,1st year,graduate,sunny,5.12,9.5,37,1,none
15892,22,male,b.sc,1st year,high school,cold,3.71,9.87,27,0,sick
15893,24,female,diploma,1st year,high school,sunny,2.08,7.98,87,0,sick
15894,17,male,b.sc,4th year,high school,sunny,1.78,6.65,27,1,none
15895,20,female,bba,2nd year,high school,cloudy,1.61,4.23,11,1,none
15896,24,male,bca,2nd year,graduate,sunny,3.73,9.62,19,0,no reason
15897,19,male,bca,1st year,post graduate,cloudy,4.81,5.85,89,1,none
15900,24,female,diploma,2nd year,high school,cold,3.86,7.75,57,1,none
15905,24,male,nursing,4th year,high school,sunny,5.57,9.35,84,1,none
15906,17,male,bba,3rd year,post graduate,hot,1.13,8.08,80,0,none
15907,17,female,diploma,2nd year,high school,cold,5.8,7.72,54,1,none
15908,21,female,pharmacy,2nd year,graduate,cold,3.27,4.67,59,0,travel
15910,23,male,b.com,2nd year,post graduate,hot,3.97,6.5,54,1,none
15911,22,male,diploma,2nd year,phd,rainy,4.87,6.26,12,1,none
15912,20,male,b.com,4th year,graduate,rainy,0.55,6.97,89,0,none
15918,19,female,bba,2nd year,high school,sunny,0.08,6.45,57,0,no reason
15919,24,female,b.com,1st year,high school,cloudy,5.07,6.77,52,0,none
15920,22,male,bba,1st year,post graduate,cloudy,5.88,8.56,86,1,none
15921,18,female,b.com,1st year,high school,cloudy,5.81,5.8,23,0,none
15922,19,male,b.com,1st year,no formal,cloudy,2.14,7.66,23,1,none
15924,19,female,pharmacy,4th year,post graduate,cloudy,1.54,8.98,45,1,none
15925,22,female,b.com,1st year,no formal,hot,0.95,8.74,49,0,festival
15926,24,female,bca,2nd year,no formal,sunny,4.18,7.21,41,1,none
15929,18,female,b.tech,3rd year,phd,sunny,5.3,7.56,75,1,none
15934,21,male,diploma,4th year,graduate,rainy,1.42,8.39,89,1,none
15935,23,female,b.sc,1st year,high school,sunny,0.39,6.66,50,1,none
15936,23,male,bca,3rd year,high school,cloudy,1.93,7.89,33,0,project work
15937,17,male,ba,1st year,high school,cloudy,5.93,8.76,84,1,none
15938,20,female,bba,3rd year,no formal,cold,5.05,4.44,37,0,travel
15939,17,male,b.sc,1st year,high school,cloudy,0.22,5.78,62,0,festival
15940,20,male,b.sc,4th year,high school,cold,0.1,5.52,48,0,sick
15942,18,male,bca,1st year,high school,cold,2.94,8.56,25,1,none
15943,18,female,bca,2nd year,no formal,rainy,3.94,4.24,76,0,none
15945,21,male,pharmacy,1st year,high school,rainy,5.21,4.15,18,1,none
15946,22,female,diploma,4th year,no formal,rainy,2.89,6.43,37,0,travel
15950,22,female,diploma,2nd year,phd,sunny,2.15,6.92,74,1,none
15952,23,female,diploma,2nd year,high school,cloudy,0.2,6.12,26,1,none
15953,23,female,bca,3rd year,phd,rainy,1.86,9.24,6,0,no reason
15956,20,female,b.tech,1st year,no formal,rainy,3.86,4.34,77,0,sick
15958,20,female,b.sc,2nd year,post graduate,cloudy,2.51,8.85,45,1,none
15959,20,male,pharmacy,1st year,graduate,cold,2.02,5.29,9,1,none
15960,22,female,pharmacy,3rd year,phd,sunny,4.48,7.46,34,0,sick
15962,18,female,pharmacy,3rd year,no formal,cloudy,4.39,4.37,45,1,none
15963,24,female,bba,2nd year,phd,rainy,1.77,7.84,38,0,festival
15966,20,female,b.sc,2nd year,post graduate,hot,2.32,6.06,47,0,festival
15968,21,female,bca,3rd year,post graduate,cold,3.75,6.82,57,1,none
15969,23,female,bba,1st year,post graduate,cloudy,1.01,4.11,46,0,personal work
15971,18,male,pharmacy,3rd year,no formal,sunny,3.18,8.19,73,0,personal work
15972,23,male,bca,3rd year,graduate,cold,4.93,9.4,53,1,none
15973,24,male,bca,3rd year,high school,rainy,3.85,5.34,28,0,sick
15975,24,male,diploma,2nd year,phd,cloudy,3.0,7.48,37,1,none
15981,21,male,bba,4th year,post graduate,sunny,3.96,6.55,45,0,no reason
15983,24,male,diploma,2nd year,high school,rainy,3.48,8.45,22,0,sick
15984,19,female,pharmacy,2nd year,post graduate,hot,0.32,9.93,36,1,none
15986,19,male,b.tech,4th year,no formal,cloudy,1.37,8.82,74,0,none
15987,23,male,pharmacy,3rd year,phd,cold,0.46,8.78,35,0,sick
15989,17,male,nursing,3rd year,phd,rainy,3.86,5.6,86,0,personal work
15990,17,male,b.sc,1st year,graduate,hot,1.66,6.07,81,1,none
15991,19,male,bca,3rd year,high school,sunny,2.4,7.55,50,0,festival
15992,19,male,nursing,2nd year,high school,rainy,1.69,8.65,89,0,no reason
15993,18,female,b.tech,1st year,post graduate,cloudy,5.64,8.78,80,1,none
15995,20,female,b.com,3rd year,no formal,cold,0.05,7.32,22,0,sick
15996,18,male,bba,3rd year,graduate,hot,3.17,5.0,76,1,none
15998,22,female,ba,2nd year,graduate,cold,3.32,8.27,37,0,festival
15999,24,male,b.com,4th year,phd,cloudy,3.85,6.75,6,1,none
16000,24,female,b.tech,2nd year,post graduate,sunny,1.1,9.17,38,1,none
16001,21,male,diploma,2nd year,post graduate,cold,0.05,9.76,73,1,none
16002,17,female,bca,1st year,high school,cold,3.79,5.58,84,0,project work
16004,24,female,bca,2nd year,high school,sunny,0.92,8.59,23,1,none
16007,17,female,ba,4th year,post graduate,sunny,1.14,6.15,9,0,none
16010,17,female,bba,4th year,graduate,cold,3.29,4.06,44,0,travel
16012,20,female,b.com,2nd year,post graduate,cloudy,3.39,8.85,67,0,personal work
16014,18,male,b.com,1st year,post graduate,sunny,0.42,9.43,63,0,no reason
16015,23,female,ba,4th year,high school,cold,2.32,5.31,79,0,none
16016,20,male,nursing,3rd year,no formal,cloudy,0.62,4.32,21,0,festival
16017,23,male,diploma,1st year,graduate,sunny,1.37,7.66,53,1,none
16018,18,female,bba,2nd year,graduate,rainy,5.42,6.78,53,1,none
16019,21,male,ba,2nd year,high school,cloudy,3.79,5.3,24,1,none
16020,19,male,nursing,4th year,no formal,sunny,2.51,4.74,75,0,festival
16022,21,male,nursing,2nd year,graduate,hot,4.63,8.2,22,1,none
16024,17,male,b.com,1st year,graduate,cold,1.7,5.91,52,1,none
16025,22,female,diploma,3rd year,phd,hot,5.85,6.67,5,1,none
16026,17,male,pharmacy,2nd year,phd,hot,2.95,8.17,84,1,none
16027,19,male,ba,3rd year,high school,sunny,4.31,7.86,20,1,none
16029,17,male,pharmacy,4th year,phd,hot,1.18,7.77,56,0,festival
16031,18,female,nursing,4th year,phd,cold,5.56,4.91,15,0,festival
16032,21,female,pharmacy,1st year,graduate,sunny,3.78,9.32,74,1,none
16034,18,female,b.tech,3rd year,phd,cold,0.54,5.29,81,0,personal work
16035,22,female,b.tech,3rd year,no formal,cold,1.2,7.94,5,1,none
16036,19,female,b.com,2nd year,no formal,sunny,1.22,5.95,87,0,project work
16037,19,female,b.tech,3rd year,phd,hot,0.71,6.0,66,0,no reason
16039,22,female,bca,3rd year,graduate,cloudy,4.99,8.76,23,1,none
16040,22,male,bba,3rd year,no formal,cold,4.92,8.86,74,1,none
16042,21,female,b.sc,1st year,post graduate,sunny,5.92,9.63,35,1,none
16044,19,female,ba,1st year,high school,cold,1.32,8.74,87,1,none
16045,24,male,b.tech,3rd year,high school,sunny,2.93,5.87,79,0,festival
16048,20,male,b.tech,4th year,phd,sunny,0.61,8.27,78,1,none
16050,23,male,b.sc,2nd year,graduate,hot,4.4,5.83,65,0,travel
16052,22,female,nursing,1st year,phd,cloudy,5.45,7.63,32,1,none
16053,20,female,bba,4th year,graduate,sunny,5.19,9.4,46,1,none
16054,24,male,bca,1st year,no formal,cloudy,0.39,8.17,57,1,none
16055,22,male,b.tech,4th year,high school,sunny,5.23,9.25,22,1,none
16057,24,female,bba,3rd year,graduate,cloudy,4.65,5.73,21,1,none
16058,23,male,ba,4th year,phd,cold,2.98,7.67,77,0,travel
16059,21,female,nursing,4th year,no formal,rainy,2.77,4.48,81,0,project work
16061,21,male,ba,4th year,no formal,rainy,2.63,6.89,41,0,project work
16064,18,female,bba,2nd year,phd,cloudy,1.44,5.37,19,0,no reason
16065,21,male,bca,3rd year,no formal,sunny,4.99,4.39,27,0,travel
16068,20,female,ba,1st year,no formal,cold,4.33,7.13,70,1,none
16069,17,female,b.sc,4th year,no formal,cloudy,5.88,9.72,58,1,none
16071,23,male,b.sc,3rd year,no formal,cloudy,2.04,4.1,67,0,personal work
16072,23,male,diploma,2nd year,no formal,cold,4.79,7.1,52,1,none
16073,20,female,bca,2nd year,phd,cloudy,5.67,9.45,5,1,none
16074,17,female,diploma,2nd year,post graduate,rainy,2.33,7.85,41,0,none
16075,20,female,ba,3rd year,high school,hot,4.43,8.07,7,1,none
16076,24,female,pharmacy,1st year,post graduate,sunny,2.47,8.07,8,1,none
16078,18,female,pharmacy,2nd year,graduate,hot,1.91,7.09,37,1,none
16079,23,female,diploma,4th year,phd,cloudy,1.58,5.25,9,0,festival
16081,18,male,b.sc,4th year,phd,rainy,5.1,6.58,24,1,none
16084,21,female,nursing,2nd year,post graduate,sunny,3.35,4.57,69,0,personal work
16085,23,female,bca,1st year,high school,hot,1.8,4.41,52,0,no reason
16086,24,female,nursing,3rd year,no formal,cloudy,1.35,7.7,80,1,none
16087,20,male,bba,4th year,graduate,cold,1.04,9.37,63,1,none
16088,20,female,b.sc,2nd year,no formal,cold,2.68,6.97,44,0,personal work
16090,23,female,nursing,3rd year,phd,rainy,2.96,7.9,51,1,none
16091,18,male,bca,3rd year,no formal,sunny,5.1,9.86,86,1,none
16092,22,female,pharmacy,4th year,post graduate,cold,2.64,4.39,43,0,festival
16093,22,male,pharmacy,2nd year,high school,cold,3.39,5.76,45,1,none
16095,24,female,b.tech,3rd year,post graduate,hot,5.01,6.61,42,1,none
16096,19,male,b.sc,1st year,post graduate,cold,0.23,9.71,23,1,none
16097,21,female,ba,1st year,post graduate,cloudy,5.14,4.56,19,0,travel
16098,20,female,b.tech,4th year,high school,cloudy,4.25,4.79,74,0,festival
16099,22,female,pharmacy,1st year,high school,rainy,4.06,7.81,71,1,none
16100,24,female,b.com,3rd year,graduate,rainy,1.28,5.55,50,0,personal work
16103,23,male,b.tech,2nd year,graduate,sunny,5.73,8.23,40,1,none
16104,24,male,bca,4th year,post graduate,cold,0.7,6.36,89,0,none
16106,23,female,pharmacy,1st year,high school,rainy,5.21,5.97,11,1,none
16107,22,male,diploma,4th year,post graduate,hot,0.56,7.92,39,1,none
16108,23,female,ba,1st year,post graduate,rainy,0.59,9.59,46,0,none
16109,24,male,diploma,4th year,phd,cold,1.29,4.06,37,1,none
16110,17,male,b.com,2nd year,high school,cold,0.05,6.75,88,0,personal work
16111,21,male,b.sc,2nd year,graduate,cloudy,1.4,4.49,67,0,travel
16112,17,male,b.tech,3rd year,phd,cloudy,4.8,5.14,45,1,none
16113,21,male,b.sc,2nd year,high school,hot,4.78,9.03,76,0,none
16115,19,female,bca,1st year,high school,rainy,5.5,5.69,9,1,none
16116,24,female,b.com,3rd year,no formal,rainy,5.79,6.16,48,0,travel
16120,17,male,diploma,2nd year,high school,cloudy,3.04,6.39,72,1,none
16123,18,male,bca,3rd year,post graduate,sunny,5.08,9.68,23,1,none
16127,23,female,b.com,2nd year,high school,hot,0.87,9.5,6,1,none
16128,20,male,b.com,1st year,no formal,rainy,3.87,5.46,38,0,no reason
16130,19,female,nursing,2nd year,no formal,cold,4.66,9.78,58,1,none
16132,17,male,bba,1st year,graduate,sunny,1.22,5.49,16,0,none
16133,18,male,b.com,2nd year,high school,hot,3.98,7.33,73,1,none
16135,20,female,nursing,3rd year,graduate,cold,2.47,9.17,15,0,none
16138,19,female,b.sc,2nd year,high school,cloudy,3.86,4.46,75,0,none
16139,24,male,pharmacy,4th year,high school,cold,1.31,4.69,60,1,none
16142,18,female,b.com,4th year,high school,sunny,2.53,4.37,12,0,no reason
16144,24,male,b.com,4th year,phd,cloudy,2.56,9.02,40,1,none
16145,18,female,bba,2nd year,high school,sunny,4.37,4.48,40,0,sick
16146,19,male,b.com,2nd year,high school,rainy,2.51,9.84,30,1,none
16147,20,female,b.sc,4th year,post graduate,cold,0.12,8.81,11,0,no reason
16148,23,female,ba,4th year,graduate,rainy,1.22,5.23,15,1,none
16149,24,female,bba,3rd year,high school,hot,3.52,6.07,51,1,none
16150,17,male,b.sc,1st year,high school,hot,3.28,9.87,87,0,none
16152,23,female,b.tech,2nd year,high school,rainy,1.4,8.55,31,0,personal work
16153,17,female,bca,3rd year,high school,cloudy,3.25,6.03,5,1,none
16155,18,female,b.tech,2nd year,high school,sunny,5.3,5.73,12,0,project work
16157,24,male,nursing,4th year,post graduate,cloudy,1.76,4.06,29,0,travel
16163,21,female,bca,2nd year,post graduate,rainy,5.81,4.27,79,0,sick
16166,22,female,b.tech,2nd year,no formal,rainy,1.14,9.27,36,0,festival
16168,23,male,bca,3rd year,phd,cloudy,3.86,9.17,57,1,none
16171,23,male,bba,3rd year,graduate,cold,2.92,9.19,81,1,none
16172,24,male,nursing,2nd year,graduate,cold,1.84,9.54,19,0,festival
16173,24,male,b.com,2nd year,graduate,rainy,1.41,8.94,43,1,none
16174,18,male,b.tech,4th year,high school,cloudy,5.09,5.17,66,1,none
16176,21,female,bca,2nd year,no formal,cold,3.91,9.22,35,0,travel
16177,20,female,bba,4th year,post graduate,cold,0.33,7.43,26,1,none
16179,17,female,b.com,3rd year,graduate,cloudy,1.09,6.24,85,0,no reason
16182,22,male,nursing,3rd year,graduate,hot,5.33,7.48,49,1,none
16183,17,female,bca,2nd year,graduate,hot,1.8,7.71,9,0,personal work
16184,17,female,b.com,3rd year,graduate,rainy,2.7,8.35,39,1,none
16185,19,female,ba,2nd year,graduate,cold,1.27,5.91,19,1,none
16187,24,female,ba,1st year,graduate,sunny,4.24,8.35,59,1,none
16188,20,male,b.com,3rd year,no formal,cold,0.51,4.09,56,0,no reason
16189,17,female,ba,4th year,post graduate,cold,4.78,7.22,83,0,travel
16190,17,female,b.com,2nd year,no formal,cold,1.47,8.56,32,0,festival
16191,23,male,bba,1st year,phd,cold,0.86,7.76,15,0,travel
16193,17,male,bba,2nd year,post graduate,sunny,0.1,9.87,34,0,project work
16194,23,male,nursing,2nd year,no formal,sunny,4.47,7.19,49,1,none
16195,21,female,b.com,4th year,high school,cloudy,0.08,5.86,13,0,travel
16196,19,male,b.tech,1st year,phd,sunny,0.68,6.79,36,1,none
16198,18,male,b.sc,1st year,graduate,cold,5.81,4.95,36,1,none
16199,24,female,pharmacy,2nd year,high school,cold,1.7,5.14,11,1,none
16200,23,male,bba,4th year,post graduate,rainy,2.33,4.91,59,1,none
16201,18,female,bba,3rd year,post graduate,sunny,0.86,9.48,34,1,none
16203,18,female,diploma,2nd year,phd,sunny,2.71,9.3,84,0,travel
16204,20,female,bca,2nd year,graduate,sunny,0.39,7.09,78,1,none
16205,22,male,pharmacy,2nd year,phd,cloudy,5.15,8.99,79,0,festival
16206,17,male,b.tech,1st year,graduate,sunny,4.79,7.81,30,0,festival
16207,22,female,b.sc,3rd year,graduate,cold,5.47,4.96,85,1,none
16208,18,female,b.com,2nd year,graduate,cloudy,3.73,4.59,68,0,travel
16209,22,male,b.sc,4th year,high school,cold,2.12,5.1,7,1,none
16211,17,female,b.tech,4th year,graduate,hot,5.74,7.21,16,0,sick
16212,23,male,b.sc,1st year,high school,hot,3.65,5.84,10,0,travel
16213,19,male,ba,1st year,high school,rainy,2.93,7.35,14,1,none
16214,24,female,b.com,2nd year,high school,cloudy,1.16,4.98,20,0,sick
16215,23,female,b.com,3rd year,phd,cloudy,3.37,7.06,60,0,no reason
16217,21,female,bca,3rd year,high school,cold,0.49,4.86,72,0,none
16218,19,female,nursing,4th year,post graduate,sunny,5.88,4.27,74,0,sick
16220,21,female,pharmacy,2nd year,graduate,cold,5.53,7.53,76,1,none
16222,22,female,b.sc,2nd year,post graduate,cold,0.45,7.77,72,0,festival
16224,24,female,b.sc,4th year,no formal,rainy,5.47,8.34,76,0,personal work
16227,22,female,bba,4th year,graduate,hot,1.32,8.67,45,1,none
16228,24,male,b.com,2nd year,no formal,sunny,1.91,8.75,76,0,project work
16229,18,male,b.com,1st year,post graduate,sunny,2.68,4.08,56,0,personal work
16230,22,male,b.tech,2nd year,no formal,rainy,2.08,6.12,43,1,none
16231,24,male,b.sc,1st year,no formal,rainy,3.39,7.56,57,1,none
16232,18,female,nursing,2nd year,phd,cloudy,5.26,8.42,5,1,none
16233,21,male,b.tech,4th year,no formal,cold,4.93,4.6,22,1,none
16234,23,male,diploma,4th year,post graduate,hot,4.91,9.35,78,1,none
16235,19,male,diploma,4th year,graduate,hot,5.63,9.52,31,1,none
16236,18,male,b.sc,2nd year,high school,cloudy,5.35,4.53,10,0,travel
16237,20,female,b.com,2nd year,high school,hot,4.78,8.99,63,1,none
16243,21,male,bba,2nd year,no formal,cloudy,4.63,4.19,61,0,no reason
16244,24,male,pharmacy,3rd year,phd,cold,0.89,9.41,18,1,none
16245,22,female,b.sc,3rd year,post graduate,rainy,3.07,7.73,28,0,travel
16246,24,male,pharmacy,4th year,no formal,hot,2.12,7.19,42,1,none
16247,18,male,bca,3rd year,phd,hot,3.38,9.26,20,1,none
16249,24,female,b.tech,2nd year,phd,sunny,5.17,7.11,60,0,personal work
16251,19,female,nursing,4th year,high school,cold,5.58,9.77,74,1,none
16252,20,female,ba,4th year,phd,cloudy,4.04,9.94,9,1,none
16253,20,male,diploma,4th year,high school,hot,0.44,6.77,33,1,none
16254,23,male,nursing,3rd year,no formal,sunny,1.17,7.23,64,0,project work
16255,22,male,ba,2nd year,high school,hot,3.79,6.91,84,0,project work
16258,24,male,bca,4th year,phd,cold,0.65,6.29,87,0,none
16259,20,female,diploma,4th year,graduate,cloudy,2.87,4.76,89,0,no reason
16260,24,female,ba,3rd year,no formal,cloudy,2.71,6.78,43,0,travel
16261,22,female,bca,3rd year,phd,rainy,2.61,5.8,44,0,sick
16262,24,male,bba,3rd year,graduate,rainy,1.43,5.39,20,0,none
16263,24,male,b.sc,1st year,phd,hot,2.1,8.38,54,0,festival
16264,17,male,bba,1st year,no formal,cloudy,4.07,6.44,65,0,none
16265,23,male,diploma,3rd year,high school,hot,1.19,6.47,55,0,travel
16266,18,male,pharmacy,1st year,high school,rainy,5.55,9.77,48,0,festival
16267,23,female,ba,3rd year,graduate,cloudy,3.16,9.94,63,0,none
16270,17,female,pharmacy,3rd year,post graduate,cloudy,1.78,4.12,47,1,none
16271,20,male,nursing,2nd year,graduate,cold,5.67,9.65,60,1,none
16272,19,female,ba,2nd year,phd,cold,4.05,7.76,58,1,none
16273,21,male,b.com,4th year,phd,rainy,4.05,8.46,18,1,none
16274,17,male,bca,3rd year,phd,sunny,0.6,8.21,8,0,festival
16276,20,female,diploma,2nd year,phd,cold,4.82,6.77,20,0,travel
16277,23,female,ba,2nd year,post graduate,sunny,0.06,4.37,53,1,none
16278,19,female,b.com,3rd year,high school,cold,1.78,6.44,56,1,none
16279,19,male,nursing,1st year,high school,rainy,1.07,7.09,29,1,none
16280,18,female,ba,4th year,phd,sunny,0.88,7.12,62,0,personal work
16281,19,female,b.sc,2nd year,post graduate,hot,2.92,4.9,43,0,no reason
16283,19,female,b.com,3rd year,high school,sunny,0.09,8.25,87,0,personal work
16284,19,male,bca,1st year,graduate,hot,2.51,6.4,45,0,festival
16286,22,male,b.tech,1st year,phd,rainy,2.92,7.36,69,0,project work
16287,19,male,b.tech,3rd year,post graduate,hot,4.43,4.57,86,1,none
16288,23,female,nursing,3rd year,phd,cloudy,4.01,4.75,48,0,festival
16290,22,male,b.com,1st year,phd,hot,5.76,8.65,11,1,none
16291,21,male,diploma,4th year,phd,rainy,1.19,9.44,28,1,none
16292,24,male,b.sc,2nd year,phd,rainy,2.18,5.87,23,1,none
16296,18,male,diploma,2nd year,graduate,hot,4.47,6.3,25,1,none
16298,24,male,b.com,3rd year,no formal,cloudy,5.53,5.14,89,1,none
16303,21,male,ba,2nd year,high school,hot,4.47,9.5,38,0,personal work
16304,22,female,b.sc,4th year,no formal,rainy,0.07,9.38,58,0,no reason
16305,21,male,pharmacy,3rd year,no formal,rainy,4.14,9.43,68,1,none
16306,21,female,nursing,2nd year,graduate,cloudy,1.46,8.88,14,1,none
16307,24,female,b.tech,4th year,phd,hot,0.78,5.14,48,0,festival
16309,21,female,ba,4th year,phd,cloudy,1.25,5.99,45,1,none
16311,24,male,nursing,1st year,no formal,cloudy,5.55,4.43,16,1,none
16312,19,male,b.sc,4th year,post graduate,rainy,2.75,4.67,15,1,none
16314,22,male,b.com,1st year,post graduate,rainy,5.75,9.54,39,0,travel
16316,23,female,b.com,2nd year,post graduate,cold,4.84,5.98,13,1,none
16318,19,female,diploma,4th year,high school,sunny,2.93,5.26,25,1,none
16319,19,female,b.sc,2nd year,no formal,rainy,5.93,4.53,32,0,none
16322,21,male,b.sc,2nd year,graduate,cloudy,2.42,4.68,52,1,none
16324,18,female,pharmacy,4th year,no formal,sunny,1.69,8.52,35,1,none
16326,19,female,bca,3rd year,no formal,sunny,5.69,8.82,11,0,sick
16328,24,female,b.tech,3rd year,no formal,rainy,0.51,9.94,75,0,none
16329,20,male,bca,3rd year,phd,cold,0.76,5.03,7,1,none
16331,22,male,b.sc,3rd year,no formal,cloudy,5.28,6.1,35,0,no reason
16332,23,female,bba,2nd year,high school,hot,5.5,7.19,63,0,project work
16336,24,female,ba,4th year,high school,sunny,1.02,5.27,78,0,sick
16338,18,male,bba,2nd year,high school,rainy,2.97,5.06,60,0,project work
16340,23,male,bca,4th year,graduate,hot,3.06,8.23,16,0,sick
16342,22,female,b.com,1st year,post graduate,cloudy,1.16,6.84,26,1,none
16344,18,female,pharmacy,3rd year,phd,hot,0.39,5.01,60,1,none
16348,18,male,ba,2nd year,phd,hot,3.32,8.94,14,1,none
16349,17,female,b.tech,3rd year,no formal,hot,4.27,6.71,19,1,none
16350,24,female,diploma,4th year,no formal,cold,1.21,5.82,59,0,personal work
16351,24,male,b.tech,1st year,high school,cloudy,2.58,5.4,47,1,none
16352,22,male,pharmacy,2nd year,no formal,sunny,4.03,9.63,38,1,none
16353,22,male,diploma,3rd year,graduate,cloudy,3.55,4.08,9,0,festival
16355,21,female,bca,1st year,no formal,hot,5.68,8.6,38,1,none
16358,19,male,diploma,2nd year,high school,cold,4.26,7.57,43,1,none
16360,23,male,bca,2nd year,post graduate,cloudy,1.37,6.73,24,0,none
16361,19,female,bca,1st year,phd,cloudy,5.41,7.0,37,1,none
16363,23,male,b.sc,4th year,graduate,cloudy,1.54,7.1,83,0,travel
16365,21,female,b.com,2nd year,no formal,cold,3.5,5.36,49,1,none
16366,18,male,ba,3rd year,high school,cloudy,2.72,8.54,32,0,travel
16368,21,male,b.tech,3rd year,no formal,hot,0.65,4.79,59,1,none
16369,20,female,ba,1st year,phd,hot,5.93,7.93,22,1,none
16370,17,female,bca,3rd year,post graduate,rainy,0.49,4.23,62,0,project work
16371,24,male,b.com,2nd year,no formal,cloudy,2.96,5.72,41,1,none
16372,24,female,diploma,4th year,phd,sunny,1.48,9.34,42,1,none
16373,19,female,bba,4th year,high school,sunny,1.95,6.37,63,0,festival
16374,22,male,b.com,4th year,post graduate,sunny,0.28,5.86,41,0,none
16375,20,female,b.sc,1st year,phd,cloudy,3.13,7.54,42,1,none
16376,20,male,b.com,4th year,high school,cloudy,4.38,4.43,81,1,none
16377,21,female,nursing,1st year,phd,cold,1.2,6.32,81,0,none
16378,20,male,bba,1st year,phd,cloudy,3.53,8.19,33,1,none
16383,23,male,bca,1st year,high school,cloudy,5.84,9.13,7,1,none
16384,17,female,ba,2nd year,high school,cloudy,1.11,8.21,28,0,no reason
16385,17,male,diploma,1st year,phd,hot,3.27,6.97,64,0,travel
16386,22,male,pharmacy,3rd year,high school,cloudy,0.99,5.58,38,1,none
16387,24,female,b.com,4th year,post graduate,sunny,4.87,8.21,29,1,none
16388,23,female,bba,3rd year,high school,cold,2.21,7.49,89,1,none
16389,24,male,nursing,3rd year,high school,sunny,4.12,7.37,19,1,none
16390,18,male,bca,1st year,phd,hot,0.16,4.79,38,0,personal work
16391,21,female,b.sc,3rd year,no formal,cloudy,0.92,9.36,18,0,festival
16392,22,male,ba,2nd year,post graduate,sunny,1.32,9.77,84,1,none
16393,21,male,b.com,3rd year,no formal,hot,4.56,6.88,75,1,none
16394,23,female,bba,1st year,phd,hot,0.71,7.16,46,0,festival
16395,18,male,pharmacy,3rd year,post graduate,cloudy,5.33,9.39,56,1,none
16399,18,male,bba,4th year,high school,rainy,2.87,7.0,45,0,travel
16400,19,female,bca,2nd year,post graduate,cold,2.06,6.76,74,0,travel
16402,18,female,b.tech,3rd year,no formal,hot,0.2,9.05,80,0,project work
16403,24,male,b.sc,4th year,post graduate,hot,3.91,7.35,86,0,no reason
16405,19,male,bca,1st year,post graduate,cloudy,3.95,4.96,67,0,no reason
16407,21,male,b.tech,2nd year,high school,hot,0.11,4.06,86,0,none
16409,19,male,b.com,3rd year,phd,hot,2.83,4.32,85,0,none
16411,19,female,ba,1st year,no formal,rainy,4.51,8.87,17,0,personal work
16412,22,male,pharmacy,4th year,no formal,sunny,1.19,7.84,74,0,festival
16416,23,female,b.com,3rd year,graduate,rainy,4.13,6.32,32,0,personal work
16417,22,male,pharmacy,2nd year,post graduate,rainy,5.52,9.68,30,0,project work
16418,19,male,pharmacy,3rd year,phd,hot,2.62,6.14,69,0,personal work
16419,24,male,nursing,4th year,graduate,cold,4.11,9.6,53,1,none
16420,22,male,b.sc,2nd year,graduate,hot,5.08,4.31,6,1,none
16421,20,male,b.com,1st year,no formal,cloudy,0.94,6.67,24,0,no reason
16422,18,female,bca,2nd year,graduate,cold,4.73,8.99,11,1,none
16424,23,female,nursing,3rd year,phd,cloudy,5.33,9.49,26,1,none
16425,22,male,ba,1st year,graduate,cloudy,1.67,8.2,23,1,none
16426,23,female,b.tech,4th year,post graduate,sunny,0.19,4.23,86,0,no reason
16427,21,male,b.com,3rd year,graduate,cloudy,1.57,6.61,55,0,no reason
16428,18,female,ba,2nd year,graduate,hot,4.14,7.2,60,1,none
16430,17,male,bca,4th year,graduate,cold,2.75,8.68,30,1,none
16432,22,male,bca,2nd year,high school,rainy,3.33,6.28,71,1,none
16434,18,male,ba,3rd year,post graduate,sunny,4.05,9.66,74,0,travel
16435,21,male,ba,1st year,no formal,hot,4.41,6.28,31,1,none
16436,17,female,b.tech,4th year,graduate,cloudy,0.05,6.64,44,0,sick
16437,20,female,ba,2nd year,graduate,rainy,5.3,5.31,18,1,none
16438,23,female,b.com,3rd year,post graduate,sunny,3.12,6.73,62,1,none
16439,23,male,diploma,3rd year,high school,hot,5.04,9.27,40,1,none
16445,19,male,diploma,3rd year,post graduate,sunny,0.56,7.41,45,1,none
16446,17,female,bca,3rd year,phd,hot,5.14,8.48,44,0,no reason
16448,18,male,nursing,3rd year,graduate,rainy,0.51,4.32,32,0,no reason
16449,19,female,b.tech,2nd year,graduate,hot,2.84,4.39,40,0,travel
16450,20,male,b.sc,4th year,no formal,rainy,1.58,5.76,44,0,project work
16453,22,male,pharmacy,3rd year,post graduate,cold,4.76,8.27,83,1,none
16455,18,female,b.sc,2nd year,post graduate,sunny,4.56,9.48,77,1,none
16457,24,male,ba,4th year,post graduate,hot,2.8,5.83,71,0,sick
16458,20,male,nursing,3rd year,graduate,sunny,3.82,8.95,51,1,none
16461,18,male,bba,1st year,post graduate,cloudy,1.64,6.35,27,1,none
16462,21,male,bca,1st year,post graduate,cloudy,2.28,7.46,21,1,none
16463,18,female,pharmacy,3rd year,post graduate,cold,0.51,4.57,63,0,festival
16464,21,male,b.sc,2nd year,post graduate,sunny,2.19,9.22,54,1,none
16468,24,female,nursing,2nd year,graduate,hot,1.77,7.65,8,1,none
16469,24,female,nursing,2nd year,graduate,sunny,2.67,9.12,45,1,none
16470,17,female,b.com,2nd year,no formal,hot,3.68,8.21,68,0,personal work
16472,24,female,ba,3rd year,post graduate,sunny,3.24,6.24,28,0,festival
16473,24,female,diploma,4th year,high school,cold,4.28,8.17,81,1,none
16474,19,female,diploma,1st year,no formal,cloudy,2.11,5.12,78,1,none
16475,21,female,pharmacy,1st year,phd,rainy,1.24,5.44,74,0,project work
16477,22,female,pharmacy,3rd year,post graduate,rainy,2.66,7.67,42,1,none
16479,19,male,bca,2nd year,phd,rainy,1.41,7.14,53,0,personal work
16480,24,female,bba,4th year,high school,hot,4.88,9.62,44,1,none
16481,17,female,b.sc,4th year,post graduate,rainy,4.75,7.9,26,1,none
16483,24,male,b.sc,2nd year,post graduate,cold,3.2,8.47,6,1,none
16484,18,male,nursing,4th year,high school,hot,4.6,5.41,63,0,no reason
16485,24,female,b.com,3rd year,no formal,rainy,2.16,6.45,54,0,personal work
16487,19,female,bca,1st year,post graduate,cloudy,3.56,4.8,51,0,personal work
16488,17,female,bba,3rd year,no formal,cold,4.37,6.43,8,1,none
16489,24,male,ba,1st year,high school,cloudy,2.54,4.35,54,0,project work
16492,20,male,bca,2nd year,no formal,cold,1.35,4.38,10,0,travel
16494,23,male,nursing,1st year,phd,sunny,3.87,7.29,6,1,none
16495,17,female,b.sc,4th year,high school,sunny,5.67,7.48,58,1,none
16498,17,male,nursing,4th year,phd,rainy,3.62,7.76,7,0,personal work
16499,17,male,b.tech,1st year,graduate,rainy,5.73,5.76,57,0,sick
16501,20,male,b.com,4th year,high school,hot,4.5,8.35,18,1,none
16503,18,male,nursing,2nd year,post graduate,sunny,2.27,7.65,84,0,no reason
16504,23,male,bba,2nd year,phd,hot,4.76,4.89,67,0,sick
16505,22,female,b.sc,3rd year,no formal,rainy,1.97,8.28,81,1,none
16507,23,male,b.sc,1st year,high school,rainy,5.7,6.37,89,0,personal work
16510,23,male,bca,1st year,high school,sunny,2.87,5.22,24,0,none
16511,18,male,pharmacy,3rd year,no formal,rainy,5.9,4.23,35,0,personal work
16512,21,female,bba,2nd year,high school,hot,3.73,4.59,84,0,none
16513,23,female,nursing,1st year,phd,rainy,2.9,9.58,87,1,none
16514,21,male,pharmacy,2nd year,no formal,rainy,1.9,8.91,12,0,travel
16515,18,female,b.sc,3rd year,post graduate,sunny,2.7,9.34,20,0,none
16517,23,male,b.com,2nd year,post graduate,sunny,0.42,8.44,56,1,none
16518,17,male,b.tech,2nd year,graduate,sunny,3.73,6.15,60,1,none
16520,21,female,b.sc,3rd year,graduate,sunny,0.41,9.94,49,1,none
16522,17,female,b.tech,4th year,phd,hot,0.82,5.26,42,1,none
16525,23,female,b.sc,3rd year,post graduate,cloudy,4.82,7.35,64,1,none
16526,20,female,ba,4th year,high school,rainy,0.28,5.58,14,1,none
16527,24,female,diploma,1st year,graduate,sunny,5.42,9.48,37,1,none
16528,24,male,bca,4th year,no formal,cold,5.67,4.25,45,0,travel
16529,22,female,b.tech,4th year,graduate,cold,2.64,4.33,34,0,travel
16530,21,female,b.sc,1st year,no formal,sunny,1.83,4.27,70,1,none
16533,24,female,b.tech,3rd year,no formal,cold,1.06,6.79,11,0,festival
16535,18,female,b.tech,1st year,no formal,sunny,1.07,7.55,83,0,festival
16536,22,female,bba,2nd year,no formal,cloudy,0.98,6.07,5,1,none
16537,22,male,b.com,2nd year,post graduate,cold,2.14,7.08,80,1,none
16538,23,male,ba,1st year,graduate,cloudy,0.91,4.89,18,1,none
16540,23,male,b.sc,1st year,no formal,rainy,5.65,5.57,20,0,no reason
16541,20,male,bca,3rd year,post graduate,rainy,2.47,6.0,34,1,none
16542,20,male,b.com,1st year,high school,rainy,3.8,6.24,14,1,none
16544,19,male,b.tech,2nd year,no formal,sunny,4.23,5.66,67,1,none
16545,24,male,b.com,3rd year,graduate,hot,4.07,5.93,15,1,none
16546,22,female,pharmacy,2nd year,phd,cold,2.04,6.48,23,1,none
16547,22,female,diploma,4th year,post graduate,rainy,2.61,5.43,9,0,festival
16549,19,male,diploma,4th year,no formal,rainy,2.35,6.25,82,0,none
16550,22,female,b.sc,3rd year,high school,sunny,1.87,7.24,62,0,travel
16551,19,male,bba,4th year,phd,sunny,3.62,4.18,78,1,none
16552,23,male,nursing,1st year,phd,cloudy,5.31,7.37,47,1,none
16553,20,male,diploma,2nd year,high school,cold,1.71,9.55,8,0,no reason
16554,23,male,bba,4th year,post graduate,hot,3.53,9.32,9,1,none
16557,24,male,pharmacy,3rd year,high school,sunny,2.4,4.7,36,0,none
16558,23,female,b.sc,2nd year,high school,hot,3.32,5.78,31,1,none
16559,19,male,pharmacy,2nd year,graduate,hot,5.44,5.51,70,1,none
16561,20,male,bba,4th year,graduate,cold,3.34,9.62,25,0,festival
16562,17,female,bba,2nd year,no formal,sunny,1.64,5.33,30,0,project work
16563,21,male,b.tech,1st year,high school,cloudy,5.41,4.25,30,1,none
16564,20,female,b.com,3rd year,no formal,sunny,1.1,5.81,51,0,personal work
16566,17,female,diploma,1st year,high school,rainy,1.13,8.89,77,0,no reason
16567,21,female,b.sc,1st year,graduate,cloudy,1.6,8.76,64,1,none
16570,22,male,nursing,1st year,post graduate,sunny,3.39,7.84,66,0,project work
16571,18,female,ba,3rd year,graduate,cloudy,0.05,5.22,47,0,none
16572,18,female,diploma,4th year,high school,cold,2.64,6.83,65,0,festival
16573,20,female,diploma,1st year,no formal,cloudy,1.29,6.91,10,1,none
16574,20,female,pharmacy,2nd year,post graduate,cold,5.22,8.58,21,1,none
16577,19,male,bca,3rd year,phd,cold,5.41,9.19,29,1,none
16580,24,female,diploma,2nd year,graduate,sunny,1.53,8.23,40,0,none
16581,22,female,b.tech,3rd year,post graduate,sunny,4.6,5.0,72,0,sick
16582,24,male,b.sc,3rd year,high school,cold,3.76,7.6,48,1,none
16583,24,female,b.tech,3rd year,high school,cold,3.11,9.42,70,1,none
16584,17,male,diploma,2nd year,no formal,hot,2.71,4.49,71,1,none
16586,22,male,b.sc,1st year,graduate,rainy,0.54,9.07,51,0,sick
16587,17,female,bba,3rd year,high school,hot,1.68,9.58,82,0,travel
16588,20,female,bba,2nd year,phd,hot,1.69,5.89,59,1,none
16592,23,male,pharmacy,2nd year,phd,sunny,5.81,7.58,51,1,none
16593,22,male,b.sc,3rd year,high school,rainy,1.59,5.43,11,1,none
16594,17,female,pharmacy,3rd year,post graduate,rainy,5.68,4.53,26,1,none
16595,19,female,bca,4th year,post graduate,sunny,1.84,6.34,64,0,no reason
16596,24,male,b.sc,4th year,post graduate,hot,1.57,7.52,78,0,project work
16598,17,male,ba,4th year,no formal,cloudy,1.57,5.17,49,0,no reason
16599,19,male,bba,1st year,phd,sunny,3.93,9.82,63,0,personal work
16602,18,female,b.sc,4th year,post graduate,cloudy,2.62,7.14,72,1,none
16603,20,male,b.tech,2nd year,phd,sunny,5.09,6.72,58,1,none
16604,24,male,nursing,4th year,high school,rainy,3.8,4.19,72,1,none
16605,18,male,ba,1st year,phd,cloudy,0.53,8.0,6,0,project work
16606,21,female,b.tech,3rd year,post graduate,rainy,0.22,7.81,6,1,none
16607,20,female,b.tech,1st year,no formal,sunny,2.0,4.95,48,1,none
16608,23,female,pharmacy,4th year,graduate,sunny,0.63,9.15,84,0,project work
16612,20,male,ba,2nd year,no formal,rainy,4.02,5.1,39,1,none
16613,22,female,pharmacy,3rd year,phd,hot,5.26,4.46,70,0,no reason
16614,20,male,bca,3rd year,graduate,cold,2.11,4.35,20,1,none
16615,22,male,bca,2nd year,graduate,cold,4.52,8.32,81,1,none
16617,19,female,b.tech,1st year,post graduate,rainy,3.24,9.94,61,1,none
16619,24,male,nursing,2nd year,no formal,hot,3.12,4.99,31,0,none
16621,24,male,b.com,2nd year,phd,cloudy,5.4,9.89,83,1,none
16622,19,male,b.sc,4th year,no formal,sunny,5.13,4.57,70,1,none
16623,19,male,diploma,4th year,high school,rainy,2.99,9.07,78,0,festival
16624,19,male,nursing,4th year,no formal,hot,1.16,8.2,70,1,none
16625,17,female,b.com,3rd year,post graduate,hot,0.31,6.03,33,0,project work
16626,18,male,diploma,2nd year,phd,sunny,3.75,5.97,39,1,none
16627,19,male,diploma,1st year,phd,cold,3.12,5.25,83,0,travel
16629,18,male,pharmacy,3rd year,phd,hot,1.64,8.45,34,0,personal work
16630,21,female,bba,4th year,phd,rainy,2.56,7.53,55,0,project work
16632,19,female,diploma,4th year,phd,cold,0.29,8.48,41,1,none
16633,24,male,bba,1st year,phd,cold,3.32,9.81,60,1,none
16634,17,male,bba,1st year,no formal,cold,2.48,4.06,69,1,none
16637,19,female,b.com,1st year,graduate,hot,3.81,8.12,89,1,none
16639,20,male,ba,4th year,no formal,hot,4.98,9.53,69,0,no reason
16640,24,male,bba,1st year,graduate,rainy,0.62,8.94,35,0,personal work
16643,21,female,b.com,3rd year,graduate,cloudy,2.67,9.57,36,1,none
16644,24,female,diploma,1st year,high school,rainy,1.03,5.46,69,0,no reason
16646,23,female,nursing,1st year,phd,rainy,1.99,6.72,79,0,sick
16647,24,female,diploma,2nd year,high school,rainy,2.85,5.67,42,0,sick
16648,20,female,b.com,4th year,graduate,rainy,1.77,4.71,28,1,none
16649,23,female,bca,2nd year,graduate,hot,0.83,9.94,33,0,travel
16650,23,female,bba,1st year,post graduate,rainy,2.73,5.09,48,0,sick
16651,18,female,b.com,2nd year,graduate,cold,0.18,5.22,32,1,none
16653,22,female,pharmacy,3rd year,phd,sunny,4.18,7.18,53,1,none
16654,17,male,nursing,4th year,high school,sunny,3.64,6.75,10,0,festival
16655,21,female,pharmacy,1st year,high school,hot,2.12,9.91,68,0,no reason
16656,22,female,b.sc,4th year,graduate,cold,2.79,7.45,77,1,none
16657,23,male,pharmacy,1st year,graduate,rainy,3.31,5.91,77,0,none
16658,23,male,bca,2nd year,graduate,cold,1.27,4.48,22,1,none
16659,20,male,bba,3rd year,no formal,hot,5.06,7.64,54,1,none
16660,19,male,ba,1st year,no formal,rainy,3.65,7.5,12,0,none
16661,18,male,b.com,2nd year,graduate,sunny,3.2,6.92,26,1,none
16664,24,male,nursing,1st year,post graduate,cold,5.17,8.44,47,1,none
16665,17,female,pharmacy,4th year,no formal,sunny,2.21,5.94,81,1,none
16666,22,male,pharmacy,2nd year,phd,cold,4.38,7.09,71,1,none
16668,18,female,b.sc,1st year,post graduate,cold,1.34,7.17,49,1,none
16669,18,male,diploma,4th year,phd,rainy,3.79,8.03,28,1,none
16670,19,female,nursing,4th year,phd,rainy,0.71,9.33,7,1,none
16671,22,female,bba,3rd year,phd,hot,1.38,8.83,14,1,none
16672,19,male,bca,1st year,graduate,cloudy,3.57,8.56,33,0,none
16673,23,male,ba,4th year,post graduate,cold,4.4,5.89,41,0,travel
16674,19,male,nursing,2nd year,graduate,hot,1.3,8.44,77,0,personal work
16678,20,female,pharmacy,4th year,post graduate,hot,2.44,7.01,17,1,none
16679,22,female,bba,2nd year,post graduate,rainy,3.78,5.42,45,1,none
16680,20,male,pharmacy,1st year,high school,sunny,5.61,4.96,29,1,none
16681,18,female,diploma,2nd year,post graduate,cloudy,5.74,7.93,69,1,none
16682,18,male,bba,2nd year,high school,cloudy,1.03,8.64,22,0,travel
16685,22,male,bba,3rd year,post graduate,hot,5.23,6.79,80,0,personal work
16687,19,female,diploma,2nd year,post graduate,hot,2.7,9.69,15,1,none
16688,21,female,b.com,3rd year,no formal,rainy,0.4,6.89,6,0,sick
16691,21,male,b.com,3rd year,graduate,cloudy,5.29,5.35,8,0,festival
16693,22,female,b.sc,2nd year,no formal,hot,2.67,5.64,40,0,project work
16694,22,male,bca,1st year,high school,cold,3.07,7.64,77,1,none
16696,18,female,bca,1st year,no formal,hot,3.82,4.93,72,1,none
16697,17,male,ba,4th year,post graduate,cold,1.43,5.82,60,1,none
16698,17,male,diploma,4th year,phd,hot,3.46,8.61,8,0,none
16699,17,male,ba,4th year,post graduate,hot,4.28,8.94,89,1,none
16700,22,male,nursing,1st year,high school,cold,3.22,9.54,36,1,none
16701,24,female,bba,3rd year,high school,cold,0.95,8.62,35,1,none
16702,20,female,b.tech,2nd year,high school,hot,0.25,7.69,23,1,none
16704,22,male,b.com,3rd year,graduate,rainy,1.27,9.61,81,0,personal work
16705,23,female,bba,4th year,post graduate,rainy,1.24,9.44,56,1,none
16706,22,female,b.sc,2nd year,graduate,cold,5.18,4.38,64,0,sick
16707,18,female,diploma,4th year,no formal,cloudy,3.56,8.62,79,1,none
16709,21,male,b.sc,4th year,graduate,hot,3.65,4.09,36,1,none
16710,22,female,pharmacy,3rd year,graduate,sunny,2.27,9.21,34,1,none
16711,23,male,ba,3rd year,graduate,sunny,2.41,8.66,48,1,none
16712,17,female,b.sc,3rd year,post graduate,cloudy,1.04,8.9,61,0,project work
16713,22,male,b.tech,1st year,no formal,sunny,3.73,6.69,11,0,travel
16715,17,male,b.tech,4th year,graduate,hot,0.76,9.68,24,1,none
16717,24,male,bca,1st year,no formal,cloudy,3.36,9.68,14,1,none
16718,17,male,ba,2nd year,phd,cold,3.03,9.07,38,1,none
16719,18,male,nursing,1st year,high school,cold,0.56,4.64,52,0,none
16720,23,female,pharmacy,2nd year,high school,hot,2.79,5.91,61,0,project work
16721,18,female,b.com,3rd year,phd,cloudy,2.46,9.04,24,1,none
16722,22,female,bca,1st year,high school,rainy,5.32,8.02,60,0,travel
16723,24,female,ba,2nd year,graduate,cold,4.55,5.42,76,1,none
16725,20,male,b.sc,4th year,phd,sunny,0.25,8.74,49,0,festival
16726,20,female,bba,1st year,phd,cold,3.68,8.42,29,1,none
16727,19,female,b.sc,3rd year,graduate,cold,4.58,7.73,37,0,project work
16728,20,female,diploma,3rd year,no formal,hot,5.24,9.34,38,1,none
16729,21,male,nursing,1st year,phd,hot,4.35,6.24,9,0,travel
16730,24,male,ba,1st year,post graduate,sunny,5.78,9.22,86,0,travel
16731,24,female,bca,3rd year,no formal,sunny,4.74,7.05,44,1,none
16732,23,female,pharmacy,4th year,no formal,hot,2.47,9.25,30,0,no reason
16734,19,female,ba,4th year,phd,hot,2.36,4.5,24,0,no reason
16735,23,female,nursing,4th year,high school,hot,4.55,9.0,14,1,none
16736,21,male,b.tech,3rd year,phd,cloudy,3.13,8.12,39,0,sick
16737,19,male,bca,1st year,no formal,cold,1.65,8.73,79,0,no reason
16738,19,female,b.com,3rd year,graduate,rainy,4.93,4.11,16,0,personal work
16739,17,female,b.sc,2nd year,phd,rainy,1.62,6.16,12,0,travel
16740,19,male,bba,2nd year,post graduate,rainy,1.6,4.18,60,0,travel
16742,20,male,diploma,1st year,high school,sunny,5.69,5.37,36,1,none
16743,21,male,diploma,4th year,graduate,rainy,3.72,4.35,40,1,none
16744,19,female,b.com,1st year,high school,sunny,0.41,6.0,36,0,project work
16746,24,female,b.sc,2nd year,no formal,cloudy,3.29,5.84,5,0,project work
16747,20,female,bca,2nd year,high school,cold,1.6,5.28,19,1,none
16749,22,male,bba,2nd year,phd,cloudy,5.52,7.18,60,1,none
16750,21,female,b.com,2nd year,graduate,sunny,2.77,5.83,40,1,none
16751,21,female,b.com,4th year,post graduate,cloudy,4.61,4.65,20,1,none
16752,18,female,bca,3rd year,graduate,cloudy,3.82,4.11,21,0,no reason
16755,23,female,b.com,2nd year,graduate,sunny,3.96,4.43,54,1,none
16758,20,female,b.tech,3rd year,high school,rainy,1.29,8.27,60,0,no reason
16760,22,female,nursing,1st year,high school,sunny,3.44,4.34,8,1,none
16761,20,male,bca,4th year,graduate,cloudy,5.16,7.84,81,0,sick
16762,18,male,b.sc,3rd year,no formal,cloudy,3.96,4.09,80,1,none
16763,21,male,nursing,3rd year,phd,hot,2.4,6.05,57,1,none
16764,19,male,b.sc,3rd year,phd,sunny,0.2,4.72,43,1,none
16765,17,male,bca,4th year,phd,sunny,3.18,7.78,39,1,none
16766,23,male,bca,4th year,post graduate,sunny,3.09,6.87,16,1,none
16767,19,female,diploma,2nd year,no formal,cloudy,2.59,6.43,30,0,project work
16768,21,female,diploma,2nd year,no formal,cloudy,3.92,4.33,12,1,none
16769,18,female,b.com,2nd year,no formal,sunny,0.68,7.53,88,0,sick
16770,19,female,diploma,4th year,graduate,hot,4.26,6.61,51,1,none
16771,20,male,bca,1st year,phd,cold,1.7,9.94,43,1,none
16772,18,female,ba,4th year,post graduate,rainy,3.64,5.03,43,0,sick
16774,19,male,bca,4th year,post graduate,cloudy,1.11,6.12,61,0,personal work
16775,21,male,bba,1st year,graduate,rainy,2.45,4.5,89,0,sick
16776,21,female,bba,4th year,post graduate,hot,3.84,5.71,58,0,personal work
16778,21,female,diploma,4th year,post graduate,rainy,5.05,4.42,73,0,sick
16780,17,male,b.com,4th year,post graduate,cloudy,4.21,6.05,25,1,none
16781,22,male,pharmacy,4th year,post graduate,cold,0.19,8.28,25,1,none
16782,17,female,bca,1st year,high school,rainy,1.0,7.13,80,0,travel
16783,20,male,ba,2nd year,phd,hot,5.93,4.21,52,0,personal work
16784,19,male,pharmacy,2nd year,graduate,rainy,2.93,4.6,62,0,sick
16785,20,male,diploma,1st year,post graduate,cloudy,0.19,7.95,38,1,none
16786,17,male,nursing,4th year,graduate,sunny,0.24,5.56,33,0,travel
16789,17,female,diploma,2nd year,high school,sunny,1.63,6.24,52,0,festival
16792,22,male,ba,1st year,no formal,hot,2.42,9.27,23,0,travel
16793,21,female,b.sc,3rd year,graduate,hot,0.12,6.33,11,1,none
16795,23,female,pharmacy,3rd year,graduate,rainy,5.44,7.4,32,1,none
16796,23,female,b.sc,1st year,post graduate,rainy,5.14,7.91,77,0,none
16798,24,female,bca,3rd year,phd,rainy,3.45,5.08,82,1,none
16799,23,female,bba,2nd year,phd,sunny,4.99,8.03,9,1,none
16802,21,female,pharmacy,2nd year,post graduate,sunny,1.64,7.15,79,1,none
16803,18,female,b.com,1st year,phd,rainy,5.89,9.76,76,0,personal work
16804,22,male,diploma,2nd year,no formal,cold,0.49,6.86,57,0,travel
16805,21,male,diploma,1st year,no formal,sunny,4.66,4.96,19,1,none
16807,23,male,ba,2nd year,high school,cloudy,4.52,4.91,65,1,none
16809,24,male,nursing,3rd year,high school,cloudy,1.67,6.2,69,0,sick
16810,24,female,diploma,4th year,post graduate,sunny,5.05,9.26,77,1,none
16813,18,female,nursing,2nd year,phd,cold,1.2,8.12,6,1,none
16815,22,female,pharmacy,2nd year,graduate,hot,3.16,6.43,38,1,none
16817,24,male,pharmacy,4th year,phd,cold,4.82,4.9,61,0,no reason
16818,22,male,b.com,1st year,post graduate,sunny,1.39,5.18,72,0,sick
16819,22,female,diploma,4th year,post graduate,sunny,1.83,6.58,71,0,none
16822,18,female,ba,4th year,no formal,sunny,4.43,5.49,70,0,no reason
16823,21,female,bba,2nd year,graduate,cold,1.95,6.02,10,1,none
16824,19,female,nursing,4th year,no formal,cold,5.17,5.73,31,1,none
16826,22,male,b.com,2nd year,high school,cloudy,0.8,8.37,33,0,festival
16827,19,male,bca,3rd year,post graduate,cold,4.25,5.04,53,1,none
16828,19,female,ba,1st year,no formal,rainy,4.43,5.64,48,0,project work
16829,17,male,bca,1st year,high school,cloudy,4.3,9.55,80,0,none
16830,19,male,ba,2nd year,high school,sunny,2.45,6.23,34,1,none
16831,23,female,b.tech,3rd year,phd,cold,3.52,8.82,70,1,none
16832,22,male,pharmacy,2nd year,phd,hot,3.41,9.21,54,1,none
16833,24,male,diploma,1st year,graduate,rainy,0.08,7.84,67,0,festival
16834,24,female,bca,3rd year,no formal,hot,3.4,9.84,46,1,none
16836,18,female,b.sc,2nd year,high school,cloudy,5.07,6.92,39,0,no reason
16838,17,male,b.tech,2nd year,high school,rainy,1.11,6.15,18,1,none
16839,17,male,bba,1st year,graduate,hot,0.91,5.63,68,0,project work
16840,18,male,pharmacy,3rd year,no formal,hot,5.75,6.15,10,1,none
16842,17,male,bba,4th year,post graduate,rainy,3.17,7.99,45,1,none
16843,23,male,b.com,1st year,phd,hot,3.21,6.95,42,1,none
16844,21,male,b.tech,1st year,phd,rainy,5.44,6.07,61,0,project work
16846,22,female,b.com,4th year,phd,hot,3.09,7.77,53,1,none
16847,24,female,bba,4th year,graduate,hot,1.71,8.87,29,1,none
16848,18,male,diploma,4th year,high school,sunny,4.36,9.94,67,0,personal work
16850,19,male,nursing,3rd year,no formal,hot,4.56,7.98,31,1,none
16851,21,male,b.sc,1st year,no formal,cold,0.48,5.34,43,0,personal work
16854,21,female,b.tech,3rd year,graduate,cloudy,3.1,4.43,84,0,sick
16856,21,female,pharmacy,4th year,graduate,hot,3.4,5.17,71,0,none
16857,24,female,diploma,4th year,graduate,hot,1.44,5.15,46,0,festival
16858,21,female,diploma,3rd year,graduate,rainy,1.62,9.01,41,0,project work
16859,21,female,b.sc,2nd year,no formal,rainy,1.86,4.86,87,0,project work
16861,17,female,b.com,1st year,graduate,cold,1.2,7.86,24,1,none
16862,18,male,b.sc,3rd year,post graduate,cloudy,3.2,9.88,32,1,none
16863,17,female,bca,4th year,phd,cloudy,2.74,6.02,22,1,none
16864,20,female,pharmacy,1st year,no formal,sunny,2.78,4.28,87,0,sick
16865,24,female,diploma,2nd year,high school,rainy,2.49,8.79,56,0,travel
16866,20,female,nursing,4th year,graduate,cloudy,1.29,7.3,78,0,festival
16867,22,female,pharmacy,2nd year,post graduate,hot,3.92,7.98,55,0,festival
16871,23,female,bba,3rd year,post graduate,hot,4.0,4.06,56,1,none
16872,19,male,bba,1st year,no formal,cloudy,0.05,9.77,11,0,personal work
16873,20,male,pharmacy,1st year,phd,hot,0.76,9.12,47,0,no reason
16876,20,male,diploma,2nd year,post graduate,cloudy,3.74,9.73,13,1,none
16877,24,male,pharmacy,3rd year,phd,rainy,1.12,6.43,58,0,festival
16879,18,male,bba,1st year,no formal,hot,4.45,7.97,12,0,none
16880,22,male,b.tech,2nd year,graduate,sunny,2.88,4.23,85,1,none
16882,22,male,b.sc,3rd year,phd,rainy,4.53,6.35,75,0,sick
16883,19,male,ba,3rd year,no formal,hot,4.15,4.27,62,1,none
16885,19,male,nursing,3rd year,high school,sunny,0.57,5.8,39,0,none
16887,20,female,pharmacy,1st year,high school,cloudy,2.75,8.18,57,1,none
16888,24,female,b.tech,1st year,no formal,rainy,1.71,6.48,28,0,none
16890,23,male,b.sc,4th year,post graduate,cloudy,3.52,7.19,50,1,none
16891,17,male,diploma,2nd year,high school,hot,4.08,5.78,16,1,none
16892,18,male,ba,3rd year,no formal,cloudy,5.58,5.83,35,0,sick
16893,20,female,b.tech,2nd year,phd,cloudy,4.26,4.37,69,1,none
16895,22,male,b.com,4th year,high school,hot,4.64,4.82,64,1,none
16896,19,female,diploma,2nd year,post graduate,hot,3.99,6.27,67,1,none
16897,17,female,bba,2nd year,high school,cloudy,1.87,7.87,75,0,project work
16898,19,male,b.sc,3rd year,post graduate,hot,4.51,8.69,24,1,none
16899,23,female,bca,4th year,graduate,cold,2.59,7.96,51,1,none
16900,24,male,nursing,3rd year,no formal,rainy,5.68,6.55,18,1,none
16901,24,male,ba,2nd year,post graduate,rainy,5.21,6.07,22,0,sick
16902,21,female,nursing,4th year,no formal,cold,0.48,7.04,25,0,project work
16904,24,female,b.com,2nd year,no formal,sunny,2.49,6.27,83,1,none
16905,18,female,b.sc,1st year,phd,hot,1.89,6.51,30,0,none
16914,19,female,bba,2nd year,high school,cloudy,1.45,8.69,20,0,none
16915,24,male,b.com,3rd year,high school,cloudy,1.34,9.59,30,1,none
16916,21,female,bca,4th year,phd,sunny,2.75,5.14,43,1,none
16919,21,female,b.com,1st year,high school,cloudy,4.23,5.15,53,1,none
16920,17,male,diploma,4th year,graduate,cloudy,3.36,9.94,55,1,none
16921,24,male,bba,3rd year,graduate,hot,2.21,5.88,12,1,none
16922,20,female,diploma,3rd year,graduate,hot,1.37,8.07,54,1,none
16923,22,female,b.sc,4th year,graduate,rainy,2.89,6.94,25,1,none
16924,21,female,pharmacy,1st year,high school,hot,5.66,4.46,10,1,none
16925,22,male,b.tech,4th year,no formal,cloudy,3.51,6.05,46,1,none
16926,19,male,b.com,1st year,post graduate,hot,2.75,7.06,67,0,sick
16927,23,female,bca,4th year,high school,cloudy,4.53,7.92,78,0,none
16928,18,female,bba,3rd year,no formal,rainy,5.72,9.19,55,0,none
16930,21,male,pharmacy,1st year,phd,cold,4.93,8.38,6,0,sick
16931,21,female,ba,1st year,post graduate,cold,0.72,6.01,22,0,personal work
16933,20,male,ba,1st year,phd,rainy,5.46,9.38,49,0,personal work
16934,17,male,ba,3rd year,post graduate,rainy,5.11,6.81,28,1,none
16935,21,male,diploma,4th year,phd,cold,5.26,6.74,49,0,festival
16936,22,female,ba,4th year,phd,sunny,0.07,4.08,63,0,travel
16938,23,female,nursing,4th year,no formal,hot,0.12,5.06,15,1,none
16939,19,female,b.tech,3rd year,graduate,cold,5.06,6.11,66,1,none
16941,20,female,b.com,2nd year,post graduate,hot,0.2,8.89,81,1,none
16942,18,female,bba,4th year,high school,cloudy,0.85,9.26,70,0,project work
16944,23,male,ba,2nd year,phd,rainy,2.34,8.1,11,1,none
16946,23,male,pharmacy,4th year,no formal,cloudy,1.32,8.11,38,0,no reason
16947,17,female,b.sc,2nd year,post graduate,hot,2.51,5.44,88,1,none
16948,18,male,bca,2nd year,phd,hot,2.33,7.96,39,0,travel
16949,19,female,b.com,2nd year,graduate,cold,0.43,8.77,7,0,personal work
16950,20,female,diploma,2nd year,post graduate,hot,1.85,9.42,63,1,none
16951,18,male,bba,1st year,phd,sunny,4.57,9.45,52,1,none
16954,20,male,b.tech,4th year,graduate,sunny,0.99,5.9,15,1,none
16955,20,female,b.tech,1st year,no formal,rainy,2.73,6.18,69,1,none
16958,23,male,b.com,3rd year,post graduate,sunny,0.05,6.29,87,0,none
16959,23,male,diploma,4th year,high school,cloudy,5.85,8.94,7,1,none
16960,17,female,b.com,4th year,high school,hot,0.36,8.63,19,1,none
16961,17,female,b.com,4th year,high school,sunny,0.74,8.55,79,0,project work
16962,23,male,bca,2nd year,high school,cloudy,2.87,5.11,42,1,none
16963,18,female,diploma,4th year,post graduate,cloudy,2.46,5.02,65,0,no reason
16964,21,female,bca,2nd year,no formal,rainy,0.18,7.09,64,0,none
16965,23,female,bca,1st year,post graduate,cold,4.49,7.49,68,1,none
16966,23,female,diploma,3rd year,no formal,cloudy,5.93,6.47,85,1,none
16970,22,male,b.sc,4th year,high school,sunny,3.23,4.47,81,0,festival
16971,23,female,b.com,1st year,graduate,cloudy,5.43,5.81,29,1,none
16972,21,male,b.sc,2nd year,graduate,sunny,3.43,5.2,88,0,sick
16974,23,female,b.tech,4th year,post graduate,cloudy,3.9,6.88,25,0,project work
16975,17,male,diploma,1st year,no formal,hot,3.79,4.43,27,0,sick
16977,23,female,bca,4th year,phd,cloudy,4.96,7.27,86,0,festival
16978,17,male,diploma,4th year,high school,cloudy,0.8,5.15,58,0,festival
16979,22,male,nursing,3rd year,high school,sunny,2.16,4.56,28,1,none
16981,18,male,bba,1st year,high school,cold,3.12,9.62,70,0,personal work
16982,21,female,ba,1st year,high school,sunny,3.0,5.05,31,0,personal work
16984,24,male,nursing,4th year,post graduate,hot,3.84,7.93,59,1,none
16985,20,male,b.tech,4th year,no formal,rainy,1.23,8.75,12,0,sick
16986,17,male,b.com,3rd year,no formal,rainy,0.42,6.68,63,0,personal work
16988,24,female,ba,1st year,graduate,rainy,1.13,7.35,40,0,project work
16989,21,male,b.tech,1st year,phd,sunny,4.99,6.63,59,0,personal work
16990,22,male,b.sc,1st year,post graduate,hot,4.92,4.86,80,1,none
16992,17,male,b.com,2nd year,phd,hot,0.56,7.94,10,0,project work
16993,18,male,diploma,3rd year,graduate,hot,0.68,7.72,60,0,personal work
16994,18,female,b.sc,4th year,post graduate,sunny,1.46,8.23,70,1,none
16995,24,female,diploma,3rd year,no formal,rainy,2.69,7.03,71,0,travel
16996,17,female,b.com,4th year,no formal,cold,4.13,8.24,36,1,none
16998,19,male,b.tech,4th year,high school,cold,0.44,9.05,6,1,none
16999,17,female,bca,4th year,high school,sunny,0.05,4.72,61,0,none
17000,24,male,diploma,2nd year,post graduate,rainy,5.48,5.0,71,0,sick
17001,17,female,b.sc,2nd year,high school,cloudy,3.22,6.83,43,0,sick
17002,23,male,b.com,4th year,post graduate,hot,4.32,5.52,39,1,none
17006,24,male,bca,3rd year,phd,rainy,3.49,5.86,17,0,personal work
17007,21,male,diploma,4th year,high school,rainy,5.3,6.86,23,1,none
17009,22,female,b.tech,1st year,graduate,rainy,5.06,5.14,18,0,project work
17010,19,male,bca,3rd year,no formal,cold,1.36,6.86,12,1,none
17011,19,female,bca,4th year,high school,rainy,4.55,4.06,63,0,none
17014,21,male,pharmacy,2nd year,no formal,rainy,0.05,7.93,55,1,none
17015,18,male,bba,2nd year,post graduate,cloudy,0.41,7.5,63,1,none
17017,24,female,pharmacy,1st year,no formal,sunny,3.72,6.95,5,0,none
17020,19,female,b.com,3rd year,high school,cloudy,0.41,7.33,24,1,none
17021,19,female,bca,4th year,post graduate,rainy,4.21,9.79,25,1,none
17022,19,female,b.com,2nd year,post graduate,rainy,4.56,7.6,48,0,personal work
17023,21,female,b.sc,4th year,post graduate,hot,1.99,4.11,11,1,none
17024,23,male,b.com,2nd year,post graduate,rainy,4.96,8.64,56,1,none
17026,19,female,b.tech,3rd year,graduate,sunny,1.01,5.04,65,1,none
17027,24,male,bba,1st year,post graduate,sunny,3.51,9.19,25,1,none
17028,21,female,diploma,2nd year,high school,sunny,0.6,8.27,63,0,travel
17029,20,female,bba,2nd year,post graduate,hot,4.99,8.26,12,1,none
17032,21,female,bba,2nd year,no formal,cloudy,4.89,8.48,18,0,travel
17034,18,male,bca,3rd year,high school,sunny,5.77,4.61,34,0,sick
17036,24,female,bca,4th year,high school,rainy,3.34,7.12,64,0,personal work
17037,21,female,pharmacy,4th year,post graduate,cold,4.77,9.34,25,1,none
17038,17,female,ba,2nd year,high school,cloudy,2.46,5.73,34,0,travel
17039,17,male,b.sc,3rd year,phd,cloudy,3.35,6.9,76,1,none
17041,21,female,pharmacy,3rd year,high school,sunny,5.34,7.95,44,1,none
17043,19,male,b.com,4th year,phd,cold,4.46,6.02,5,1,none
17044,22,male,bba,4th year,phd,hot,1.14,4.55,23,1,none
17047,20,male,ba,2nd year,high school,rainy,4.59,9.5,6,1,none
17048,19,male,ba,4th year,high school,cold,2.69,9.94,60,0,festival
17049,18,female,b.com,4th year,no formal,cloudy,1.13,4.06,82,1,none
17050,17,male,b.tech,3rd year,post graduate,cloudy,1.75,6.52,12,0,project work
17051,23,female,diploma,4th year,post graduate,cold,0.05,6.14,5,0,sick
17052,17,male,b.com,1st year,post graduate,cloudy,3.34,4.59,12,1,none
17053,23,male,b.tech,1st year,graduate,hot,5.48,9.35,69,0,festival
17054,18,male,pharmacy,3rd year,phd,cold,0.46,9.5,41,0,sick
17055,22,male,bba,2nd year,post graduate,sunny,5.8,7.15,39,1,none
17056,24,male,b.tech,3rd year,no formal,rainy,5.7,9.65,53,1,none
17057,22,female,b.com,2nd year,graduate,cold,1.85,7.58,24,0,project work
17058,22,male,bba,4th year,no formal,cold,0.05,7.85,73,1,none
17059,19,male,b.sc,1st year,graduate,cold,5.92,5.23,60,1,none
17060,21,male,pharmacy,4th year,high school,rainy,1.14,9.87,71,0,festival
17062,20,male,nursing,2nd year,phd,cold,5.46,9.48,20,1,none
17064,24,male,pharmacy,3rd year,post graduate,cold,5.4,8.39,32,1,none
17065,18,male,b.com,3rd year,post graduate,cloudy,5.93,5.0,31,1,none
17066,24,female,bba,4th year,graduate,hot,3.39,8.34,55,1,none
17068,17,male,bba,2nd year,post graduate,sunny,2.46,7.11,16,1,none
17069,22,male,nursing,4th year,high school,hot,5.93,5.75,11,1,none
17071,18,male,ba,3rd year,graduate,cold,5.16,8.72,63,1,none
17072,23,male,nursing,1st year,phd,hot,4.27,6.9,12,1,none
17073,17,male,b.sc,2nd year,no formal,cold,2.19,5.55,36,0,festival
17077,17,female,ba,3rd year,post graduate,rainy,1.87,8.33,87,0,project work
17078,18,male,ba,2nd year,high school,sunny,2.01,5.62,9,0,none
17079,19,male,b.sc,4th year,no formal,rainy,5.04,4.19,58,0,personal work
17082,21,male,b.sc,1st year,graduate,cloudy,0.58,7.75,17,0,none
17087,24,female,pharmacy,3rd year,graduate,rainy,5.73,8.01,78,0,travel
17088,23,male,pharmacy,1st year,phd,hot,1.53,7.25,65,1,none
17090,21,male,b.tech,4th year,graduate,hot,2.69,4.06,17,1,none
17091,21,female,diploma,3rd year,high school,cold,4.11,5.86,12,1,none
17093,22,male,nursing,3rd year,no formal,rainy,1.82,5.92,25,1,none
17096,24,female,pharmacy,3rd year,high school,cloudy,1.17,4.88,71,0,festival
17097,22,male,diploma,3rd year,post graduate,cold,0.64,7.91,28,1,none
17098,22,male,bca,2nd year,no formal,sunny,2.27,5.85,86,0,sick
17100,19,male,bba,2nd year,no formal,cold,1.04,4.06,74,1,none
17102,19,male,pharmacy,2nd year,high school,hot,4.17,6.06,32,0,travel
17103,22,female,b.sc,2nd year,no formal,rainy,0.51,8.33,21,1,none
17104,19,female,bba,3rd year,no formal,sunny,1.27,9.72,81,1,none
17105,23,male,diploma,2nd year,high school,cold,5.63,5.81,88,0,travel
17108,18,male,ba,1st year,phd,hot,1.35,7.55,11,1,none
17112,19,female,pharmacy,3rd year,phd,rainy,0.8,7.36,85,1,none
17113,22,female,diploma,4th year,graduate,cold,0.08,6.77,11,0,personal work
17114,23,female,ba,4th year,graduate,cloudy,3.08,4.98,48,1,none
17115,22,male,bba,4th year,no formal,cold,1.35,8.97,39,0,sick
17116,20,male,ba,1st year,no formal,cloudy,5.7,7.12,79,0,travel
17117,19,male,pharmacy,1st year,phd,sunny,1.32,5.22,79,0,none
17118,24,male,bba,3rd year,phd,sunny,1.01,6.38,37,1,none
17120,24,female,b.tech,1st year,phd,hot,3.99,8.41,18,1,none
17121,19,female,bba,4th year,no formal,cold,2.52,7.46,27,1,none
17125,23,male,bca,1st year,post graduate,sunny,2.4,7.46,20,1,none
17126,18,male,nursing,1st year,high school,hot,2.94,7.84,26,1,none
17127,18,male,b.tech,3rd year,graduate,cloudy,1.51,7.89,80,0,project work
17128,21,male,b.com,3rd year,high school,cold,1.11,7.42,58,1,none
17129,20,female,ba,2nd year,post graduate,cold,0.45,5.79,79,1,none
17131,19,female,ba,3rd year,graduate,rainy,3.78,9.22,38,1,none
17133,24,female,pharmacy,1st year,phd,cold,4.71,8.45,33,1,none
17135,20,male,nursing,2nd year,post graduate,rainy,1.17,5.77,71,0,no reason
17136,23,male,nursing,2nd year,no formal,rainy,4.07,4.07,86,1,none
17138,18,female,ba,3rd year,post graduate,cold,1.31,6.45,73,0,sick
17139,23,female,nursing,3rd year,no formal,hot,0.76,8.26,79,0,none
17142,22,male,ba,3rd year,high school,hot,0.7,6.53,41,0,personal work
17143,24,female,b.tech,3rd year,post graduate,cold,2.36,4.74,62,0,none
17144,24,female,bca,1st year,post graduate,cold,5.04,6.31,66,0,sick
17145,23,female,ba,4th year,high school,cold,2.15,6.11,31,0,none
17148,20,male,b.tech,1st year,phd,cloudy,5.41,8.75,43,1,none
17149,24,female,ba,4th year,phd,rainy,4.32,8.08,23,0,sick
17150,18,female,ba,3rd year,graduate,cloudy,3.11,5.94,35,1,none
17151,21,female,diploma,4th year,phd,rainy,5.91,4.06,73,0,none
17152,22,male,ba,4th year,graduate,sunny,1.93,6.72,88,0,personal work
17153,17,female,bca,1st year,phd,sunny,3.41,9.21,43,0,festival
17155,19,male,bca,1st year,graduate,cold,3.71,5.21,29,1,none
17156,19,female,b.tech,3rd year,no formal,sunny,0.31,6.47,39,0,no reason
17158,17,female,nursing,4th year,no formal,rainy,0.06,7.52,81,0,travel
17159,18,female,bba,3rd year,no formal,rainy,2.7,7.07,10,0,none
17160,20,male,pharmacy,3rd year,phd,cloudy,0.38,5.08,83,0,no reason
17161,21,male,pharmacy,4th year,post graduate,rainy,1.25,8.83,34,1,none
17162,17,female,b.com,1st year,graduate,sunny,4.1,7.99,43,0,project work
17164,19,male,b.sc,1st year,graduate,cold,2.13,6.69,41,0,project work
17165,21,male,b.sc,1st year,graduate,hot,5.73,9.79,81,0,project work
17168,21,male,ba,2nd year,graduate,hot,5.17,8.22,88,0,sick
17169,23,female,diploma,4th year,phd,cold,3.82,8.92,42,0,festival
17170,21,female,b.sc,3rd year,phd,hot,4.21,9.17,67,0,personal work
17171,19,male,bba,2nd year,no formal,cold,5.54,9.4,45,1,none
17172,20,male,nursing,4th year,post graduate,cloudy,5.45,7.25,7,1,none
17173,18,male,diploma,2nd year,no formal,cloudy,5.46,5.84,5,0,travel
17174,18,female,b.sc,1st year,post graduate,sunny,5.12,8.44,50,0,sick
17175,20,male,b.com,4th year,phd,rainy,5.44,9.17,17,1,none
17176,21,female,pharmacy,1st year,post graduate,rainy,3.28,8.42,19,0,sick
17177,20,male,bca,2nd year,graduate,cold,4.18,6.89,7,1,none
17178,24,male,nursing,1st year,phd,cold,2.38,9.58,44,0,none
17179,22,male,nursing,4th year,post graduate,cloudy,2.16,9.94,86,1,none
17180,17,female,ba,3rd year,post graduate,cold,0.27,4.44,12,0,personal work
17181,21,male,bba,4th year,phd,sunny,4.47,7.52,48,1,none
17182,21,male,ba,4th year,graduate,sunny,4.52,9.16,78,1,none
17183,17,male,bca,2nd year,phd,cloudy,4.08,7.72,80,1,none
17185,23,female,diploma,2nd year,graduate,hot,4.57,5.62,48,0,personal work
17187,20,male,diploma,4th year,post graduate,cloudy,5.29,4.63,43,0,sick
17188,18,female,b.tech,1st year,phd,cold,1.59,9.88,9,1,none
17189,17,male,ba,2nd year,post graduate,hot,1.59,9.23,32,1,none
17190,19,male,bca,2nd year,post graduate,sunny,5.72,4.08,86,1,none
17191,23,male,bca,1st year,phd,cloudy,1.09,9.16,52,0,travel
17192,24,male,nursing,4th year,no formal,sunny,4.05,7.48,74,1,none
17193,22,male,ba,3rd year,no formal,sunny,3.05,6.06,65,1,none
17194,23,male,nursing,4th year,high school,rainy,1.72,4.28,88,0,project work
17195,22,male,ba,3rd year,post graduate,cloudy,4.3,9.65,24,0,project work
17197,20,male,bba,1st year,phd,sunny,5.34,7.31,87,1,none
17198,17,female,b.sc,3rd year,no formal,rainy,5.58,5.24,25,0,travel
17199,20,female,ba,3rd year,high school,rainy,5.19,9.12,16,1,none
17200,23,female,b.com,1st year,no formal,rainy,1.19,5.34,28,0,sick
17202,23,female,bca,2nd year,high school,cold,1.99,4.89,54,0,none
17203,17,male,diploma,1st year,high school,rainy,3.18,9.2,81,0,personal work
17204,18,male,b.sc,1st year,post graduate,cold,5.19,9.15,6,1,none
17205,19,male,bca,1st year,no formal,rainy,3.15,6.9,86,0,festival
17207,24,female,b.sc,3rd year,no formal,hot,1.64,6.06,79,1,none
17208,20,male,bca,4th year,high school,rainy,2.99,8.74,51,1,none
17209,22,female,b.com,4th year,graduate,rainy,3.95,8.44,68,1,none
17210,22,female,nursing,2nd year,no formal,rainy,3.78,8.18,62,0,none
17211,20,male,bca,3rd year,no formal,cold,0.05,8.18,65,0,personal work
17214,17,female,b.sc,1st year,no formal,rainy,5.93,6.71,45,1,none
17216,22,male,b.com,3rd year,high school,cold,4.94,5.71,64,0,project work
17218,23,female,diploma,2nd year,graduate,hot,2.58,5.33,51,0,sick
17221,18,female,b.tech,4th year,post graduate,sunny,3.06,4.53,17,1,none
17222,18,male,b.com,3rd year,graduate,sunny,1.31,9.39,65,1,none
17224,22,female,b.tech,4th year,post graduate,sunny,4.21,6.52,54,1,none
17225,22,female,ba,4th year,post graduate,cold,5.61,5.66,54,1,none
17228,21,male,pharmacy,2nd year,high school,hot,5.18,7.55,73,1,none
17229,17,female,pharmacy,4th year,post graduate,cloudy,0.08,4.06,89,0,festival
17231,22,male,nursing,4th year,post graduate,cloudy,3.92,7.8,53,1,none
17232,23,female,pharmacy,4th year,phd,sunny,5.79,6.68,79,1,none
17233,21,male,b.sc,4th year,post graduate,sunny,3.33,7.27,13,0,festival
17234,20,male,ba,3rd year,high school,cloudy,3.25,6.11,81,0,project work
17235,22,female,b.tech,2nd year,graduate,cold,3.94,4.28,87,1,none
17237,18,female,nursing,1st year,graduate,cold,2.32,7.04,23,1,none
17238,23,male,b.tech,3rd year,post graduate,cloudy,2.49,5.27,30,1,none
17240,17,male,b.sc,1st year,high school,sunny,2.49,9.73,76,1,none
17241,24,male,pharmacy,2nd year,phd,cold,1.0,5.52,86,0,travel
17242,18,female,nursing,3rd year,phd,cloudy,3.93,7.67,70,1,none
17244,18,male,b.tech,4th year,post graduate,cold,0.88,7.46,67,0,sick
17245,18,male,ba,1st year,post graduate,sunny,1.66,9.7,5,0,travel
17247,22,female,b.tech,3rd year,post graduate,sunny,2.35,4.6,43,1,none
17249,19,female,bba,1st year,graduate,sunny,5.42,6.59,51,0,project work
17250,23,male,pharmacy,4th year,graduate,cold,4.54,7.71,79,1,none
17251,17,male,b.sc,3rd year,no formal,sunny,4.92,6.41,24,0,personal work
17252,23,female,b.sc,3rd year,high school,hot,5.93,6.88,20,1,none
17253,19,female,ba,1st year,high school,cold,4.05,5.49,32,0,festival
17255,24,male,pharmacy,4th year,high school,hot,1.47,9.7,88,1,none
17256,19,male,nursing,4th year,high school,rainy,2.34,9.3,83,0,travel
17257,20,male,b.com,1st year,post graduate,sunny,1.73,8.29,30,1,none
17258,23,female,ba,1st year,graduate,rainy,1.47,4.43,89,0,none
17261,21,male,b.sc,1st year,high school,cloudy,1.66,6.96,57,1,none
17262,19,female,b.com,1st year,graduate,hot,2.2,7.77,26,0,project work
17264,20,male,nursing,4th year,phd,hot,0.59,4.14,38,0,no reason
17266,24,male,bba,3rd year,phd,cold,5.69,4.79,71,1,none
17267,22,male,diploma,1st year,post graduate,cloudy,1.36,6.25,39,1,none
17268,20,male,ba,1st year,no formal,sunny,4.26,9.42,27,0,none
17274,22,female,nursing,1st year,phd,sunny,1.11,4.26,53,0,travel
17276,17,male,pharmacy,1st year,graduate,rainy,0.2,9.04,7,0,no reason
17277,21,female,b.sc,4th year,no formal,cold,5.58,7.44,73,0,festival
17280,18,female,b.tech,4th year,post graduate,cloudy,5.91,6.07,88,0,personal work
17281,19,male,diploma,2nd year,graduate,sunny,1.32,6.09,71,0,no reason
17283,24,male,b.sc,1st year,post graduate,sunny,4.32,9.01,54,1,none
17287,19,male,pharmacy,4th year,no formal,rainy,3.19,6.29,75,0,festival
17288,18,male,b.tech,3rd year,phd,cloudy,1.64,8.24,55,0,none
17289,19,female,b.sc,1st year,graduate,cold,5.36,4.8,5,1,none
17290,24,female,ba,4th year,phd,rainy,5.34,9.73,37,1,none
17291,20,female,b.com,2nd year,graduate,hot,0.94,8.27,81,0,no reason
17292,22,male,b.tech,3rd year,no formal,sunny,0.33,7.19,58,0,none
17293,22,female,bba,4th year,post graduate,hot,5.7,4.78,76,0,festival
17296,20,female,b.tech,1st year,phd,rainy,5.29,6.68,42,0,festival
17297,20,male,ba,1st year,high school,cloudy,3.9,7.4,32,1,none
17298,17,male,bba,3rd year,post graduate,rainy,0.05,5.79,69,0,project work
17299,22,male,b.sc,4th year,graduate,sunny,0.13,6.38,12,0,sick
17300,19,male,nursing,1st year,graduate,rainy,2.33,7.01,12,1,none
17302,21,female,pharmacy,2nd year,post graduate,cold,0.5,4.94,50,1,none
17304,23,male,diploma,4th year,phd,cold,3.67,5.76,69,0,sick
17306,20,male,ba,3rd year,high school,rainy,4.1,8.98,44,0,no reason
17307,17,male,b.tech,4th year,graduate,cloudy,5.93,7.45,46,0,personal work
17310,19,female,diploma,4th year,graduate,cold,3.43,6.65,37,1,none
17311,18,female,b.tech,2nd year,no formal,hot,1.89,5.53,18,0,project work
17314,22,male,b.tech,3rd year,post graduate,cloudy,5.65,5.55,43,1,none
17315,20,male,bba,1st year,post graduate,sunny,4.44,7.24,26,0,personal work
17316,17,male,b.com,1st year,post graduate,rainy,1.37,9.21,41,1,none
17317,21,female,pharmacy,4th year,no formal,hot,1.54,4.3,36,0,none
17318,23,male,bba,1st year,graduate,cloudy,0.05,5.91,21,1,none
17319,20,female,diploma,3rd year,post graduate,hot,5.51,8.88,28,0,festival
17320,19,male,bba,2nd year,no formal,rainy,2.38,5.57,58,1,none
17321,19,female,pharmacy,1st year,graduate,cold,1.58,9.66,36,1,none
17323,19,male,diploma,3rd year,phd,cloudy,2.36,5.93,40,1,none
17324,24,male,ba,4th year,high school,cloudy,2.84,6.51,10,0,personal work
17325,24,female,bca,1st year,high school,hot,1.08,7.24,72,0,personal work
17326,19,male,diploma,3rd year,phd,cold,5.06,5.94,60,1,none
17327,24,female,b.sc,3rd year,post graduate,sunny,1.27,4.42,39,0,project work
17329,17,female,diploma,3rd year,graduate,sunny,5.24,7.4,18,1,none
17330,20,male,ba,1st year,no formal,cold,4.28,9.43,29,1,none
17331,22,female,bca,2nd year,high school,cold,4.68,9.01,86,1,none
17333,20,male,bba,4th year,phd,cloudy,2.47,9.87,65,0,travel
17336,19,male,nursing,1st year,graduate,cloudy,2.28,6.96,5,1,none
17337,21,female,b.com,3rd year,graduate,rainy,3.92,9.59,81,0,personal work
17338,18,male,b.tech,4th year,phd,sunny,1.53,9.65,84,1,none
17339,24,female,ba,3rd year,phd,hot,3.37,6.95,20,1,none
17342,17,male,nursing,3rd year,phd,rainy,3.42,8.99,16,0,project work
17343,19,female,ba,4th year,phd,rainy,4.5,9.87,79,1,none
17344,21,male,b.sc,4th year,no formal,cold,3.09,7.01,34,1,none
17345,24,male,bba,4th year,no formal,cloudy,2.74,8.55,63,1,none
17347,18,female,nursing,4th year,phd,cloudy,1.4,8.01,8,1,none
17348,19,female,bca,4th year,phd,cloudy,0.41,7.99,7,0,no reason
17351,22,male,pharmacy,2nd year,graduate,rainy,1.54,6.88,6,1,none
17352,17,male,nursing,3rd year,high school,cold,1.5,5.5,50,1,none
17353,23,female,pharmacy,1st year,phd,rainy,2.08,8.96,5,1,none
17355,22,male,b.tech,3rd year,high school,cloudy,0.79,6.23,87,1,none
17356,23,female,b.tech,1st year,graduate,rainy,4.09,6.64,10,1,none
17359,22,female,b.com,3rd year,phd,cloudy,2.38,7.11,48,0,travel
17365,23,male,b.tech,3rd year,high school,hot,0.33,4.62,25,0,festival
17366,19,male,diploma,3rd year,graduate,hot,1.33,5.42,83,0,none
17367,23,female,b.sc,1st year,post graduate,cold,5.06,4.06,84,1,none
17371,18,male,b.tech,2nd year,high school,rainy,0.54,6.39,71,1,none
17373,23,male,ba,1st year,phd,hot,3.11,5.18,69,1,none
17374,23,male,b.tech,3rd year,post graduate,hot,3.87,4.21,24,1,none
17377,17,female,b.tech,1st year,post graduate,rainy,3.92,8.77,31,1,none
17378,17,male,b.sc,3rd year,graduate,cold,4.78,8.7,27,0,project work
17379,23,male,diploma,2nd year,high school,cloudy,4.1,8.23,30,0,personal work
17381,21,male,diploma,2nd year,phd,hot,5.33,4.79,10,1,none
17382,21,female,ba,1st year,high school,hot,4.65,9.88,53,1,none
17383,19,male,b.com,1st year,high school,cold,0.99,5.26,21,0,none
17384,18,male,diploma,4th year,graduate,rainy,0.16,5.99,44,1,none
17387,17,female,b.tech,2nd year,high school,hot,3.79,9.01,67,1,none
17388,17,female,ba,2nd year,post graduate,cold,0.42,9.36,61,1,none
17389,23,female,pharmacy,4th year,phd,rainy,3.6,6.64,65,0,personal work
17390,21,female,nursing,4th year,high school,cold,3.74,5.19,48,0,personal work
17393,18,male,ba,2nd year,high school,sunny,4.24,7.91,35,1,none
17394,20,male,diploma,1st year,post graduate,sunny,2.13,8.19,5,0,project work
17396,21,female,bca,4th year,post graduate,cold,3.67,7.22,44,0,personal work
17397,18,female,b.tech,1st year,no formal,cloudy,1.16,6.07,40,1,none
17399,17,female,b.sc,2nd year,high school,hot,1.15,4.44,56,1,none
17400,20,female,b.com,3rd year,graduate,hot,4.46,5.26,34,1,none
17401,19,female,b.sc,2nd year,graduate,sunny,0.06,6.4,69,1,none
17402,18,male,b.tech,3rd year,phd,sunny,2.84,9.27,69,0,sick
17406,22,female,ba,1st year,post graduate,rainy,1.31,4.85,6,1,none
17407,19,male,bca,4th year,graduate,hot,3.35,6.0,9,0,sick
17408,19,female,bba,2nd year,no formal,sunny,1.29,8.39,68,1,none
17409,20,male,b.com,4th year,no formal,sunny,5.25,4.17,71,1,none
17411,20,female,diploma,1st year,post graduate,cold,4.34,8.01,40,1,none
17412,21,male,bba,2nd year,phd,hot,0.19,8.52,14,1,none
17413,18,female,nursing,1st year,high school,cold,5.93,4.98,18,0,festival
17415,17,male,ba,2nd year,no formal,cold,5.53,9.94,71,0,sick
17416,21,female,diploma,4th year,no formal,sunny,4.12,9.84,70,1,none
17420,21,female,b.com,1st year,post graduate,cold,3.41,4.15,6,0,no reason
17421,22,female,b.com,2nd year,no formal,cloudy,1.32,7.66,25,1,none
17422,20,female,b.tech,3rd year,no formal,sunny,0.28,9.53,34,1,none
17423,18,female,b.sc,4th year,high school,cold,5.82,8.83,46,1,none
17424,20,male,b.tech,4th year,no formal,hot,3.85,4.24,68,1,none
17425,23,male,bca,3rd year,high school,cloudy,3.2,4.71,21,0,personal work
17427,22,female,bba,4th year,graduate,rainy,5.18,8.63,69,0,sick
17428,20,female,b.sc,4th year,no formal,cloudy,3.95,8.17,9,1,none
17429,17,female,nursing,4th year,graduate,cloudy,5.75,4.61,55,1,none
17430,22,female,diploma,2nd year,high school,sunny,1.8,6.52,5,1,none
17432,19,female,diploma,1st year,graduate,cloudy,0.07,4.81,20,0,project work
17433,18,female,b.com,1st year,phd,hot,4.15,8.68,25,0,personal work
17434,21,female,bca,4th year,post graduate,sunny,0.35,9.62,82,0,none
17435,17,male,bca,2nd year,post graduate,rainy,5.74,4.22,50,1,none
17436,17,male,ba,2nd year,phd,hot,2.25,5.26,45,1,none
17437,21,male,diploma,2nd year,no formal,cloudy,5.5,7.76,9,1,none
17438,24,male,pharmacy,4th year,phd,cold,2.97,5.41,13,0,travel
17439,17,male,ba,4th year,graduate,sunny,4.75,6.14,24,1,none
17440,20,male,b.com,3rd year,post graduate,cold,2.9,7.17,57,1,none
17442,19,female,bca,3rd year,high school,rainy,3.95,9.26,78,1,none
17444,23,female,pharmacy,3rd year,high school,hot,1.35,5.73,82,0,travel
17448,22,male,b.tech,1st year,no formal,cloudy,1.89,7.25,55,1,none
17449,21,male,b.sc,3rd year,no formal,cloudy,0.72,9.62,24,0,no reason
17450,20,male,b.sc,4th year,no formal,cloudy,2.14,8.48,20,1,none
17452,23,female,ba,3rd year,high school,hot,2.85,7.7,39,0,none
17455,19,male,b.com,1st year,phd,rainy,0.09,4.98,42,0,no reason
17456,17,female,nursing,3rd year,graduate,cold,1.18,8.95,40,0,no reason
17457,18,female,diploma,2nd year,phd,cold,5.85,7.47,27,0,project work
17458,24,male,nursing,3rd year,no formal,rainy,5.93,8.19,59,1,none
17459,19,female,bca,1st year,phd,hot,4.7,6.37,86,0,no reason
17460,17,male,diploma,2nd year,high school,hot,2.46,8.58,58,1,none
17462,17,male,diploma,4th year,graduate,hot,4.74,7.33,88,0,sick
17463,21,male,bba,1st year,graduate,rainy,5.79,5.18,76,1,none
17464,21,male,b.tech,2nd year,high school,rainy,3.06,5.77,50,0,sick
17470,17,female,bba,4th year,no formal,sunny,3.38,6.92,72,0,personal work
17471,19,male,b.com,4th year,no formal,sunny,0.74,9.77,40,0,project work
17472,23,female,diploma,4th year,high school,cold,4.3,9.14,11,0,project work
17473,21,male,bba,1st year,high school,rainy,1.25,4.73,39,1,none
17474,23,male,nursing,2nd year,high school,sunny,2.12,4.24,79,0,project work
17476,17,male,diploma,1st year,graduate,cloudy,3.58,7.45,40,0,no reason
17477,23,male,nursing,1st year,no formal,rainy,0.12,5.61,39,0,no reason
17478,23,female,b.tech,3rd year,graduate,hot,4.98,6.79,6,1,none
17479,22,male,b.sc,4th year,high school,cold,3.01,6.43,34,1,none
17482,22,female,b.com,4th year,graduate,rainy,4.2,6.99,51,0,travel
17483,22,male,b.tech,2nd year,high school,cold,4.01,6.54,78,1,none
17485,18,female,b.tech,4th year,phd,cloudy,3.9,4.76,68,1,none
17486,22,male,bba,2nd year,no formal,sunny,3.33,4.55,51,0,travel
17489,21,female,diploma,4th year,high school,rainy,4.86,6.71,83,0,personal work
17490,22,female,bba,1st year,post graduate,cold,4.94,8.5,82,0,personal work
17492,22,male,b.tech,2nd year,phd,rainy,1.73,4.62,52,1,none
17493,22,female,pharmacy,2nd year,no formal,rainy,5.4,4.78,12,1,none
17494,23,female,b.com,3rd year,high school,hot,2.5,9.09,88,1,none
17495,23,female,ba,1st year,graduate,cold,2.3,5.73,69,0,no reason
17496,17,male,nursing,1st year,phd,cloudy,5.57,7.08,52,0,travel
17497,23,male,nursing,4th year,post graduate,cloudy,3.9,6.17,6,1,none
17498,23,male,b.com,4th year,phd,sunny,5.68,9.71,74,0,festival
17499,21,female,b.sc,4th year,graduate,cold,0.59,6.66,62,1,none
17501,22,female,ba,1st year,graduate,cold,3.16,5.37,69,0,project work
17502,20,male,diploma,2nd year,no formal,rainy,3.23,7.35,14,1,none
17504,23,female,b.com,3rd year,high school,cold,3.86,5.18,77,0,personal work
17506,18,male,diploma,2nd year,high school,cold,4.72,4.77,73,1,none
17507,23,male,bba,3rd year,high school,cloudy,4.46,5.45,37,1,none
17509,18,male,nursing,4th year,no formal,cold,1.04,4.99,26,0,sick
17510,24,male,bca,3rd year,phd,cold,0.24,4.16,18,1,none
17511,18,female,bca,1st year,phd,cloudy,3.9,8.68,55,1,none
17512,18,male,bba,1st year,phd,sunny,5.26,6.72,44,1,none
17513,19,female,nursing,2nd year,phd,sunny,3.85,7.1,88,0,none
17514,20,female,b.tech,3rd year,no formal,rainy,0.79,5.52,67,0,sick
17515,18,male,b.tech,4th year,high school,rainy,5.54,8.15,79,0,personal work
17516,18,female,diploma,2nd year,phd,sunny,4.9,7.85,62,0,none
17517,20,male,bca,4th year,high school,cold,4.59,6.7,19,1,none
17518,18,male,b.com,3rd year,post graduate,rainy,5.29,7.3,65,0,none
17519,18,male,bca,2nd year,graduate,sunny,2.33,8.76,69,1,none
17520,24,male,b.tech,1st year,high school,sunny,1.0,8.13,35,1,none
17521,21,female,bca,3rd year,graduate,cloudy,3.97,4.7,10,1,none
17522,17,female,ba,2nd year,graduate,cold,5.51,7.31,42,0,festival
17523,17,male,bca,1st year,phd,sunny,1.32,9.61,53,0,no reason
17524,23,female,ba,1st year,graduate,cloudy,3.11,4.06,49,0,festival
17526,18,male,b.sc,1st year,post graduate,cold,0.96,8.62,33,0,project work
17527,22,male,nursing,1st year,no formal,cloudy,2.12,4.61,37,0,sick
17529,20,female,b.com,1st year,graduate,hot,3.86,7.71,35,1,none
17530,22,male,pharmacy,2nd year,post graduate,sunny,0.73,4.77,29,0,festival
17531,20,female,b.tech,2nd year,no formal,sunny,3.3,5.81,66,1,none
17532,17,female,bba,3rd year,high school,hot,2.17,9.79,45,1,none
17533,23,male,b.tech,2nd year,graduate,rainy,5.86,5.44,40,1,none
17534,24,male,pharmacy,4th year,no formal,rainy,2.23,4.76,17,0,sick
17538,21,male,nursing,2nd year,post graduate,rainy,2.13,6.83,82,1,none
17540,24,female,b.com,3rd year,post graduate,cold,1.03,9.89,80,0,project work
17541,17,female,ba,1st year,post graduate,cold,1.85,7.28,45,1,none
17543,24,female,pharmacy,4th year,no formal,cold,1.1,7.55,19,0,festival
17544,21,male,b.sc,1st year,phd,hot,3.04,9.13,17,1,none
17545,22,male,pharmacy,1st year,phd,rainy,0.43,9.49,7,0,project work
17547,23,female,bba,3rd year,high school,sunny,5.07,5.78,15,1,none
17548,17,female,b.com,2nd year,no formal,sunny,5.39,9.44,56,1,none
17549,22,female,bba,1st year,high school,cloudy,1.36,5.64,63,0,travel
17550,17,male,diploma,4th year,no formal,rainy,3.93,9.89,66,0,project work
17551,18,female,b.com,4th year,no formal,rainy,0.07,5.63,89,0,personal work
17553,20,male,bba,2nd year,post graduate,cold,4.61,7.87,57,1,none
17555,23,male,ba,4th year,no formal,cloudy,4.41,6.58,54,1,none
17556,19,male,b.sc,3rd year,high school,cold,1.31,8.15,82,0,sick
17557,23,male,b.tech,4th year,post graduate,cold,1.76,9.47,83,1,none
17558,17,female,ba,1st year,graduate,hot,5.15,9.36,77,1,none
17559,18,male,diploma,4th year,high school,sunny,0.42,9.54,30,0,festival
17560,19,female,pharmacy,2nd year,graduate,hot,4.2,7.79,51,0,project work
17561,21,female,ba,4th year,post graduate,hot,4.59,8.76,79,0,festival
17562,20,female,diploma,1st year,phd,cloudy,2.26,6.12,63,0,personal work
17564,21,female,bca,2nd year,post graduate,hot,3.89,8.4,19,1,none
17565,24,male,bca,4th year,high school,hot,0.63,6.27,10,1,none
17567,19,male,bba,1st year,post graduate,cloudy,2.65,6.51,76,0,none
17569,22,male,b.com,4th year,high school,rainy,1.89,5.8,81,0,travel
17571,18,male,b.com,1st year,graduate,sunny,4.33,9.63,19,1,none
17572,18,female,bba,1st year,post graduate,cloudy,4.12,7.45,69,0,no reason
17574,17,female,bba,1st year,graduate,cloudy,1.91,9.92,79,0,festival
17575,22,male,bba,2nd year,high school,cold,5.79,9.7,62,0,travel
17576,20,male,nursing,2nd year,no formal,cloudy,1.85,5.95,63,0,personal work
17578,23,female,b.tech,1st year,graduate,rainy,2.26,4.45,37,0,sick
17580,23,male,bba,2nd year,post graduate,cloudy,2.55,9.66,8,1,none
17581,24,female,nursing,3rd year,no formal,sunny,0.56,7.52,10,0,project work
17582,18,female,pharmacy,2nd year,phd,cold,1.44,4.98,43,0,personal work
17585,19,female,bba,3rd year,post graduate,rainy,4.0,6.65,33,1,none
17586,21,male,nursing,3rd year,phd,rainy,4.11,7.43,59,1,none
17588,21,male,bba,4th year,post graduate,rainy,0.69,6.63,89,1,none
17589,21,male,bba,3rd year,phd,rainy,4.87,5.76,43,1,none
17593,20,male,bba,4th year,phd,sunny,3.45,4.29,42,0,project work
17595,21,female,b.com,4th year,post graduate,sunny,4.89,7.99,32,1,none
17596,19,male,b.com,4th year,phd,cold,3.42,7.53,36,0,no reason
17599,20,female,pharmacy,1st year,graduate,hot,1.55,8.39,45,0,personal work
17600,18,male,b.tech,1st year,no formal,cloudy,2.1,6.66,65,0,travel
17601,18,male,ba,3rd year,phd,cloudy,4.89,5.96,38,1,none
17602,24,female,bba,4th year,graduate,hot,5.86,9.34,42,1,none
17603,19,male,b.sc,2nd year,no formal,hot,2.87,7.12,82,0,travel
17604,22,male,ba,4th year,post graduate,cloudy,2.61,5.37,62,0,personal work
17605,18,male,b.sc,3rd year,graduate,sunny,1.07,7.05,89,0,none
17607,18,female,nursing,4th year,post graduate,hot,0.35,9.75,24,0,travel
17608,20,female,pharmacy,2nd year,high school,rainy,2.85,5.1,33,0,project work
17609,23,female,b.tech,1st year,no formal,cloudy,3.48,9.73,11,0,none
17610,18,male,bca,3rd year,graduate,cloudy,1.31,9.7,6,0,project work
17611,21,female,pharmacy,4th year,phd,rainy,2.83,5.47,36,1,none
17614,17,male,ba,3rd year,phd,rainy,1.34,9.2,76,0,sick
17615,23,male,diploma,4th year,graduate,rainy,0.85,9.12,25,1,none
17619,24,female,b.com,4th year,no formal,hot,1.94,4.96,67,0,sick
17620,24,female,pharmacy,1st year,high school,hot,4.44,8.34,86,1,none
17624,19,male,pharmacy,4th year,phd,cold,1.02,9.34,86,0,sick
17626,17,male,bba,1st year,post graduate,sunny,3.61,8.29,74,1,none
17627,24,male,b.sc,3rd year,graduate,hot,3.12,8.88,79,1,none
17628,21,female,ba,2nd year,post graduate,rainy,4.23,7.15,9,1,none
17629,24,female,bca,4th year,post graduate,sunny,1.61,4.06,86,0,travel
17630,19,female,diploma,2nd year,phd,rainy,3.55,7.73,49,1,none
17634,21,male,nursing,3rd year,phd,rainy,3.99,8.39,69,0,sick
17635,23,male,diploma,1st year,post graduate,cloudy,2.36,5.35,38,1,none
17636,18,male,diploma,4th year,post graduate,rainy,4.39,7.39,27,0,no reason
17637,23,female,diploma,4th year,post graduate,rainy,1.14,9.06,50,0,festival
17640,17,male,pharmacy,3rd year,post graduate,hot,3.88,8.33,53,0,no reason
17641,20,male,ba,3rd year,no formal,sunny,1.79,9.6,41,0,none
17642,17,female,b.sc,2nd year,post graduate,cold,1.94,9.91,78,1,none
17643,20,female,ba,2nd year,phd,hot,3.25,8.66,18,0,festival
17644,23,male,ba,4th year,post graduate,cold,4.89,4.26,9,1,none
17646,23,male,b.com,3rd year,post graduate,hot,4.93,4.35,77,1,none
17647,22,female,pharmacy,2nd year,phd,sunny,3.26,5.39,82,1,none
17649,24,male,pharmacy,2nd year,high school,rainy,2.71,9.65,49,1,none
17651,24,female,bca,1st year,phd,sunny,1.68,4.06,19,0,no reason
17653,22,female,bca,3rd year,no formal,cloudy,5.88,6.06,28,1,none
17655,24,female,pharmacy,2nd year,no formal,hot,0.93,7.92,63,1,none
17656,21,male,bba,2nd year,phd,hot,4.12,9.6,15,0,festival
17659,24,female,b.sc,4th year,phd,hot,3.53,9.4,53,1,none
17662,22,female,b.com,3rd year,high school,cold,0.37,5.07,71,0,none
17664,21,female,b.tech,2nd year,graduate,cold,4.57,8.46,57,0,sick
17666,21,female,pharmacy,2nd year,phd,cloudy,5.01,7.94,9,0,no reason
17667,21,female,b.sc,2nd year,graduate,cloudy,0.68,7.2,65,1,none
17668,23,male,ba,4th year,graduate,cold,1.38,4.06,30,0,project work
17669,20,male,nursing,4th year,no formal,rainy,0.08,9.79,62,0,personal work
17670,19,female,ba,3rd year,no formal,cold,5.15,9.37,45,1,none
17672,21,male,b.tech,2nd year,graduate,rainy,4.83,6.16,27,0,travel
17673,22,male,diploma,2nd year,no formal,cloudy,0.83,8.33,42,1,none
17674,19,male,b.com,2nd year,no formal,cloudy,2.56,8.19,89,1,none
17675,22,female,b.sc,2nd year,post graduate,sunny,1.86,8.12,18,1,none
17676,24,female,bba,2nd year,phd,cloudy,3.67,9.21,86,0,travel
17677,18,male,b.sc,2nd year,high school,cold,5.16,4.42,89,0,travel
17679,22,female,diploma,4th year,high school,cold,5.93,9.53,58,0,travel
17680,17,male,pharmacy,3rd year,phd,rainy,1.3,8.1,84,0,project work
17683,18,female,bba,3rd year,graduate,cloudy,0.68,9.65,73,0,festival
17685,18,female,b.tech,2nd year,phd,sunny,1.07,8.9,25,0,travel
17686,24,male,b.tech,1st year,graduate,rainy,2.84,6.45,55,0,sick
17687,21,male,b.com,1st year,post graduate,rainy,1.33,8.66,21,0,none
17688,19,male,nursing,2nd year,graduate,hot,2.46,7.71,70,1,none
17689,23,male,b.sc,4th year,high school,sunny,2.45,5.17,7,1,none
17690,17,female,b.tech,4th year,post graduate,hot,1.32,8.31,33,1,none
17691,21,female,pharmacy,4th year,post graduate,hot,2.75,9.05,72,1,none
17692,22,female,ba,2nd year,phd,sunny,5.81,5.86,46,0,none
17694,18,male,b.com,2nd year,phd,cold,1.28,7.85,36,1,none
17696,23,male,ba,4th year,high school,cloudy,4.85,8.94,30,0,personal work
17698,18,male,pharmacy,2nd year,post graduate,cloudy,0.65,8.83,32,0,no reason
17699,24,male,bba,3rd year,high school,rainy,0.45,5.77,69,0,festival
17700,19,male,diploma,2nd year,high school,cloudy,1.83,7.77,44,1,none
17701,20,male,b.tech,3rd year,graduate,cold,4.76,4.15,7,1,none
17703,18,female,pharmacy,1st year,phd,cloudy,5.38,8.32,9,0,festival
17704,19,male,b.sc,4th year,phd,cloudy,3.71,4.62,71,1,none
17705,18,female,b.tech,1st year,high school,cold,0.25,8.1,43,1,none
17706,22,female,b.tech,2nd year,no formal,hot,1.32,9.68,16,0,project work
17710,21,male,ba,2nd year,post graduate,sunny,2.72,5.75,14,0,festival
17711,18,female,b.com,4th year,high school,hot,0.69,8.03,50,1,none
17712,19,female,b.sc,3rd year,post graduate,cloudy,3.21,9.61,42,1,none
17713,24,female,ba,3rd year,post graduate,cloudy,2.61,7.47,71,1,none
17717,19,male,diploma,4th year,graduate,hot,5.72,4.06,23,0,no reason
17718,19,female,nursing,1st year,no formal,hot,1.58,5.21,59,0,project work
17720,21,male,ba,2nd year,post graduate,cold,3.14,4.85,86,1,none
17722,23,male,b.com,2nd year,graduate,cloudy,0.15,8.44,68,0,no reason
17723,20,male,bba,2nd year,phd,hot,5.86,4.91,80,1,none
17724,24,male,ba,1st year,phd,hot,4.01,4.42,55,0,none
17728,17,male,bca,1st year,phd,rainy,1.54,5.84,80,0,festival
17730,21,male,pharmacy,1st year,high school,hot,4.42,7.43,25,0,none
17731,20,male,bca,2nd year,graduate,cold,5.2,7.95,76,0,project work
17732,20,male,b.tech,2nd year,graduate,cloudy,2.44,6.7,81,0,project work
17733,17,male,pharmacy,2nd year,post graduate,sunny,0.31,8.82,34,1,none
17734,23,female,bba,2nd year,graduate,hot,3.76,4.06,72,0,project work
17736,20,male,ba,4th year,high school,cloudy,5.16,9.09,67,1,none
17737,20,male,b.tech,3rd year,post graduate,sunny,3.48,9.5,50,0,none
17738,20,female,bca,1st year,no formal,hot,3.03,7.86,14,0,personal work
17739,22,male,b.tech,1st year,no formal,cold,0.65,6.32,42,0,travel
17741,21,female,nursing,4th year,phd,hot,0.48,5.14,18,1,none
17742,18,female,ba,1st year,graduate,hot,4.52,9.3,59,1,none
17743,23,male,ba,2nd year,no formal,cloudy,3.32,4.3,88,0,festival
17747,23,female,bba,3rd year,high school,hot,4.0,7.26,30,0,project work
17748,20,male,b.com,2nd year,no formal,hot,2.39,9.04,18,0,festival
17749,17,male,b.tech,4th year,phd,rainy,0.78,8.65,57,0,personal work
17750,23,male,b.tech,4th year,post graduate,rainy,2.98,5.59,73,0,sick
17751,19,female,bba,1st year,post graduate,cold,0.95,6.34,29,1,none
17752,24,male,diploma,4th year,phd,hot,3.63,9.77,36,0,project work
17753,24,male,bca,3rd year,graduate,hot,2.1,5.36,85,0,project work
17754,17,male,b.com,4th year,no formal,sunny,5.52,5.33,25,1,none
17755,22,male,bba,4th year,no formal,sunny,5.75,6.63,58,1,none
17756,21,male,pharmacy,1st year,phd,cold,0.71,4.61,19,0,no reason
17757,18,female,nursing,2nd year,post graduate,cloudy,1.6,6.16,65,0,project work
17759,20,female,bca,1st year,high school,hot,5.22,9.74,41,1,none
17760,18,male,bca,4th year,no formal,rainy,2.24,8.38,74,1,none
17761,22,female,ba,1st year,post graduate,hot,2.06,5.82,5,1,none
17762,19,male,ba,1st year,post graduate,rainy,5.58,6.14,28,1,none
17763,24,female,diploma,4th year,post graduate,cloudy,0.6,9.42,40,1,none
17764,23,male,pharmacy,2nd year,graduate,cloudy,4.73,8.85,75,1,none
17765,22,female,b.com,1st year,post graduate,cloudy,5.11,4.06,51,0,travel
17767,17,female,nursing,1st year,high school,rainy,0.31,4.24,84,0,sick
17769,20,female,b.com,4th year,no formal,rainy,1.02,5.9,23,0,project work
17772,22,female,b.com,2nd year,graduate,cloudy,5.88,4.21,62,1,none
17773,17,female,ba,2nd year,graduate,cloudy,3.68,4.63,10,1,none
17774,19,female,b.tech,1st year,high school,cloudy,5.34,7.46,61,1,none
17775,21,male,b.tech,1st year,post graduate,hot,3.69,7.01,56,1,none
17776,23,male,ba,1st year,graduate,rainy,3.79,4.34,65,0,project work
17778,21,female,bba,1st year,graduate,cloudy,3.13,9.76,44,0,project work
17780,19,female,bba,4th year,graduate,cloudy,4.93,4.13,5,0,sick
17781,23,male,bca,2nd year,graduate,sunny,4.92,9.94,62,0,personal work
17782,17,female,diploma,2nd year,high school,hot,4.95,8.81,10,1,none
17783,22,female,bba,1st year,graduate,sunny,3.88,5.12,77,1,none
17784,22,female,b.tech,2nd year,post graduate,cold,1.12,4.23,86,0,travel
17786,18,female,ba,2nd year,no formal,cloudy,1.89,4.74,85,0,festival
17787,18,male,b.sc,4th year,no formal,cold,5.43,7.9,36,1,none
17788,18,male,bba,2nd year,no formal,sunny,0.85,4.61,39,0,travel
17790,21,female,b.com,2nd year,phd,cold,5.93,4.26,43,0,none
17791,17,female,bba,4th year,high school,hot,3.66,5.2,11,0,sick
17792,21,male,b.sc,2nd year,high school,rainy,0.48,7.18,53,1,none
17794,21,female,ba,4th year,phd,cloudy,4.98,4.13,43,1,none
17798,23,male,diploma,1st year,phd,sunny,3.89,5.55,46,1,none
17799,18,female,diploma,2nd year,post graduate,cloudy,1.98,5.22,83,1,none
17800,17,female,b.sc,2nd year,graduate,rainy,0.31,6.02,63,0,festival
17803,24,male,bca,2nd year,no formal,sunny,5.65,8.78,71,1,none
17805,23,male,bba,2nd year,no formal,sunny,5.03,9.84,16,0,travel
17808,19,male,b.tech,1st year,graduate,hot,5.92,4.66,29,0,no reason
17809,24,female,diploma,3rd year,post graduate,cold,5.24,4.58,47,1,none
17810,22,female,pharmacy,3rd year,graduate,hot,0.25,5.73,13,0,travel
17813,20,male,b.sc,2nd year,high school,cloudy,4.32,7.18,71,1,none
17815,23,male,diploma,3rd year,high school,cloudy,3.09,8.71,13,1,none
17816,23,female,ba,1st year,high school,sunny,0.79,9.47,32,0,personal work
17817,20,male,b.com,3rd year,phd,cloudy,4.11,6.35,11,0,project work
17818,22,male,bba,3rd year,no formal,rainy,5.89,7.2,73,0,travel
17819,18,female,b.tech,2nd year,no formal,cloudy,4.59,4.42,29,0,personal work
17820,23,male,b.tech,1st year,phd,cloudy,4.83,7.19,62,0,no reason
17821,19,male,b.tech,2nd year,high school,rainy,3.19,9.07,35,1,none
17823,21,female,b.tech,1st year,graduate,cold,3.78,5.13,85,0,project work
17824,19,female,bba,4th year,no formal,sunny,1.98,8.04,50,1,none
17826,22,male,diploma,3rd year,no formal,rainy,4.31,9.35,50,1,none
17828,23,male,pharmacy,3rd year,phd,cold,2.3,9.81,57,1,none
17830,24,male,nursing,3rd year,no formal,hot,1.55,5.7,74,0,no reason
17831,19,male,b.sc,3rd year,phd,cloudy,4.39,9.06,29,1,none
17832,22,male,b.tech,3rd year,post graduate,cloudy,0.6,6.34,26,0,personal work
17833,21,female,b.tech,1st year,phd,cloudy,4.22,5.63,29,1,none
17837,23,male,nursing,2nd year,phd,cloudy,3.79,8.04,19,1,none
17839,22,female,bba,2nd year,post graduate,hot,3.71,5.6,66,0,festival
17840,20,male,b.com,2nd year,graduate,rainy,4.87,6.88,61,0,project work
17843,22,male,ba,1st year,graduate,hot,5.76,9.29,17,1,none
17844,19,female,nursing,4th year,no formal,sunny,3.76,4.18,9,0,festival
17847,19,male,b.sc,3rd year,post graduate,sunny,5.31,4.75,27,1,none
17849,20,male,ba,4th year,phd,rainy,3.11,9.57,24,1,none
17850,21,female,pharmacy,2nd year,no formal,cloudy,4.01,5.98,33,0,personal work
17851,20,male,ba,3rd year,phd,cloudy,4.49,7.29,75,1,none
17854,22,male,ba,4th year,high school,rainy,3.39,8.94,6,1,none
17855,24,female,diploma,1st year,graduate,cold,0.92,8.51,38,0,personal work
17856,23,male,bca,1st year,phd,sunny,2.59,9.22,23,1,none
17858,22,male,b.tech,4th year,no formal,sunny,4.47,9.94,14,1,none
17859,19,female,b.tech,3rd year,graduate,sunny,0.13,6.83,35,0,festival
17860,23,male,bca,2nd year,graduate,hot,2.18,9.0,86,1,none
17862,23,male,bca,3rd year,graduate,cloudy,0.1,7.28,6,1,none
17863,19,female,nursing,1st year,phd,rainy,3.35,4.52,62,0,sick
17864,17,male,nursing,2nd year,high school,cold,5.48,7.58,19,1,none
17865,18,female,diploma,3rd year,graduate,hot,5.69,7.44,22,1,none
17868,22,male,b.sc,4th year,high school,sunny,4.47,9.34,23,0,festival
17870,20,male,b.tech,4th year,post graduate,cloudy,0.68,4.95,20,1,none
17873,18,male,b.tech,3rd year,graduate,sunny,0.8,7.25,25,1,none
17874,23,female,b.sc,1st year,graduate,sunny,2.33,8.57,11,1,none
17876,21,male,bca,3rd year,graduate,cold,2.85,7.15,21,0,personal work
17877,20,male,b.sc,1st year,post graduate,rainy,0.23,7.27,57,0,personal work
17878,19,female,b.sc,3rd year,phd,cloudy,4.57,8.49,44,1,none
17880,22,male,bca,3rd year,phd,cloudy,4.18,9.92,63,0,festival
17881,18,female,ba,4th year,phd,sunny,0.64,8.53,76,0,no reason
17883,17,male,b.tech,2nd year,no formal,sunny,2.14,6.49,6,0,project work
17884,19,male,b.sc,1st year,no formal,cloudy,0.99,6.99,77,0,personal work
17885,17,male,b.tech,2nd year,no formal,rainy,4.08,6.41,62,0,no reason
17886,19,female,bca,1st year,post graduate,hot,4.71,9.64,77,1,none
17887,23,female,ba,3rd year,graduate,cold,0.76,9.94,70,0,personal work
17888,23,male,b.sc,4th year,high school,cloudy,5.62,9.57,71,0,festival
17889,23,female,bca,1st year,graduate,cold,4.16,4.24,52,0,travel
17894,24,female,bca,3rd year,graduate,cold,4.47,7.71,32,1,none
17895,22,male,ba,1st year,phd,rainy,1.06,9.46,83,0,project work
17896,20,male,b.tech,1st year,phd,sunny,0.05,9.03,27,0,personal work
17897,20,female,nursing,3rd year,post graduate,cold,1.36,5.58,47,1,none
17898,20,female,b.sc,1st year,phd,hot,3.62,5.89,76,0,no reason
17900,18,male,ba,1st year,high school,hot,3.25,4.83,6,1,none
17902,17,male,diploma,1st year,phd,cloudy,0.63,9.05,7,1,none
17903,21,female,ba,2nd year,no formal,hot,4.89,8.75,47,1,none
17904,20,female,diploma,2nd year,no formal,cold,2.87,6.82,42,1,none
17907,24,male,b.com,4th year,high school,cloudy,2.88,6.71,85,1,none
17910,22,male,ba,3rd year,no formal,sunny,1.69,4.39,64,1,none
17912,18,male,ba,1st year,phd,cold,5.82,8.06,46,1,none
17913,22,female,nursing,2nd year,high school,sunny,5.37,5.51,23,1,none
17914,23,male,ba,3rd year,phd,cloudy,1.6,8.71,42,0,festival
17915,22,male,bba,4th year,graduate,cloudy,5.31,7.14,78,0,personal work
17916,21,female,nursing,1st year,no formal,rainy,5.93,7.52,56,1,none
17918,22,female,diploma,1st year,no formal,cloudy,4.4,7.42,65,0,personal work
17919,21,female,bba,1st year,no formal,sunny,1.26,8.12,80,0,sick
17920,20,female,ba,1st year,phd,hot,1.56,6.55,19,0,personal work
17921,18,male,b.com,1st year,post graduate,cloudy,3.14,8.31,53,1,none
17922,24,male,bca,1st year,no formal,sunny,3.24,7.15,57,0,personal work
17923,20,male,ba,3rd year,graduate,sunny,2.29,5.91,75,0,project work
17924,19,male,ba,4th year,high school,rainy,1.61,7.0,24,1,none
17926,20,female,ba,3rd year,no formal,cold,0.52,7.71,28,1,none
17927,21,male,nursing,1st year,high school,cold,3.96,4.62,56,0,travel
17928,22,female,b.com,4th year,post graduate,hot,3.46,5.85,64,0,no reason
17929,19,female,diploma,3rd year,post graduate,hot,5.74,9.31,59,0,travel
17930,18,male,bca,1st year,phd,sunny,2.0,8.6,86,1,none
17935,19,female,bca,3rd year,post graduate,cold,5.69,8.85,61,0,project work
17937,24,female,pharmacy,2nd year,post graduate,cloudy,0.25,6.05,10,0,festival
17938,23,male,b.sc,4th year,phd,rainy,5.53,9.19,43,1,none
17939,21,male,b.com,3rd year,graduate,hot,5.68,9.15,34,1,none
17941,23,female,nursing,4th year,high school,cloudy,0.15,5.1,34,1,none
17943,20,male,pharmacy,4th year,high school,cloudy,3.14,7.27,51,1,none
17944,24,female,ba,3rd year,graduate,cold,4.01,8.52,58,0,none
17945,23,male,bca,3rd year,post graduate,cold,3.82,4.47,64,1,none
17946,23,male,b.tech,2nd year,graduate,cloudy,0.76,4.66,23,0,no reason
17947,17,male,b.sc,2nd year,graduate,hot,2.19,8.26,80,0,no reason
17948,18,male,diploma,4th year,no formal,cloudy,0.93,8.41,89,1,none
17949,19,female,b.com,3rd year,phd,cloudy,4.61,5.19,72,1,none
17950,23,male,b.sc,1st year,high school,rainy,1.38,7.95,48,0,sick
17951,17,male,diploma,4th year,no formal,hot,4.49,5.5,67,1,none
17953,17,male,nursing,2nd year,no formal,cloudy,1.38,4.54,62,0,no reason
17954,18,female,b.sc,2nd year,phd,hot,5.59,7.28,46,0,sick
17957,22,male,b.com,1st year,graduate,hot,1.81,7.63,41,1,none
17958,19,male,bca,3rd year,phd,hot,5.36,8.25,59,0,none
17960,23,female,pharmacy,4th year,high school,hot,1.12,5.7,5,1,none
17961,21,female,ba,2nd year,no formal,rainy,5.41,7.05,39,1,none
17962,23,female,diploma,3rd year,no formal,hot,5.09,4.44,63,0,travel
17963,21,female,diploma,1st year,graduate,rainy,4.5,7.85,6,0,none
17964,19,female,nursing,2nd year,no formal,rainy,5.91,4.29,36,1,none
17965,22,male,bba,3rd year,phd,hot,0.65,6.45,13,1,none
17966,24,male,b.com,2nd year,high school,hot,0.85,6.31,80,0,festival
17967,23,male,bba,4th year,phd,rainy,0.3,6.7,13,1,none
17968,20,male,ba,2nd year,no formal,cold,2.77,9.6,26,1,none
17971,22,female,bba,3rd year,graduate,rainy,0.07,8.43,27,0,travel
17972,21,male,pharmacy,1st year,graduate,cold,5.2,7.33,48,1,none
17973,19,male,diploma,4th year,phd,cold,3.27,9.68,56,0,no reason
17975,24,female,b.tech,4th year,graduate,cloudy,1.3,9.85,68,0,personal work
17977,17,female,b.tech,2nd year,no formal,cloudy,2.92,5.37,53,0,no reason
17979,20,male,nursing,1st year,phd,cold,2.48,5.45,65,1,none
17981,24,female,bba,2nd year,no formal,rainy,4.44,9.14,84,0,none
17982,24,female,b.tech,3rd year,graduate,cloudy,4.01,9.39,84,1,none
17983,18,female,b.com,2nd year,high school,hot,5.31,8.06,33,1,none
17984,23,male,b.sc,2nd year,graduate,cloudy,5.42,9.94,33,1,none
17985,18,female,bba,2nd year,no formal,sunny,4.69,7.57,68,0,festival
17989,20,female,b.sc,4th year,graduate,cloudy,1.48,4.24,56,0,sick
17992,17,male,b.tech,1st year,high school,rainy,1.84,5.33,25,0,no reason
17993,23,female,b.tech,4th year,no formal,cloudy,3.39,4.15,9,0,personal work
17995,20,female,nursing,3rd year,no formal,hot,3.4,7.35,22,0,festival
17996,17,male,bca,3rd year,post graduate,sunny,2.5,6.75,40,1,none
17997,24,female,bca,3rd year,high school,rainy,4.01,5.67,87,0,no reason
17998,23,female,bba,3rd year,high school,hot,5.28,7.88,14,1,none
17999,22,female,nursing,1st year,no formal,cold,5.35,6.08,27,1,none
18000,22,male,bba,4th year,graduate,rainy,5.09,9.94,67,0,none
18001,23,male,diploma,4th year,no formal,cloudy,1.82,5.7,14,0,sick
18002,18,female,b.com,4th year,graduate,cloudy,5.93,7.72,48,1,none
18004,17,female,b.tech,2nd year,post graduate,cloudy,4.91,9.94,41,1,none
18007,17,male,b.sc,1st year,phd,hot,5.01,6.52,42,0,personal work
18008,22,male,bba,3rd year,no formal,rainy,0.88,6.68,24,0,none
18009,17,female,pharmacy,3rd year,high school,sunny,2.67,4.16,66,0,travel
18010,23,female,b.sc,1st year,phd,rainy,4.08,9.93,49,1,none
18012,23,female,nursing,1st year,phd,rainy,5.17,6.97,36,0,none
18015,21,female,pharmacy,1st year,post graduate,cloudy,4.93,8.03,48,1,none
18016,23,female,ba,4th year,high school,hot,3.55,9.44,74,0,project work
18017,22,male,bca,3rd year,phd,cloudy,4.71,5.55,86,0,project work
18021,20,male,nursing,2nd year,no formal,hot,3.48,5.78,49,1,none
18022,23,male,ba,4th year,phd,cloudy,4.13,5.9,6,1,none
18024,17,female,bca,1st year,post graduate,cold,1.32,8.94,14,1,none
18025,24,female,nursing,2nd year,high school,cloudy,0.58,4.94,72,0,travel
18026,17,female,b.tech,3rd year,post graduate,rainy,5.93,5.07,77,0,personal work
18027,19,female,nursing,1st year,graduate,sunny,5.82,7.3,43,1,none
18028,18,female,nursing,3rd year,no formal,sunny,1.83,6.55,89,1,none
18029,24,male,bca,1st year,phd,rainy,4.11,6.42,50,0,none
18031,23,female,ba,1st year,high school,cold,0.72,5.68,84,0,sick
18032,18,female,b.sc,3rd year,no formal,hot,5.24,6.18,85,1,none
18033,22,female,bca,2nd year,phd,cold,2.06,6.5,20,1,none
18035,20,male,pharmacy,1st year,post graduate,sunny,5.76,5.08,59,1,none
18036,21,male,b.com,4th year,phd,hot,4.4,9.06,24,1,none
18037,22,male,b.sc,2nd year,post graduate,cold,1.64,4.68,89,0,travel
18039,23,male,b.com,3rd year,post graduate,cloudy,4.31,6.56,73,1,none
18040,21,male,b.sc,3rd year,no formal,cold,2.1,4.84,29,1,none
18042,19,male,b.sc,4th year,post graduate,rainy,5.58,4.81,44,0,no reason
18043,24,female,nursing,1st year,post graduate,rainy,4.37,8.27,17,1,none
18044,21,female,b.com,2nd year,high school,cold,5.11,5.96,30,0,personal work
18045,24,female,bca,4th year,post graduate,cloudy,5.93,4.55,34,1,none
18046,20,female,bca,4th year,high school,rainy,5.18,9.66,15,1,none
18047,20,female,bca,4th year,graduate,cold,3.57,9.35,64,1,none
18048,23,female,b.com,4th year,post graduate,hot,0.87,4.54,69,0,travel
18050,18,female,bca,4th year,phd,cold,1.8,4.12,31,1,none
18051,21,female,ba,3rd year,graduate,hot,1.86,9.06,58,1,none
18053,23,male,pharmacy,2nd year,graduate,cloudy,1.18,9.94,86,1,none
18055,23,male,ba,1st year,phd,hot,4.2,5.06,38,1,none
18056,24,male,ba,4th year,no formal,cloudy,1.02,9.73,5,1,none
18057,17,male,ba,4th year,no formal,hot,2.61,8.08,72,0,project work
18058,22,female,diploma,4th year,post graduate,cold,1.78,5.91,59,0,none
18060,19,female,b.sc,2nd year,no formal,hot,2.84,5.56,14,1,none
18061,19,female,ba,2nd year,high school,sunny,2.97,4.15,45,0,no reason
18062,21,female,nursing,1st year,phd,rainy,4.7,6.97,21,1,none
18066,17,female,b.tech,1st year,post graduate,hot,2.69,7.95,8,1,none
18068,19,male,b.tech,2nd year,phd,cloudy,5.64,5.85,70,1,none
18071,19,female,ba,1st year,graduate,hot,5.53,7.61,84,1,none
18072,21,female,pharmacy,2nd year,post graduate,rainy,2.36,4.07,23,1,none
18073,24,male,nursing,3rd year,graduate,cold,5.02,5.47,37,1,none
18074,19,female,diploma,2nd year,post graduate,hot,4.3,6.62,65,1,none
18075,21,male,b.sc,4th year,graduate,hot,0.66,6.68,54,1,none
18076,24,female,b.tech,1st year,high school,sunny,4.93,4.11,89,0,festival
18077,19,female,b.sc,2nd year,post graduate,cloudy,1.93,9.94,86,0,no reason
18078,19,female,ba,3rd year,high school,cloudy,5.16,8.1,39,0,project work
18081,17,female,pharmacy,2nd year,no formal,cold,0.28,5.9,68,0,sick
18082,18,female,diploma,1st year,graduate,cloudy,5.49,8.73,23,1,none
18083,18,male,diploma,1st year,post graduate,cloudy,5.49,5.64,54,0,none
18084,22,female,bca,1st year,high school,cloudy,5.86,9.29,42,1,none
18086,22,male,nursing,4th year,post graduate,rainy,2.85,4.65,17,0,none
18087,21,female,ba,1st year,high school,cold,5.11,8.16,44,1,none
18088,17,female,b.sc,1st year,post graduate,rainy,3.44,9.76,13,0,project work
18089,19,male,b.com,3rd year,high school,cold,4.38,7.31,28,0,none
18090,17,male,b.com,3rd year,post graduate,hot,0.61,9.45,47,1,none
18092,20,female,bca,1st year,high school,cold,0.85,5.85,37,0,project work
18093,19,female,ba,4th year,post graduate,hot,1.55,9.05,51,0,festival
18094,17,male,b.tech,3rd year,phd,rainy,1.68,9.93,66,0,project work
18095,20,male,diploma,3rd year,phd,cold,1.56,6.8,40,0,no reason
18096,20,male,bca,1st year,high school,sunny,0.57,8.95,75,0,none
18097,24,male,nursing,4th year,high school,cloudy,2.77,5.42,52,0,travel
18099,20,female,bca,3rd year,no formal,cold,4.47,4.54,78,0,sick
18101,17,female,b.com,3rd year,phd,cold,2.23,4.69,5,0,personal work
18103,21,male,b.com,2nd year,no formal,rainy,3.55,6.32,17,1,none
18105,24,female,b.tech,2nd year,phd,cloudy,0.88,4.53,46,1,none
18106,21,male,pharmacy,4th year,no formal,cold,3.37,4.27,19,0,personal work
18108,19,female,pharmacy,2nd year,high school,cloudy,5.64,7.51,47,0,travel
18109,23,male,nursing,3rd year,graduate,sunny,1.35,6.48,58,1,none
18111,24,female,ba,3rd year,post graduate,sunny,4.55,4.64,87,1,none
18112,21,female,b.sc,2nd year,post graduate,cloudy,2.25,4.5,82,0,personal work
18113,22,female,pharmacy,1st year,graduate,cold,1.92,5.91,50,1,none
18114,18,male,diploma,4th year,high school,hot,0.08,5.38,76,0,personal work
18115,24,male,b.sc,1st year,graduate,hot,0.19,4.4,9,0,no reason
18117,17,female,b.tech,1st year,no formal,cloudy,0.16,7.18,75,0,travel
18119,23,male,b.sc,1st year,no formal,rainy,5.3,8.43,48,1,none
18120,24,female,diploma,3rd year,phd,hot,5.73,6.13,84,0,travel
18121,23,female,nursing,4th year,graduate,cold,5.55,5.29,80,0,travel
18122,21,male,pharmacy,3rd year,graduate,rainy,5.37,9.89,24,1,none
18124,20,male,b.sc,3rd year,high school,rainy,4.33,9.11,48,1,none
18125,20,female,b.tech,3rd year,graduate,sunny,2.01,8.67,87,1,none
18128,19,male,ba,4th year,phd,hot,4.26,4.78,53,1,none
18129,18,female,ba,4th year,phd,cold,3.48,4.62,23,1,none
18130,19,female,ba,4th year,graduate,sunny,3.35,8.02,54,0,festival
18132,19,male,ba,1st year,high school,cloudy,1.64,8.49,64,0,sick
18133,19,female,b.com,1st year,high school,hot,1.03,8.16,22,1,none
18139,19,female,b.com,1st year,no formal,cloudy,4.67,8.82,55,1,none
18141,18,female,pharmacy,1st year,no formal,rainy,4.06,7.6,16,1,none
18144,22,male,b.sc,4th year,no formal,cloudy,5.33,9.68,30,1,none
18149,22,male,nursing,3rd year,no formal,cloudy,2.59,4.85,58,1,none
18150,21,male,bba,3rd year,high school,cold,1.14,7.49,21,0,sick
18151,18,male,bca,2nd year,graduate,cold,5.42,9.89,72,1,none
18152,19,female,ba,4th year,graduate,cloudy,3.59,9.94,9,1,none
18153,23,female,b.tech,3rd year,graduate,hot,1.02,4.6,65,0,none
18154,20,female,nursing,1st year,high school,cold,4.1,6.95,9,1,none
18157,17,male,b.com,4th year,no formal,rainy,5.09,6.23,33,1,none
18159,19,female,nursing,1st year,high school,hot,0.76,7.13,9,1,none
18161,20,female,bca,1st year,post graduate,hot,2.29,7.4,22,0,sick
18162,21,female,nursing,1st year,no formal,cloudy,2.16,7.3,44,0,none
18163,19,male,bba,1st year,post graduate,rainy,0.49,4.16,22,0,sick
18164,23,male,b.tech,3rd year,post graduate,rainy,4.87,9.71,14,0,personal work
18166,24,male,b.sc,2nd year,graduate,sunny,3.76,4.94,45,1,none
18167,18,male,pharmacy,2nd year,no formal,hot,0.71,4.72,48,0,sick
18168,24,male,bba,3rd year,graduate,hot,0.57,4.83,62,0,personal work
18170,17,female,pharmacy,2nd year,high school,rainy,3.95,8.9,9,0,none
18171,17,female,nursing,4th year,phd,rainy,5.81,8.26,54,0,festival
18172,21,female,b.sc,1st year,phd,cloudy,2.49,7.05,38,0,sick
18173,19,female,diploma,4th year,phd,hot,4.9,9.07,62,1,none
18174,21,female,b.com,1st year,phd,rainy,4.72,5.87,58,0,sick
18175,23,female,b.tech,3rd year,graduate,sunny,2.39,7.77,8,0,personal work
18176,17,male,b.tech,2nd year,phd,sunny,1.97,7.22,70,0,personal work
18177,21,male,bba,2nd year,phd,cold,4.74,9.56,73,1,none
18179,20,female,pharmacy,3rd year,no formal,rainy,4.45,4.85,75,1,none
18183,21,female,b.sc,3rd year,post graduate,cloudy,5.91,9.78,39,1,none
18185,18,male,b.sc,1st year,graduate,hot,1.72,9.35,89,1,none
18186,24,female,diploma,1st year,high school,rainy,4.36,4.08,39,0,festival
18188,17,male,ba,3rd year,high school,sunny,0.94,7.18,14,0,travel
18189,18,male,diploma,2nd year,graduate,rainy,5.47,8.66,80,0,personal work
18190,23,male,pharmacy,3rd year,post graduate,cloudy,2.75,9.16,38,1,none
18191,21,female,b.sc,2nd year,phd,hot,0.42,9.45,39,1,none
18192,23,female,b.sc,3rd year,graduate,cold,3.25,7.97,31,0,travel
18193,20,female,b.tech,2nd year,no formal,cold,2.66,4.99,21,0,project work
18194,17,male,b.sc,3rd year,graduate,sunny,4.82,6.81,23,0,personal work
18195,20,female,ba,1st year,no formal,cloudy,2.82,8.11,52,0,travel
18197,21,male,pharmacy,4th year,high school,sunny,3.01,5.23,79,0,travel
18199,24,male,b.com,3rd year,no formal,cold,2.56,5.59,21,0,festival
18200,20,male,bba,3rd year,graduate,rainy,4.88,6.03,79,0,sick
18201,19,male,diploma,4th year,no formal,cloudy,0.97,6.41,8,0,project work
18202,24,male,ba,1st year,graduate,rainy,0.95,9.89,29,1,none
18203,21,female,b.sc,4th year,no formal,hot,3.83,8.9,36,0,sick
18204,18,female,ba,2nd year,graduate,cloudy,2.65,8.82,56,1,none
18205,20,female,bca,3rd year,graduate,cloudy,0.05,6.72,15,0,none
18206,19,male,b.com,4th year,no formal,rainy,2.63,8.91,73,0,no reason
18207,22,female,bca,4th year,post graduate,cloudy,5.68,8.95,68,1,none
18209,22,male,pharmacy,4th year,graduate,hot,0.67,5.43,65,0,festival
18211,22,male,diploma,1st year,high school,sunny,2.81,8.24,38,1,none
18212,19,female,nursing,1st year,high school,sunny,4.62,5.6,54,0,festival
18213,18,female,b.sc,2nd year,no formal,rainy,1.18,6.77,63,1,none
18215,20,female,ba,2nd year,graduate,cloudy,0.05,8.55,29,1,none
18216,19,female,diploma,4th year,no formal,sunny,5.28,5.3,84,1,none
18218,24,male,b.sc,3rd year,graduate,cloudy,1.85,9.69,42,1,none
18219,20,male,b.com,4th year,high school,cloudy,2.1,7.2,46,1,none
18220,22,female,bca,2nd year,graduate,rainy,5.15,6.09,41,1,none
18221,24,male,pharmacy,2nd year,graduate,cloudy,4.01,7.65,88,1,none
18222,17,male,pharmacy,1st year,phd,cold,0.56,6.74,83,0,project work
18223,19,female,bba,4th year,no formal,cloudy,0.11,8.95,72,0,personal work
18224,22,male,b.tech,1st year,no formal,cold,0.76,9.31,70,1,none
18225,20,female,nursing,3rd year,high school,cold,3.58,8.79,7,0,project work
18226,23,female,bca,4th year,phd,cloudy,1.9,5.32,62,0,no reason
18227,20,female,b.tech,2nd year,phd,cloudy,5.92,7.43,23,0,travel
18228,17,female,bca,1st year,post graduate,rainy,4.77,9.72,71,1,none
18229,20,male,nursing,3rd year,post graduate,sunny,0.78,5.74,41,0,no reason
18230,20,female,nursing,2nd year,post graduate,cold,0.12,9.94,38,0,project work
18231,23,male,pharmacy,4th year,phd,cold,2.24,9.79,39,0,none
18232,18,female,pharmacy,2nd year,phd,cold,4.18,9.05,83,1,none
18235,21,male,b.sc,2nd year,no formal,sunny,1.26,5.21,77,0,festival
18236,24,male,bca,4th year,no formal,hot,1.7,8.95,87,1,none
18239,23,male,pharmacy,2nd year,phd,cold,1.83,7.28,17,0,sick
18241,21,male,b.sc,1st year,phd,cloudy,3.48,6.01,48,0,travel
18242,18,female,nursing,1st year,phd,sunny,0.62,6.33,13,0,sick
18243,24,male,pharmacy,4th year,graduate,cold,0.22,9.25,22,1,none
18244,23,male,bba,1st year,graduate,cloudy,4.31,9.3,20,1,none
18246,24,female,diploma,3rd year,phd,cold,0.05,7.95,33,1,none
18247,19,male,b.sc,1st year,post graduate,rainy,5.19,9.94,17,1,none
18249,23,male,ba,4th year,no formal,sunny,2.14,9.51,61,0,personal work
18250,20,male,nursing,2nd year,phd,cloudy,5.57,8.35,17,1,none
18252,22,female,b.sc,2nd year,post graduate,rainy,3.86,6.23,22,1,none
18253,19,male,bba,2nd year,high school,cold,5.93,7.9,31,0,festival
18255,21,male,pharmacy,2nd year,no formal,sunny,2.36,9.24,88,0,none
18256,20,female,b.tech,2nd year,phd,cloudy,2.23,5.69,50,0,festival
18257,19,male,nursing,1st year,graduate,rainy,0.57,6.3,8,0,no reason
18258,18,female,b.sc,3rd year,graduate,rainy,2.03,6.37,89,0,festival
18261,17,female,bba,4th year,post graduate,rainy,0.52,8.97,71,0,project work
18262,17,female,pharmacy,1st year,graduate,cloudy,5.15,5.15,56,1,none
18266,17,female,pharmacy,2nd year,high school,cold,1.06,4.5,22,1,none
18267,21,female,diploma,4th year,high school,rainy,2.19,9.54,47,0,no reason
18269,17,male,bca,4th year,graduate,sunny,5.33,6.54,71,1,none
18272,17,female,bba,3rd year,high school,hot,3.93,5.15,23,0,project work
18274,23,female,b.sc,2nd year,post graduate,rainy,2.79,7.31,83,0,project work
18276,23,female,b.com,3rd year,phd,hot,3.86,9.39,58,1,none
18277,19,male,b.com,4th year,post graduate,sunny,0.5,7.42,39,1,none
18280,21,male,bca,3rd year,post graduate,hot,5.4,8.25,23,1,none
18282,17,female,diploma,3rd year,graduate,rainy,1.3,6.31,30,0,travel
18284,22,male,pharmacy,1st year,high school,hot,4.51,5.91,7,1,none
18285,18,male,diploma,4th year,post graduate,cold,3.73,5.02,35,1,none
18286,17,male,nursing,4th year,high school,cold,4.9,9.59,12,1,none
18290,24,female,bba,3rd year,graduate,hot,0.73,7.03,5,1,none
18292,20,male,diploma,4th year,post graduate,cold,2.89,7.06,46,0,project work
18294,19,female,nursing,4th year,no formal,sunny,0.06,7.78,71,0,project work
18297,19,female,ba,1st year,high school,cold,2.63,6.47,44,0,travel
18298,18,male,nursing,3rd year,no formal,cold,3.32,9.61,89,1,none
18299,17,male,bba,2nd year,post graduate,rainy,5.43,4.67,39,1,none
18301,19,female,pharmacy,3rd year,graduate,cold,0.89,8.87,87,0,project work
18302,20,male,bba,3rd year,phd,sunny,0.15,8.17,17,0,travel
18304,22,female,b.com,1st year,graduate,cloudy,5.8,5.25,83,0,personal work
18305,21,male,b.tech,2nd year,graduate,cold,1.5,9.73,55,1,none
18307,24,female,b.com,4th year,graduate,cold,1.24,6.03,85,0,sick
18314,18,female,bba,4th year,graduate,hot,4.6,5.11,18,1,none
18317,18,male,pharmacy,3rd year,no formal,rainy,4.81,4.31,46,0,sick
18318,18,male,pharmacy,2nd year,post graduate,rainy,1.04,5.32,79,0,festival
18319,20,female,pharmacy,3rd year,post graduate,rainy,3.16,8.34,55,0,project work
18320,17,male,b.tech,1st year,post graduate,hot,3.78,6.07,34,1,none
18321,19,female,ba,4th year,no formal,cold,3.72,5.17,27,0,sick
18322,23,male,bba,2nd year,graduate,sunny,0.92,4.38,36,0,festival
18325,22,male,diploma,4th year,phd,cloudy,4.85,5.39,25,1,none
18327,21,male,bba,4th year,post graduate,sunny,0.77,4.13,86,0,sick
18331,20,female,b.sc,3rd year,no formal,sunny,2.26,4.72,23,0,no reason
18332,24,male,bca,2nd year,high school,cloudy,4.61,7.73,67,0,festival
18334,20,male,nursing,1st year,high school,cloudy,1.87,6.44,68,1,none
18335,17,female,pharmacy,3rd year,high school,cold,0.05,7.43,67,0,no reason
18336,24,male,nursing,2nd year,phd,cloudy,5.45,5.91,82,0,project work
18338,22,female,b.sc,2nd year,no formal,sunny,5.59,7.79,20,1,none
18339,19,female,pharmacy,2nd year,no formal,sunny,2.78,7.25,16,1,none
18340,19,male,b.tech,3rd year,graduate,hot,3.69,8.87,23,0,sick
18342,20,male,nursing,4th year,phd,cloudy,4.79,4.33,19,1,none
18345,17,male,bba,1st year,phd,cold,0.98,7.69,15,0,travel
18347,18,male,b.sc,3rd year,graduate,rainy,0.47,7.8,61,0,personal work
18350,24,male,b.tech,2nd year,high school,rainy,0.05,5.3,77,1,none
18351,24,male,b.com,4th year,phd,sunny,1.13,6.63,41,1,none
18352,17,male,ba,2nd year,graduate,cloudy,1.27,8.38,67,0,travel
18355,20,male,bba,3rd year,high school,rainy,0.76,8.18,21,1,none
18358,19,female,b.com,2nd year,phd,cloudy,1.34,6.6,56,0,travel
18359,17,male,bba,3rd year,phd,cloudy,5.1,7.78,24,1,none
18360,20,female,b.com,1st year,no formal,cloudy,2.32,9.9,15,1,none
18361,20,female,b.tech,2nd year,post graduate,hot,2.89,5.75,61,0,none
18363,17,female,diploma,4th year,graduate,hot,2.41,8.33,35,0,no reason
18364,21,male,bca,4th year,graduate,hot,2.72,9.73,72,1,none
18365,20,male,b.tech,4th year,phd,hot,1.69,6.2,29,0,none
18366,22,female,diploma,2nd year,phd,hot,2.98,9.28,51,0,project work
18367,24,female,bca,2nd year,post graduate,cold,2.35,5.67,32,0,none
18368,18,female,ba,3rd year,post graduate,rainy,1.3,6.11,71,0,festival
18370,18,male,b.tech,3rd year,no formal,cloudy,0.7,5.87,67,0,no reason
18372,20,female,b.sc,4th year,no formal,cold,1.06,6.81,36,1,none
18377,23,female,b.com,2nd year,graduate,rainy,3.99,4.14,70,1,none
18378,20,female,pharmacy,2nd year,graduate,hot,4.01,8.49,18,1,none
18379,22,female,bca,2nd year,no formal,hot,5.16,5.16,32,1,none
18380,21,male,b.sc,2nd year,high school,hot,0.6,9.15,6,1,none
18383,19,female,b.tech,4th year,high school,cold,3.77,4.79,84,0,festival
18385,21,female,diploma,3rd year,graduate,cloudy,0.88,9.28,8,1,none
18386,22,male,nursing,1st year,graduate,cold,0.7,6.39,38,0,no reason
18388,22,female,b.sc,4th year,phd,sunny,0.78,9.69,64,0,festival
18390,18,male,b.com,2nd year,post graduate,cold,5.12,7.98,67,1,none
18391,18,female,nursing,1st year,high school,sunny,1.58,6.41,10,1,none
18393,21,male,bba,3rd year,high school,sunny,2.85,5.66,21,0,travel
18395,18,female,ba,3rd year,post graduate,cold,3.77,9.15,50,1,none
18396,19,male,diploma,1st year,post graduate,hot,4.65,7.77,50,0,sick
18399,20,female,nursing,2nd year,high school,cold,2.15,4.28,82,0,no reason
18400,20,female,ba,3rd year,post graduate,sunny,3.3,6.36,74,1,none
18402,21,male,b.com,3rd year,no formal,hot,5.06,9.76,11,1,none
18403,24,female,pharmacy,3rd year,high school,rainy,3.29,9.75,10,1,none
18404,22,female,bba,3rd year,post graduate,hot,0.62,5.88,51,1,none
18405,20,male,bca,2nd year,post graduate,sunny,0.42,7.78,27,0,none
18406,19,male,bba,4th year,post graduate,rainy,1.57,7.52,52,0,travel
18407,19,female,b.com,1st year,post graduate,cold,5.86,4.68,56,1,none
18409,17,female,nursing,2nd year,post graduate,hot,5.22,9.94,60,1,none
18410,23,male,b.tech,2nd year,graduate,sunny,5.83,6.38,13,1,none
18412,24,male,b.sc,3rd year,no formal,cloudy,2.06,9.33,17,1,none
18413,22,male,pharmacy,1st year,post graduate,hot,5.59,8.28,28,0,sick
18414,24,male,bca,2nd year,post graduate,hot,0.85,9.15,88,1,none
18417,18,male,diploma,4th year,high school,rainy,5.17,8.9,72,0,sick
18418,18,female,bba,2nd year,high school,hot,2.15,9.55,85,0,personal work
18422,23,male,diploma,3rd year,post graduate,hot,0.84,6.96,58,0,personal work
18423,20,male,diploma,2nd year,no formal,rainy,1.43,7.89,19,1,none
18424,22,male,b.com,2nd year,no formal,cold,2.66,5.76,41,1,none
18426,20,female,bca,3rd year,graduate,cloudy,2.37,9.84,53,0,no reason
18427,17,female,ba,4th year,no formal,rainy,3.56,8.53,55,0,no reason
18428,17,female,pharmacy,4th year,post graduate,hot,3.39,6.66,75,0,none
18429,17,female,b.tech,4th year,no formal,cold,0.45,6.54,37,0,none
18430,23,male,b.sc,2nd year,post graduate,cloudy,1.83,4.26,8,1,none
18432,24,female,diploma,4th year,phd,sunny,3.29,6.9,41,1,none
18438,22,male,nursing,1st year,high school,cold,4.89,9.77,29,1,none
18439,18,male,pharmacy,1st year,graduate,cloudy,1.19,8.86,88,1,none
18441,24,male,b.tech,4th year,phd,cold,0.56,4.71,63,0,sick
18443,19,male,pharmacy,4th year,high school,hot,5.2,9.01,74,1,none
18445,19,female,b.tech,2nd year,phd,sunny,1.01,7.63,89,1,none
18446,17,male,diploma,2nd year,post graduate,sunny,0.05,5.13,61,0,no reason
18447,22,female,nursing,3rd year,phd,cloudy,3.84,6.94,60,0,festival
18448,20,male,b.sc,3rd year,phd,cloudy,4.27,7.04,64,0,travel
18449,17,male,bca,2nd year,post graduate,hot,4.26,5.56,54,1,none
18450,24,female,diploma,4th year,no formal,rainy,3.34,7.94,52,1,none
18451,23,female,pharmacy,3rd year,graduate,sunny,0.2,4.28,12,1,none
18452,24,male,bca,3rd year,graduate,sunny,2.72,8.16,47,1,none
18453,24,male,ba,2nd year,high school,cloudy,1.03,7.14,15,1,none
18454,17,female,pharmacy,3rd year,no formal,hot,1.94,4.85,41,1,none
18455,23,female,ba,2nd year,no formal,rainy,5.54,5.26,70,0,no reason
18456,23,female,bca,4th year,high school,sunny,2.29,4.71,89,0,project work
18458,19,female,bba,2nd year,no formal,hot,1.68,8.97,37,0,travel
18459,20,male,diploma,2nd year,phd,rainy,1.59,7.96,60,1,none
18462,22,male,ba,2nd year,no formal,cold,1.48,7.34,80,0,personal work
18465,21,female,diploma,1st year,no formal,hot,4.98,4.93,7,0,sick
18470,18,male,diploma,2nd year,high school,cloudy,4.25,5.37,88,1,none
18471,19,male,b.sc,1st year,no formal,cloudy,0.75,8.6,19,1,none
18472,19,female,bba,2nd year,no formal,cold,1.38,7.71,70,1,none
18474,18,female,pharmacy,2nd year,graduate,rainy,1.39,5.11,36,0,travel
18475,22,male,nursing,2nd year,graduate,rainy,0.99,4.3,48,1,none
18477,23,female,ba,1st year,no formal,sunny,4.52,5.28,76,0,personal work
18479,24,female,bba,4th year,no formal,cloudy,2.06,6.41,28,0,none
18482,24,female,ba,1st year,post graduate,hot,5.8,7.6,54,0,no reason
18484,21,male,b.sc,3rd year,high school,cold,5.74,9.91,13,1,none
18486,23,female,diploma,3rd year,no formal,cold,5.91,5.37,8,1,none
18488,24,male,b.com,4th year,post graduate,sunny,3.13,6.38,63,1,none
18489,19,female,nursing,3rd year,graduate,sunny,3.11,4.37,42,0,project work
18490,18,male,pharmacy,2nd year,no formal,sunny,3.12,9.08,47,1,none
18491,21,male,b.sc,2nd year,post graduate,cold,0.24,8.78,66,0,travel
18492,20,female,bba,2nd year,phd,cold,3.65,8.3,48,1,none
18493,20,male,nursing,1st year,post graduate,rainy,4.23,9.2,9,0,travel
18494,24,male,ba,1st year,phd,cloudy,5.35,5.93,77,0,project work
18495,19,female,ba,2nd year,post graduate,rainy,4.78,4.35,19,1,none
18498,18,male,b.tech,4th year,phd,cloudy,3.48,4.9,37,1,none
18499,23,male,b.tech,3rd year,post graduate,cold,5.63,8.87,20,1,none
18500,18,female,b.tech,4th year,high school,cloudy,0.49,4.76,41,0,none
18501,18,female,ba,3rd year,no formal,cloudy,2.23,5.61,77,0,project work
18502,17,male,b.com,3rd year,graduate,cold,3.6,7.33,75,1,none
18503,19,male,bba,4th year,no formal,cloudy,0.77,9.25,87,1,none
18504,21,male,b.com,3rd year,phd,sunny,4.41,9.39,19,0,personal work
18505,22,female,bca,4th year,post graduate,rainy,4.52,9.9,78,1,none
18506,24,female,b.com,1st year,phd,cloudy,3.41,4.36,69,0,travel
18507,23,female,nursing,4th year,high school,cloudy,0.75,9.25,74,1,none
18508,19,female,b.com,3rd year,graduate,sunny,5.03,6.33,41,1,none
18509,23,male,b.com,1st year,high school,cold,0.4,4.53,59,0,sick
18511,18,male,bca,1st year,no formal,cloudy,3.2,8.72,83,1,none
18512,19,female,b.tech,1st year,high school,rainy,3.02,7.26,68,0,travel
18513,21,male,b.sc,4th year,phd,cold,2.05,7.07,81,0,travel
18514,18,female,b.tech,4th year,post graduate,cloudy,3.28,5.98,54,1,none
18515,24,female,nursing,4th year,phd,cold,5.26,9.18,40,0,sick
18516,19,female,bca,1st year,post graduate,cloudy,2.34,4.51,69,1,none
18518,21,female,b.com,4th year,graduate,hot,5.33,6.4,83,1,none
18519,20,male,b.tech,4th year,high school,cold,1.65,8.43,51,0,project work
18520,20,female,bba,1st year,no formal,sunny,2.19,8.49,58,1,none
18521,24,female,b.tech,3rd year,high school,cloudy,0.4,5.25,47,0,festival
18523,17,female,nursing,1st year,high school,rainy,1.21,5.87,65,0,travel
18525,22,female,nursing,4th year,high school,rainy,5.86,8.11,36,1,none
18526,18,female,bba,1st year,post graduate,cloudy,0.57,5.75,72,0,personal work
18527,23,male,bca,4th year,high school,hot,1.84,6.59,79,1,none
18528,20,male,nursing,4th year,no formal,sunny,0.85,8.75,36,1,none
18529,18,male,bba,3rd year,post graduate,hot,4.34,7.04,82,0,sick
18530,18,female,b.com,1st year,no formal,rainy,2.69,6.91,69,0,travel
18532,18,male,nursing,3rd year,graduate,sunny,4.83,7.64,77,0,travel
18535,23,female,pharmacy,3rd year,high school,hot,0.75,4.58,9,1,none
18536,20,male,b.sc,2nd year,graduate,rainy,2.23,7.94,58,0,no reason
18537,24,female,nursing,2nd year,post graduate,sunny,0.21,7.09,51,1,none
18539,23,male,nursing,3rd year,high school,rainy,5.49,7.64,12,1,none
18540,19,female,pharmacy,2nd year,phd,hot,1.81,9.38,70,1,none
18541,17,male,nursing,3rd year,no formal,hot,3.71,6.85,20,1,none
18542,22,female,ba,2nd year,post graduate,sunny,4.65,7.81,63,0,personal work
18543,23,male,pharmacy,1st year,no formal,cold,2.03,9.31,9,1,none
18544,24,male,bba,1st year,high school,hot,0.87,8.16,44,0,project work
18547,21,male,pharmacy,1st year,no formal,hot,0.36,9.22,6,0,project work
18548,22,female,b.com,3rd year,phd,cloudy,0.71,7.41,30,0,project work
18549,21,male,b.com,3rd year,no formal,sunny,5.77,9.94,32,1,none
18550,17,female,bca,1st year,no formal,sunny,3.37,7.3,32,1,none
18551,17,male,ba,2nd year,post graduate,sunny,1.44,5.34,60,1,none
18553,23,male,ba,3rd year,high school,rainy,5.93,9.77,55,1,none
18554,18,female,b.sc,3rd year,phd,cold,3.16,4.13,60,0,sick
18555,17,female,b.com,3rd year,phd,rainy,0.71,5.59,7,1,none
18556,20,male,bca,2nd year,no formal,sunny,1.24,8.3,41,0,none
18557,19,female,ba,1st year,graduate,sunny,4.57,9.94,54,1,none
18558,24,male,b.tech,4th year,phd,hot,4.03,8.95,83,1,none
18559,24,female,bba,4th year,no formal,rainy,2.82,4.99,37,0,sick
18560,21,female,nursing,4th year,graduate,rainy,1.88,4.18,8,0,project work
18561,24,female,b.sc,3rd year,no formal,cold,4.34,4.06,20,1,none
18562,18,female,b.com,2nd year,no formal,sunny,1.42,6.11,33,0,sick
18563,24,female,ba,3rd year,phd,cold,2.22,6.14,21,0,project work
18566,17,male,nursing,3rd year,high school,hot,2.99,9.64,35,1,none
18567,18,male,diploma,3rd year,high school,sunny,1.0,6.33,76,1,none
18568,18,male,pharmacy,4th year,phd,rainy,0.07,5.11,57,1,none
18569,20,male,bca,3rd year,high school,sunny,2.5,8.61,45,0,no reason
18572,21,female,b.tech,4th year,no formal,cloudy,0.68,9.14,77,0,travel
18574,17,female,b.com,3rd year,high school,rainy,4.09,9.8,21,0,sick
18575,21,female,diploma,3rd year,post graduate,sunny,0.35,7.79,32,0,no reason
18577,20,male,b.com,4th year,high school,rainy,1.32,6.54,83,0,sick
18578,18,male,bba,3rd year,graduate,sunny,5.93,5.1,39,0,project work
18579,17,male,bba,4th year,no formal,cloudy,2.27,4.54,57,0,no reason
18580,24,male,diploma,3rd year,graduate,sunny,0.62,9.29,55,1,none
18581,20,male,bba,4th year,no formal,cold,4.68,4.57,22,1,none
18584,23,female,bca,4th year,post graduate,cloudy,0.69,9.38,83,0,sick
18585,22,female,pharmacy,3rd year,phd,cold,5.08,6.47,18,1,none
18586,17,male,ba,2nd year,no formal,cloudy,2.4,7.9,54,0,none
18587,17,male,b.tech,1st year,post graduate,sunny,5.91,5.6,30,0,project work
18588,18,female,b.sc,2nd year,graduate,cold,1.89,4.31,52,0,none
18589,18,male,pharmacy,3rd year,no formal,cold,0.67,4.71,66,0,travel
18591,20,male,b.tech,3rd year,post graduate,rainy,0.92,4.26,7,0,festival
18593,17,male,diploma,3rd year,no formal,rainy,4.62,9.35,21,0,project work
18594,22,male,bca,3rd year,no formal,cold,4.91,5.88,36,1,none
18595,24,female,b.com,4th year,graduate,cold,4.09,9.08,42,1,none
18596,18,male,diploma,4th year,post graduate,cloudy,4.73,5.04,58,0,travel
18597,22,female,pharmacy,4th year,no formal,cloudy,2.68,4.09,64,0,personal work
18598,21,male,pharmacy,3rd year,high school,hot,1.22,8.47,69,0,personal work
18600,19,female,ba,4th year,post graduate,hot,3.74,7.84,88,0,festival
18602,23,female,ba,2nd year,high school,hot,1.19,7.6,13,1,none
18604,17,female,bca,3rd year,high school,cold,5.66,7.6,15,1,none
18611,20,male,pharmacy,2nd year,post graduate,sunny,5.3,8.64,20,1,none
18612,21,male,pharmacy,4th year,phd,rainy,1.12,4.74,57,0,travel
18613,23,male,bca,1st year,high school,hot,4.91,8.63,7,1,none
18614,21,female,ba,2nd year,post graduate,rainy,1.57,6.37,33,0,no reason
18615,24,male,b.tech,2nd year,high school,hot,4.66,5.29,65,1,none
18616,21,male,bca,1st year,phd,hot,1.99,6.56,59,1,none
18617,19,female,bba,1st year,high school,cold,5.93,7.46,10,1,none
18618,24,male,diploma,1st year,post graduate,cold,4.14,8.29,83,1,none
18621,18,male,nursing,3rd year,graduate,rainy,4.16,8.13,49,1,none
18622,22,female,ba,4th year,graduate,rainy,5.12,9.36,85,0,sick
18624,17,male,bba,2nd year,high school,cold,1.71,7.79,16,1,none
18626,24,female,diploma,1st year,no formal,sunny,0.75,7.76,51,1,none
18627,21,female,b.com,1st year,graduate,hot,2.21,7.64,32,1,none
18628,23,male,b.tech,1st year,high school,cloudy,5.22,4.97,16,1,none
18629,18,female,pharmacy,2nd year,graduate,cloudy,3.55,6.65,8,0,travel
18630,18,female,b.com,2nd year,graduate,hot,5.0,9.26,7,1,none
18631,24,male,b.tech,3rd year,post graduate,hot,5.47,5.44,47,1,none
18633,24,female,diploma,3rd year,phd,hot,2.43,6.76,60,1,none
18635,19,male,bba,2nd year,no formal,cloudy,4.1,8.88,8,1,none
18637,23,female,nursing,3rd year,graduate,cloudy,3.4,5.73,42,1,none
18638,18,female,ba,1st year,phd,cloudy,4.85,5.83,36,1,none
18639,17,male,b.sc,2nd year,phd,rainy,3.38,8.07,26,1,none
18641,22,male,nursing,2nd year,graduate,sunny,1.09,9.71,34,0,travel
18643,19,female,pharmacy,2nd year,post graduate,cold,1.63,6.81,72,0,travel
18644,20,female,diploma,4th year,post graduate,cold,3.72,4.22,68,1,none
18645,18,female,b.sc,1st year,graduate,hot,3.0,5.95,50,0,no reason
18646,19,male,b.com,3rd year,high school,cold,5.71,7.34,14,1,none
18647,22,female,b.com,4th year,phd,sunny,0.59,7.85,22,0,no reason
18648,24,male,bba,4th year,graduate,cloudy,1.74,9.0,37,1,none
18650,22,female,diploma,2nd year,no formal,hot,3.17,7.2,52,1,none
18651,21,male,ba,1st year,graduate,hot,1.1,9.21,88,0,festival
18652,20,male,diploma,2nd year,graduate,rainy,2.61,9.64,42,0,festival
18654,24,male,ba,1st year,no formal,cloudy,5.06,7.41,48,1,none
18655,17,male,nursing,3rd year,graduate,sunny,1.23,8.43,11,0,project work
18656,21,male,b.tech,4th year,post graduate,hot,1.65,6.33,86,0,no reason
18657,17,male,b.com,2nd year,high school,cloudy,0.53,9.65,37,0,no reason
18658,24,male,b.sc,4th year,phd,sunny,0.47,6.29,80,1,none
18660,17,male,b.sc,4th year,no formal,hot,1.09,4.12,69,0,no reason
18663,17,female,bca,1st year,graduate,cold,4.38,4.19,11,0,travel
18664,24,male,ba,1st year,no formal,cloudy,2.66,5.28,67,1,none
18666,17,male,b.sc,3rd year,post graduate,cold,5.84,7.79,78,0,none
18667,21,female,diploma,4th year,no formal,sunny,2.64,6.9,64,1,none
18668,20,male,diploma,3rd year,phd,hot,1.46,8.74,65,1,none
18670,18,female,nursing,4th year,graduate,cold,2.19,5.33,87,0,project work
18671,23,male,nursing,1st year,post graduate,sunny,0.44,8.34,6,1,none
18672,20,female,nursing,1st year,graduate,cold,1.66,6.75,24,0,none
18676,17,male,b.tech,3rd year,post graduate,rainy,1.13,7.42,35,0,festival
18678,22,female,b.sc,1st year,high school,hot,5.9,5.19,74,1,none
18680,18,female,b.com,2nd year,no formal,sunny,2.56,4.06,41,0,sick
18681,17,female,b.com,1st year,phd,cloudy,4.68,8.22,72,1,none
18682,23,male,nursing,1st year,phd,rainy,0.83,7.31,17,0,sick
18683,17,female,pharmacy,4th year,high school,rainy,3.45,9.05,61,0,no reason
18684,21,male,b.sc,4th year,phd,hot,1.31,8.04,23,1,none
18685,23,female,ba,4th year,graduate,rainy,0.24,9.69,80,0,project work
18686,19,female,bba,4th year,high school,rainy,3.72,4.79,51,1,none
18688,22,female,b.com,1st year,no formal,cloudy,4.79,6.02,40,0,travel
18689,22,female,diploma,3rd year,no formal,hot,2.49,7.98,7,0,sick
18690,17,male,ba,3rd year,graduate,cloudy,0.05,7.96,31,1,none
18691,21,female,diploma,1st year,phd,cloudy,1.82,8.91,32,0,travel
18692,17,female,b.tech,4th year,high school,hot,5.01,8.13,78,1,none
18694,19,male,b.com,3rd year,phd,sunny,2.09,4.57,75,0,none
18695,23,male,b.com,3rd year,graduate,sunny,1.59,7.0,6,0,project work
18696,24,female,bba,4th year,no formal,sunny,3.8,5.08,25,0,festival
18700,17,female,pharmacy,4th year,graduate,rainy,5.4,4.4,29,0,travel
18701,23,male,ba,2nd year,phd,cold,0.05,8.75,89,0,travel
18702,20,female,bba,4th year,graduate,hot,2.81,8.17,35,1,none
18703,21,male,b.sc,1st year,no formal,cold,4.29,5.08,67,0,project work
18706,22,female,diploma,2nd year,no formal,sunny,3.29,4.43,60,1,none
18707,22,male,pharmacy,3rd year,no formal,sunny,2.96,4.29,28,0,project work
18708,18,male,pharmacy,4th year,graduate,cold,5.18,4.94,89,1,none
18710,18,male,b.com,1st year,post graduate,cloudy,4.56,6.91,54,0,personal work
18711,19,male,b.com,4th year,no formal,cold,2.29,5.15,63,1,none
18712,23,female,bba,1st year,no formal,hot,4.17,4.72,87,1,none
18713,24,male,pharmacy,2nd year,high school,rainy,5.37,9.9,63,0,project work
18715,22,male,bca,4th year,no formal,rainy,1.54,9.07,17,1,none
18718,23,male,bba,1st year,no formal,cold,3.56,7.58,13,1,none
18719,17,female,pharmacy,4th year,no formal,cold,2.64,6.94,17,1,none
18724,17,male,bba,3rd year,post graduate,cloudy,4.81,5.17,87,1,none
18725,22,female,ba,4th year,post graduate,cloudy,4.92,5.42,66,1,none
18727,21,male,pharmacy,2nd year,post graduate,cold,1.44,9.02,12,0,sick
18728,17,male,b.tech,4th year,post graduate,sunny,0.15,9.94,83,1,none
18729,23,male,diploma,4th year,no formal,cold,3.19,4.9,66,0,festival
18732,20,male,bca,1st year,post graduate,cold,2.71,5.22,31,1,none
18733,22,male,bca,1st year,post graduate,rainy,0.56,4.45,49,0,project work
18734,20,female,ba,3rd year,graduate,rainy,3.2,8.14,74,1,none
18739,23,female,b.tech,3rd year,no formal,cold,3.02,7.5,11,1,none
18740,18,male,pharmacy,4th year,no formal,cloudy,1.83,9.94,85,1,none
18741,24,female,bca,2nd year,high school,rainy,0.92,5.86,28,0,sick
18742,24,female,ba,2nd year,post graduate,hot,1.07,5.53,36,0,project work
18744,17,female,pharmacy,4th year,post graduate,hot,3.84,6.58,88,0,no reason
18746,18,male,bca,1st year,post graduate,sunny,1.46,6.45,36,0,festival
18748,21,female,b.com,3rd year,no formal,cloudy,4.84,4.13,21,1,none
18749,21,female,b.com,1st year,graduate,cold,5.23,7.69,51,1,none
18751,18,female,b.com,2nd year,post graduate,hot,2.89,7.12,74,0,sick
18752,21,male,b.tech,4th year,phd,sunny,0.76,8.74,77,1,none
18753,24,female,bba,1st year,post graduate,hot,4.91,7.75,73,1,none
18756,18,female,bca,3rd year,graduate,rainy,4.5,8.92,42,0,no reason
18757,19,female,pharmacy,3rd year,phd,rainy,4.76,9.54,48,0,none
18758,18,male,bca,3rd year,no formal,cloudy,2.9,6.2,56,1,none
18760,23,female,bca,4th year,phd,rainy,1.49,4.23,19,1,none
18761,20,male,bca,4th year,high school,sunny,1.19,5.88,77,0,no reason
18764,24,male,b.tech,1st year,high school,hot,4.58,7.56,51,1,none
18765,20,female,diploma,3rd year,graduate,hot,2.26,5.65,59,0,sick
18768,17,male,ba,4th year,no formal,hot,2.34,9.01,43,0,personal work
18769,20,male,ba,2nd year,post graduate,cold,3.49,7.41,46,1,none
18773,24,female,ba,1st year,phd,rainy,5.34,4.53,73,0,none
18775,23,female,b.com,3rd year,graduate,hot,0.1,4.75,44,1,none
18777,18,male,bba,1st year,phd,cloudy,1.32,4.7,82,0,personal work
18778,24,male,b.sc,4th year,graduate,cold,4.8,7.77,83,0,festival
18779,17,male,b.sc,2nd year,post graduate,cloudy,4.12,5.37,82,1,none
18780,19,male,b.tech,3rd year,phd,cloudy,2.94,4.26,78,1,none
18781,22,male,bca,3rd year,high school,rainy,2.49,5.86,36,0,none
18782,20,female,nursing,4th year,no formal,sunny,1.32,6.83,37,1,none
18783,23,male,pharmacy,1st year,phd,sunny,2.29,9.76,50,1,none
18784,19,female,bca,3rd year,no formal,sunny,1.25,6.06,77,1,none
18785,21,female,pharmacy,1st year,graduate,sunny,2.17,9.7,41,0,project work
18786,18,male,pharmacy,1st year,post graduate,cloudy,1.64,5.1,27,0,travel
18787,18,female,bca,2nd year,post graduate,rainy,5.83,8.77,57,1,none
18789,22,female,nursing,2nd year,high school,rainy,4.07,6.14,39,0,project work
18790,18,male,bca,3rd year,post graduate,rainy,0.46,8.38,23,0,project work
18792,19,female,b.com,1st year,graduate,sunny,3.69,9.63,81,0,sick
18793,21,female,pharmacy,3rd year,post graduate,hot,2.14,6.43,67,0,no reason
18794,23,male,ba,4th year,phd,cold,4.03,6.6,60,0,none
18795,23,male,nursing,4th year,post graduate,hot,0.23,5.29,40,0,personal work
18796,17,male,ba,3rd year,no formal,rainy,4.98,4.92,57,0,none
18798,24,male,diploma,3rd year,graduate,cloudy,2.17,9.06,63,1,none
18799,22,female,b.com,1st year,post graduate,rainy,3.94,7.74,49,0,travel
18801,22,female,b.sc,4th year,high school,rainy,2.9,5.49,63,0,personal work
18802,22,male,ba,1st year,post graduate,sunny,5.84,5.7,52,0,travel
18804,20,male,bba,3rd year,phd,cold,2.55,9.0,6,1,none
18807,20,female,pharmacy,3rd year,phd,hot,4.17,6.9,71,1,none
18808,23,male,nursing,4th year,high school,cloudy,2.65,8.35,52,1,none
18809,22,female,pharmacy,2nd year,phd,sunny,3.32,5.95,45,1,none
18810,19,male,bca,2nd year,graduate,cold,4.36,7.3,77,1,none
18815,18,male,bba,1st year,post graduate,hot,1.69,4.16,22,1,none
18816,20,male,pharmacy,2nd year,graduate,sunny,0.05,8.73,53,0,personal work
18817,22,female,bba,2nd year,high school,cold,4.73,4.11,75,0,festival
18818,24,female,bca,4th year,no formal,sunny,0.54,5.16,25,1,none
18820,22,female,b.sc,4th year,graduate,hot,5.46,8.25,53,1,none
18822,22,female,diploma,1st year,high school,cloudy,2.89,5.97,84,1,none
18823,19,male,nursing,1st year,graduate,hot,2.15,9.69,12,1,none
18824,17,male,bca,2nd year,phd,cloudy,1.45,6.95,48,0,no reason
18825,18,female,bca,1st year,high school,cloudy,0.27,4.9,65,0,none
18826,21,male,b.tech,4th year,no formal,cold,2.33,4.14,22,0,no reason
18827,24,female,b.sc,4th year,no formal,hot,2.93,5.45,11,0,sick
18828,20,female,diploma,2nd year,phd,cloudy,1.35,7.34,11,1,none
18829,23,male,bca,4th year,post graduate,cold,1.85,9.36,55,1,none
18830,23,female,b.sc,1st year,no formal,hot,3.63,7.01,75,1,none
18832,23,male,b.tech,4th year,high school,cloudy,5.78,5.91,58,1,none
18833,20,female,nursing,4th year,graduate,rainy,0.58,8.68,55,1,none
18835,22,male,nursing,4th year,graduate,hot,2.84,5.7,30,1,none
18837,21,female,b.com,4th year,post graduate,rainy,5.52,5.72,74,0,personal work
18838,20,male,pharmacy,4th year,post graduate,cloudy,2.02,4.08,73,0,sick
18840,17,female,ba,4th year,post graduate,cold,5.27,9.17,34,1,none
18842,20,female,b.tech,4th year,graduate,cold,4.65,7.02,75,1,none
18846,20,female,pharmacy,2nd year,graduate,rainy,4.99,9.39,49,1,none
18848,19,male,b.com,2nd year,high school,rainy,0.05,4.78,31,0,personal work
18849,21,female,pharmacy,2nd year,phd,sunny,2.07,9.86,32,1,none
18850,24,female,bba,2nd year,phd,hot,1.67,6.24,74,0,none
18851,23,male,b.tech,3rd year,no formal,cloudy,3.44,4.19,54,1,none
18855,20,female,nursing,2nd year,phd,rainy,3.1,6.52,33,0,no reason
18856,18,female,pharmacy,2nd year,post graduate,cold,0.26,6.8,76,1,none
18857,22,female,pharmacy,3rd year,post graduate,sunny,2.93,4.7,87,1,none
18860,19,male,bca,1st year,no formal,cloudy,5.52,5.03,82,0,personal work
18861,20,female,b.sc,2nd year,graduate,cloudy,5.71,5.0,12,1,none
18862,22,male,diploma,4th year,graduate,hot,4.25,8.63,63,1,none
18864,23,female,nursing,4th year,high school,hot,2.31,4.65,63,0,personal work
18865,21,female,pharmacy,1st year,no formal,cloudy,2.94,8.18,56,0,festival
18866,22,male,b.com,2nd year,no formal,cold,2.24,8.49,48,1,none
18867,20,male,b.com,3rd year,no formal,rainy,3.5,4.49,18,1,none
18870,18,female,ba,4th year,no formal,cloudy,5.86,6.73,19,1,none
18872,24,female,nursing,3rd year,phd,cloudy,3.54,8.52,10,1,none
18873,19,female,bba,1st year,graduate,cloudy,4.2,8.05,43,0,sick
18874,21,male,bca,4th year,graduate,cloudy,3.49,5.33,50,1,none
18875,23,female,bca,3rd year,phd,sunny,4.28,9.8,12,1,none
18876,19,male,pharmacy,2nd year,phd,hot,1.54,5.13,34,1,none
18877,21,male,pharmacy,2nd year,high school,hot,5.34,5.53,83,1,none
18878,21,female,ba,3rd year,post graduate,cloudy,2.4,7.09,9,1,none
18879,18,male,ba,1st year,high school,sunny,3.39,7.29,32,1,none
18881,21,male,b.com,4th year,no formal,hot,2.44,7.88,32,1,none
18883,24,male,b.com,3rd year,phd,cold,3.59,5.23,71,0,travel
18885,22,female,bca,3rd year,no formal,cold,0.81,8.62,10,0,festival
18887,19,female,b.sc,3rd year,high school,cold,5.65,6.46,37,0,none
18888,20,female,b.tech,1st year,high school,hot,4.76,9.14,80,0,sick
18889,22,male,b.sc,2nd year,phd,cloudy,2.56,4.38,37,0,personal work
18890,20,female,pharmacy,3rd year,phd,cloudy,5.41,8.85,49,1,none
18891,19,female,b.com,1st year,graduate,hot,1.14,8.81,22,0,festival
18893,21,male,bba,2nd year,high school,sunny,5.93,9.22,57,1,none
18894,22,male,b.com,4th year,high school,hot,3.18,6.25,23,0,none
18895,21,male,nursing,4th year,post graduate,cold,5.69,4.3,21,1,none
18896,19,male,b.tech,2nd year,phd,cloudy,3.25,9.63,30,1,none
18898,20,male,ba,1st year,graduate,sunny,4.35,9.23,19,0,personal work
18900,18,male,b.sc,2nd year,high school,sunny,2.77,9.38,20,0,none
18902,19,female,nursing,4th year,graduate,sunny,1.31,6.44,41,0,sick
18903,19,male,diploma,1st year,phd,sunny,2.54,6.85,41,1,none
18904,21,female,bba,2nd year,graduate,sunny,4.31,9.74,7,0,travel
18907,22,male,b.tech,3rd year,post graduate,hot,5.85,4.06,83,1,none
18908,17,female,diploma,3rd year,graduate,cloudy,4.02,9.22,33,1,none
18909,21,female,bba,3rd year,high school,cloudy,2.99,6.06,16,0,no reason
18910,17,female,ba,3rd year,graduate,cloudy,5.48,7.03,24,1,none
18912,21,female,bca,2nd year,no formal,rainy,2.44,7.77,20,0,sick
18913,18,female,bba,2nd year,phd,rainy,4.22,7.12,81,1,none
18914,17,female,diploma,4th year,phd,hot,3.05,6.1,36,0,travel
18918,20,male,b.com,3rd year,graduate,cold,2.58,7.76,33,1,none
18919,24,male,b.sc,2nd year,phd,sunny,1.81,4.15,67,0,sick
18920,20,male,bca,1st year,no formal,rainy,1.79,5.3,63,1,none
18921,24,male,nursing,1st year,phd,hot,5.48,5.8,23,0,festival
18924,17,male,ba,4th year,phd,hot,0.07,7.73,80,0,no reason
18925,19,female,nursing,1st year,post graduate,cloudy,4.95,5.05,21,0,travel
18926,18,male,b.com,4th year,phd,sunny,5.86,6.34,11,1,none
18927,18,male,b.sc,4th year,phd,rainy,1.86,4.8,52,1,none
18928,20,female,bba,4th year,no formal,cold,4.5,6.24,55,0,none
18929,24,male,bba,1st year,high school,cloudy,4.94,5.03,57,0,project work
18932,24,female,bca,3rd year,graduate,cloudy,2.31,5.92,14,1,none
18933,18,male,bca,3rd year,no formal,hot,1.32,5.77,72,1,none
18934,23,female,b.sc,4th year,post graduate,hot,3.22,9.32,45,1,none
18936,24,male,b.com,2nd year,graduate,hot,3.09,7.42,58,1,none
18938,21,male,bba,4th year,high school,rainy,0.75,4.85,88,0,travel
18939,18,male,b.com,1st year,phd,rainy,1.77,8.93,26,1,none
18940,21,female,b.sc,1st year,post graduate,sunny,5.21,9.86,63,0,none
18941,22,female,pharmacy,2nd year,no formal,cloudy,5.83,5.55,41,1,none
18942,24,male,diploma,3rd year,high school,sunny,3.77,4.95,44,0,festival
18945,17,female,b.sc,4th year,post graduate,sunny,0.56,7.96,63,0,no reason
18946,23,female,nursing,4th year,post graduate,cold,4.46,7.76,53,1,none
18947,17,male,nursing,2nd year,phd,hot,0.47,5.56,13,1,none
18948,24,female,nursing,2nd year,no formal,hot,1.77,9.68,47,0,none
18949,19,male,bba,3rd year,graduate,hot,0.23,8.96,40,1,none
18950,19,male,b.sc,4th year,high school,cold,5.81,7.83,9,1,none
18952,22,female,bba,2nd year,post graduate,cloudy,4.33,8.83,81,0,travel
18954,24,male,ba,1st year,no formal,cloudy,2.92,5.52,42,1,none
18955,23,female,b.tech,4th year,post graduate,rainy,5.79,6.46,46,0,festival
18956,22,male,bba,3rd year,phd,sunny,4.94,9.5,26,1,none
18957,19,male,b.sc,2nd year,graduate,rainy,0.93,5.59,68,0,no reason
18959,22,female,diploma,2nd year,high school,rainy,4.5,7.79,30,0,no reason
18960,24,female,bca,3rd year,post graduate,hot,0.16,6.7,8,1,none
18963,19,male,pharmacy,4th year,no formal,rainy,0.42,5.61,72,0,none
18964,24,female,bca,3rd year,no formal,cloudy,2.15,6.35,11,1,none
18966,17,male,pharmacy,1st year,post graduate,hot,0.72,7.89,43,0,travel
18968,21,female,b.sc,1st year,graduate,sunny,0.77,4.16,55,0,project work
18969,22,male,nursing,2nd year,graduate,hot,0.83,7.93,27,1,none
18972,24,male,b.com,3rd year,high school,cloudy,4.2,7.77,5,1,none
18975,21,female,pharmacy,3rd year,graduate,rainy,0.89,7.6,9,0,none
18976,18,female,b.sc,2nd year,graduate,cloudy,5.11,6.8,48,1,none
18977,24,male,ba,4th year,phd,cloudy,1.23,8.62,54,0,personal work
18978,23,female,bca,3rd year,graduate,cold,0.51,6.9,24,1,none
18981,20,female,bca,3rd year,high school,rainy,3.61,6.27,21,1,none
18982,20,male,bca,4th year,no formal,cold,2.59,8.3,54,1,none
18985,24,male,bca,1st year,no formal,cold,2.8,9.94,9,1,none
18987,21,male,pharmacy,3rd year,post graduate,cold,4.35,8.55,28,1,none
18990,18,female,bba,3rd year,no formal,rainy,1.6,4.28,70,0,festival
18991,18,female,b.sc,1st year,graduate,cold,2.79,5.98,86,0,none
18992,23,male,bba,3rd year,graduate,cold,2.0,6.07,71,1,none
18993,17,male,b.sc,2nd year,post graduate,sunny,2.51,9.43,65,1,none
18994,21,male,b.sc,4th year,high school,rainy,2.25,8.49,39,1,none
18996,23,female,b.com,2nd year,high school,hot,5.27,4.4,89,0,none
18997,24,male,b.sc,1st year,post graduate,cloudy,4.71,5.46,56,0,travel
18998,20,female,b.tech,3rd year,no formal,cold,4.02,8.59,52,1,none
19000,20,female,b.tech,3rd year,graduate,cloudy,2.38,6.24,22,0,personal work
19002,22,male,b.tech,4th year,high school,hot,1.96,5.92,6,1,none
19003,22,male,bca,2nd year,graduate,cold,0.52,6.97,20,0,sick
19004,21,female,b.sc,3rd year,graduate,cold,4.92,7.6,83,1,none
19005,22,female,bca,3rd year,high school,cloudy,4.48,4.65,68,1,none
19008,24,male,bca,3rd year,post graduate,cloudy,0.15,7.51,9,0,travel
19010,23,male,b.sc,2nd year,high school,sunny,0.87,8.83,82,1,none
19011,22,female,bca,2nd year,graduate,rainy,1.37,8.41,15,0,festival
19014,22,male,b.sc,3rd year,graduate,sunny,1.93,8.19,73,0,no reason
19015,18,female,b.com,1st year,graduate,cold,3.74,6.73,36,1,none
19017,22,male,bca,4th year,phd,cloudy,5.93,9.2,21,1,none
19019,17,female,ba,3rd year,high school,cold,4.88,6.86,56,0,project work
19020,18,male,b.com,2nd year,graduate,cold,1.65,5.02,14,0,personal work
19021,21,male,b.sc,4th year,high school,rainy,1.03,4.13,77,0,personal work
19023,20,female,bba,2nd year,graduate,sunny,5.91,7.25,45,1,none
19025,19,female,b.com,4th year,graduate,rainy,3.15,5.48,76,0,project work
19026,17,female,b.tech,2nd year,graduate,cold,3.25,5.91,52,0,personal work
19029,18,male,b.tech,1st year,graduate,rainy,4.65,8.03,15,0,festival
19031,24,male,nursing,3rd year,no formal,hot,3.25,8.08,49,1,none
19033,24,male,bba,1st year,graduate,cloudy,0.85,7.2,89,0,no reason
19034,20,female,diploma,4th year,post graduate,hot,5.65,8.16,69,1,none
19035,19,male,b.tech,4th year,post graduate,cloudy,1.09,6.26,69,1,none
19039,18,female,pharmacy,4th year,phd,sunny,5.42,9.79,43,1,none
19041,24,male,bba,2nd year,no formal,rainy,5.01,4.73,49,0,festival
19042,23,female,bca,2nd year,high school,hot,2.07,8.77,15,1,none
19044,23,female,bba,1st year,high school,cloudy,3.54,6.82,73,0,project work
19045,17,male,nursing,3rd year,high school,sunny,5.32,6.07,48,1,none
19046,23,female,ba,2nd year,no formal,cold,3.36,6.29,74,1,none
19047,21,female,b.com,3rd year,phd,rainy,3.96,8.71,42,1,none
19050,24,female,b.tech,4th year,graduate,cold,0.36,9.54,36,1,none
19052,17,male,b.com,3rd year,graduate,rainy,4.85,9.22,53,1,none
19053,21,male,nursing,3rd year,graduate,sunny,5.72,8.9,55,0,none
19054,17,female,nursing,3rd year,graduate,cold,3.29,9.24,25,1,none
19057,23,female,pharmacy,2nd year,graduate,cloudy,2.45,4.99,6,0,festival
19058,17,male,diploma,2nd year,high school,hot,3.4,9.27,65,1,none
19060,20,female,pharmacy,3rd year,post graduate,rainy,2.64,6.92,44,1,none
19061,21,male,nursing,3rd year,graduate,sunny,5.37,6.49,52,1,none
19062,17,female,bba,2nd year,graduate,rainy,4.74,9.21,11,1,none
19064,20,male,bca,2nd year,high school,cold,4.43,7.78,19,1,none
19065,24,female,bba,4th year,no formal,cloudy,0.18,7.05,84,1,none
19066,19,male,ba,4th year,high school,cloudy,2.33,5.0,18,0,festival
19068,17,male,diploma,4th year,phd,cloudy,2.56,6.06,58,1,none
19072,20,female,b.tech,2nd year,post graduate,sunny,4.66,8.79,59,0,project work
19074,19,male,b.sc,2nd year,no formal,sunny,0.95,7.71,65,0,project work
19075,18,male,b.tech,2nd year,phd,sunny,2.59,4.74,27,0,sick
19076,18,male,b.sc,4th year,graduate,sunny,0.48,8.76,39,1,none
19077,22,male,b.sc,1st year,graduate,hot,3.69,8.8,30,1,none
19078,18,female,ba,1st year,high school,rainy,4.0,9.61,62,1,none
19079,17,female,b.com,4th year,no formal,cold,1.6,6.3,29,1,none
19081,24,male,nursing,4th year,graduate,hot,1.46,9.67,84,1,none
19082,23,female,nursing,2nd year,high school,rainy,4.12,9.31,38,1,none
19084,19,male,ba,2nd year,phd,cloudy,0.26,4.44,8,0,no reason
19086,20,female,pharmacy,3rd year,post graduate,cold,2.38,4.54,25,0,travel
19087,21,female,nursing,4th year,post graduate,sunny,4.04,8.98,7,1,none
19088,17,male,bba,1st year,no formal,cold,5.3,9.27,45,1,none
19089,21,male,pharmacy,2nd year,post graduate,cold,2.38,5.53,84,1,none
19092,19,female,b.tech,2nd year,no formal,cloudy,3.69,6.42,40,0,no reason
19093,22,female,bca,4th year,no formal,rainy,0.61,5.54,87,0,personal work
19094,24,female,b.com,1st year,phd,cloudy,4.0,4.43,85,0,sick
19095,22,female,bca,1st year,post graduate,cold,0.83,6.38,77,0,no reason
19097,21,female,b.tech,1st year,phd,sunny,1.28,7.52,19,1,none
19098,21,male,bba,1st year,phd,cold,4.92,5.88,6,0,travel
19099,18,male,bba,3rd year,high school,cold,4.05,8.67,50,0,none
19102,18,male,pharmacy,1st year,high school,rainy,4.05,4.67,75,0,no reason
19103,17,male,b.tech,4th year,no formal,rainy,1.87,9.43,34,0,personal work
19104,18,male,b.sc,3rd year,post graduate,cold,4.82,8.55,26,1,none
19105,22,female,b.sc,3rd year,graduate,cold,1.54,7.3,69,0,project work
19106,17,female,ba,1st year,high school,rainy,5.92,4.59,40,0,project work
19107,17,male,bca,4th year,high school,sunny,2.14,7.16,34,1,none
19108,22,male,b.com,1st year,graduate,cloudy,1.4,6.4,28,0,travel
19109,18,male,nursing,3rd year,high school,cold,1.91,8.96,37,0,none
19110,17,female,b.com,1st year,no formal,sunny,5.48,9.27,27,1,none
19111,17,male,b.com,3rd year,post graduate,cloudy,5.89,9.29,55,1,none
19112,22,female,bca,2nd year,high school,cloudy,4.44,4.12,19,0,no reason
19113,19,male,nursing,1st year,graduate,cold,5.14,7.47,24,1,none
19116,18,female,ba,2nd year,graduate,sunny,1.79,6.12,16,1,none
19118,20,female,ba,2nd year,graduate,cloudy,1.88,5.7,55,0,no reason
19119,22,male,pharmacy,1st year,graduate,sunny,3.75,7.82,79,0,sick
19120,21,male,b.sc,2nd year,post graduate,sunny,1.96,7.19,61,0,travel
19121,22,male,ba,2nd year,no formal,hot,5.36,4.26,81,0,personal work
19124,21,female,nursing,1st year,no formal,cold,5.93,9.94,68,1,none
19125,17,male,pharmacy,1st year,phd,cold,5.27,8.33,42,1,none
19126,20,male,ba,3rd year,graduate,rainy,3.58,8.61,12,1,none
19127,22,female,b.com,3rd year,high school,rainy,5.53,8.8,74,0,travel
19128,23,male,pharmacy,4th year,high school,rainy,4.74,4.18,17,1,none
19129,22,male,b.tech,1st year,phd,cloudy,0.5,9.84,81,0,personal work
19130,24,male,b.sc,2nd year,graduate,sunny,5.5,8.81,16,1,none
19131,21,female,pharmacy,1st year,phd,cold,0.05,9.36,5,1,none
19132,20,male,nursing,4th year,post graduate,hot,0.21,7.9,45,0,sick
19134,22,female,b.com,1st year,no formal,cloudy,3.94,9.87,22,1,none
19135,23,male,pharmacy,4th year,phd,cold,5.67,5.85,15,1,none
19136,19,male,pharmacy,4th year,high school,sunny,1.83,9.12,70,1,none
19138,17,female,diploma,4th year,no formal,cloudy,0.77,6.57,53,0,no reason
19146,19,male,b.tech,4th year,graduate,hot,5.93,6.47,48,1,none
19147,22,female,bba,1st year,post graduate,cold,2.32,8.22,83,1,none
19150,17,male,nursing,4th year,no formal,hot,3.23,6.49,26,1,none
19151,21,male,pharmacy,2nd year,post graduate,cold,4.17,9.05,81,0,travel
19152,21,male,ba,4th year,no formal,sunny,1.64,5.4,65,1,none
19154,18,female,b.tech,4th year,graduate,rainy,5.45,4.37,42,0,sick
19155,22,female,pharmacy,1st year,graduate,cloudy,3.7,6.31,64,1,none
19156,20,male,b.com,3rd year,graduate,cold,4.85,9.18,74,1,none
19157,17,male,b.tech,2nd year,graduate,cold,4.59,8.28,81,1,none
19159,17,male,bba,3rd year,no formal,cold,0.34,4.12,65,0,festival
19160,18,male,ba,4th year,high school,cold,0.74,7.38,47,1,none
19161,22,male,b.sc,3rd year,high school,hot,2.97,6.78,37,0,no reason
19162,18,male,ba,3rd year,phd,hot,4.49,9.28,81,0,project work
19163,17,female,bca,4th year,phd,cold,1.69,8.88,45,1,none
19165,18,male,pharmacy,1st year,post graduate,cold,0.35,6.67,83,0,no reason
19166,21,female,diploma,3rd year,graduate,cold,1.7,8.35,26,0,personal work
19167,23,male,nursing,4th year,post graduate,rainy,4.67,9.82,64,1,none
19168,24,female,b.tech,1st year,post graduate,hot,3.2,8.11,64,1,none
19169,23,male,nursing,2nd year,phd,cloudy,2.8,5.28,34,1,none
19170,19,female,nursing,2nd year,phd,sunny,3.06,9.13,5,1,none
19171,23,female,ba,4th year,graduate,cold,2.4,8.34,29,1,none
19172,17,female,bca,4th year,phd,cold,0.62,4.28,70,0,festival
19173,19,male,bba,3rd year,graduate,cloudy,1.5,5.78,14,0,no reason
19174,18,male,nursing,2nd year,no formal,hot,2.88,9.16,33,1,none
19175,21,male,b.com,3rd year,high school,cold,4.54,5.3,46,0,sick
19177,23,male,bba,3rd year,no formal,sunny,0.45,7.1,56,0,festival
19178,24,female,b.tech,4th year,phd,hot,4.93,6.23,7,1,none
19179,18,female,b.com,3rd year,phd,rainy,2.81,5.0,21,1,none
19180,23,female,b.sc,4th year,high school,sunny,3.06,8.56,17,0,project work
19181,22,male,nursing,3rd year,phd,cold,5.93,8.55,78,1,none
19182,20,female,ba,2nd year,post graduate,hot,0.54,5.71,43,1,none
19185,24,male,diploma,2nd year,graduate,cloudy,5.09,4.82,34,1,none
19186,19,female,pharmacy,4th year,graduate,cloudy,0.93,9.9,51,0,personal work
19187,22,male,nursing,4th year,graduate,sunny,5.72,8.89,25,1,none
19189,20,female,b.com,3rd year,post graduate,rainy,2.16,6.84,56,1,none
19192,18,male,b.com,4th year,post graduate,sunny,1.1,7.23,15,0,festival
19193,18,female,nursing,4th year,no formal,rainy,5.03,5.42,45,1,none
19194,23,female,pharmacy,3rd year,graduate,rainy,5.66,8.49,55,0,sick
19195,19,male,pharmacy,4th year,post graduate,hot,2.97,8.5,53,0,none
19197,22,female,b.sc,3rd year,post graduate,cloudy,3.42,4.88,77,1,none
19198,21,male,b.sc,1st year,no formal,cloudy,2.5,8.21,54,0,sick
19199,21,female,diploma,3rd year,no formal,hot,3.25,4.3,84,1,none
19201,21,female,ba,2nd year,post graduate,cloudy,4.31,5.29,56,0,personal work
19204,18,female,b.sc,2nd year,no formal,rainy,1.57,4.44,85,0,sick
19206,24,female,b.sc,2nd year,post graduate,hot,3.12,7.28,72,1,none
19207,20,female,bca,2nd year,phd,sunny,3.61,5.38,11,0,none
19209,18,male,ba,2nd year,graduate,cloudy,3.0,6.78,37,1,none
19211,24,female,diploma,4th year,high school,cloudy,1.04,6.89,65,0,no reason
19212,20,female,b.tech,3rd year,graduate,rainy,3.06,9.45,54,0,travel
19214,18,female,b.sc,1st year,phd,rainy,2.65,8.47,18,1,none
19216,21,female,b.sc,1st year,high school,cold,2.68,9.44,81,0,travel
19217,24,male,diploma,2nd year,graduate,cold,4.52,8.93,51,0,festival
19218,18,female,nursing,3rd year,post graduate,cold,3.35,7.37,46,0,none
19219,19,male,b.sc,1st year,high school,cloudy,5.71,7.89,26,1,none
19221,24,male,b.com,4th year,no formal,rainy,2.58,8.52,78,0,festival
19222,18,female,b.sc,1st year,high school,sunny,4.62,9.93,76,0,project work
19224,24,male,pharmacy,1st year,post graduate,sunny,5.35,9.05,36,1,none
19225,22,female,ba,3rd year,high school,rainy,0.6,9.92,74,1,none
19226,20,female,diploma,1st year,graduate,cold,3.0,4.2,69,0,personal work
19227,18,female,bba,1st year,post graduate,sunny,0.77,8.24,58,0,festival
19229,17,male,nursing,3rd year,post graduate,sunny,5.21,5.89,6,1,none
19230,18,female,pharmacy,4th year,post graduate,cold,2.68,5.65,44,0,travel
19231,20,male,bca,1st year,post graduate,cloudy,4.35,7.63,21,1,none
19232,18,female,nursing,3rd year,no formal,cloudy,0.29,7.23,23,1,none
19234,22,male,pharmacy,3rd year,graduate,sunny,1.3,7.77,67,0,sick
19235,17,female,b.sc,4th year,graduate,cold,2.0,8.99,16,0,travel
19236,18,male,b.sc,1st year,high school,cold,4.65,4.18,18,1,none
19237,21,male,nursing,1st year,phd,hot,2.6,6.81,65,0,sick
19241,18,female,b.sc,3rd year,no formal,cold,0.29,4.4,19,0,personal work
19242,22,female,nursing,2nd year,high school,sunny,1.97,8.38,12,1,none
19244,20,female,pharmacy,4th year,graduate,cold,0.24,5.07,62,0,project work
19246,24,male,b.sc,1st year,post graduate,cold,4.45,6.5,35,1,none
19247,22,male,diploma,4th year,graduate,sunny,2.58,7.71,11,0,sick
19248,22,female,bba,4th year,graduate,hot,5.27,8.75,82,1,none
19249,23,male,ba,4th year,high school,rainy,0.54,6.54,61,0,personal work
19250,18,male,bba,1st year,no formal,rainy,4.39,5.81,62,0,personal work
19251,22,male,b.tech,3rd year,high school,hot,2.46,9.72,83,0,no reason
19252,24,male,nursing,4th year,graduate,rainy,2.58,9.94,72,0,travel
19254,17,female,b.sc,4th year,no formal,sunny,2.61,4.2,84,1,none
19256,19,male,ba,2nd year,graduate,cloudy,1.81,6.54,82,1,none
19257,24,male,bba,3rd year,phd,sunny,1.73,6.09,53,0,none
19258,20,female,diploma,3rd year,phd,hot,4.51,4.12,20,0,festival
19262,22,female,bca,3rd year,phd,cloudy,2.32,8.16,63,0,travel
19264,22,male,pharmacy,2nd year,high school,hot,3.74,4.38,6,0,none
19265,18,female,bca,4th year,post graduate,hot,2.65,8.53,52,1,none
19266,22,male,b.com,2nd year,no formal,hot,5.17,4.51,88,0,festival
19267,19,male,diploma,2nd year,graduate,cloudy,3.72,6.2,52,0,no reason
19268,19,female,ba,2nd year,phd,hot,5.78,5.84,24,1,none
19270,19,male,diploma,3rd year,post graduate,sunny,0.77,7.21,73,0,personal work
19272,24,female,diploma,4th year,high school,hot,3.73,7.66,16,1,none
19274,22,male,bca,4th year,graduate,hot,1.76,7.1,81,0,travel
19276,22,male,bca,2nd year,high school,cloudy,4.5,5.0,64,0,no reason
19277,21,female,ba,2nd year,high school,sunny,3.73,6.32,71,0,festival
19280,23,male,ba,4th year,graduate,cold,1.16,5.47,76,0,project work
19281,22,male,b.com,4th year,phd,rainy,0.45,5.92,43,0,festival
19282,18,female,ba,3rd year,phd,cloudy,2.58,8.25,16,1,none
19283,18,female,bba,1st year,post graduate,rainy,1.21,9.58,6,0,none
19284,24,male,b.com,4th year,post graduate,hot,4.66,5.24,58,0,sick
19285,24,male,ba,2nd year,high school,hot,1.29,7.73,50,0,none
19286,24,male,b.com,3rd year,phd,rainy,1.26,5.4,11,0,sick
19287,17,male,bca,4th year,post graduate,hot,3.86,7.44,75,1,none
19288,24,female,bba,3rd year,graduate,hot,3.82,7.06,5,1,none
19289,23,male,bca,1st year,no formal,rainy,0.33,6.8,74,0,project work
19292,21,male,bba,4th year,no formal,cold,0.87,9.57,74,0,sick
19294,17,female,ba,2nd year,post graduate,sunny,0.97,7.18,50,0,festival
19295,21,male,diploma,4th year,post graduate,cloudy,3.86,5.57,77,0,none
19296,18,male,bca,3rd year,high school,sunny,1.49,9.26,71,0,no reason
19297,18,female,b.tech,3rd year,phd,cloudy,0.05,9.78,70,0,project work
19299,20,male,diploma,4th year,no formal,cloudy,5.0,5.42,6,0,no reason
19300,17,male,ba,4th year,no formal,sunny,4.85,6.72,9,1,none
19301,23,female,bba,3rd year,post graduate,sunny,0.23,8.02,19,0,project work
19303,23,male,nursing,2nd year,post graduate,cold,5.82,5.33,31,0,festival
19305,18,female,pharmacy,4th year,post graduate,hot,5.12,9.14,34,1,none
19306,21,male,bca,2nd year,no formal,hot,1.86,8.29,77,0,sick
19308,17,male,b.com,3rd year,no formal,sunny,0.14,4.31,31,0,travel
19309,23,female,pharmacy,3rd year,graduate,cloudy,5.19,5.83,70,0,festival
19310,20,female,b.tech,1st year,phd,hot,3.5,9.56,77,1,none
19314,20,female,bca,1st year,phd,sunny,4.31,7.97,15,1,none
19315,17,male,bba,4th year,graduate,cold,5.44,7.59,38,1,none
19316,22,male,diploma,1st year,high school,cold,5.25,5.66,71,1,none
19317,24,female,ba,4th year,phd,cold,0.19,8.83,17,1,none
19318,21,female,bca,1st year,no formal,sunny,4.02,8.19,54,1,none
19319,20,male,nursing,1st year,post graduate,cloudy,5.91,9.26,17,1,none
19320,22,male,bba,2nd year,no formal,hot,4.29,8.07,56,1,none
19321,19,female,b.tech,4th year,post graduate,hot,4.78,4.09,5,1,none
19325,19,female,b.tech,2nd year,graduate,rainy,2.37,6.47,21,1,none
19327,23,female,b.com,1st year,phd,cold,1.46,7.49,10,1,none
19328,21,female,pharmacy,1st year,graduate,sunny,3.47,5.22,14,0,festival
19329,17,male,diploma,2nd year,graduate,cold,5.79,6.38,45,1,none
19330,23,female,ba,4th year,phd,cold,3.16,9.86,55,0,festival
19331,22,male,diploma,1st year,graduate,cold,2.37,4.91,89,1,none
19332,19,female,ba,4th year,graduate,cold,5.54,9.94,75,0,travel
19334,24,female,b.com,2nd year,no formal,cloudy,4.3,8.87,30,0,project work
19335,24,male,diploma,1st year,no formal,cloudy,1.5,7.31,73,1,none
19338,23,female,b.sc,1st year,phd,cloudy,2.74,7.18,66,0,travel
19339,23,male,pharmacy,3rd year,no formal,sunny,0.25,8.4,17,0,none
19340,21,male,b.com,4th year,no formal,cloudy,2.26,7.78,33,0,sick
19341,19,male,bba,2nd year,phd,cold,3.06,5.86,29,1,none
19343,24,male,bca,4th year,graduate,sunny,1.52,4.38,76,0,travel
19344,21,female,bba,2nd year,graduate,cold,2.97,7.67,14,1,none
19347,21,male,diploma,3rd year,post graduate,cold,0.6,5.97,42,1,none
19350,21,female,bba,4th year,post graduate,cloudy,1.39,4.14,62,1,none
19351,17,male,bba,2nd year,high school,sunny,1.92,6.13,65,0,festival
19353,21,female,bba,2nd year,no formal,cloudy,0.86,6.42,26,0,none
19354,18,female,nursing,4th year,graduate,sunny,2.07,4.42,79,0,travel
19355,22,female,bca,4th year,graduate,cold,2.66,7.0,61,1,none
19356,20,male,b.tech,3rd year,no formal,sunny,3.21,7.98,60,0,sick
19357,20,female,diploma,2nd year,post graduate,cloudy,5.43,6.6,26,1,none
19358,17,male,bba,4th year,high school,hot,3.33,4.06,82,0,project work
19359,20,male,bba,4th year,no formal,cloudy,3.92,7.63,30,0,festival
19360,21,female,b.com,1st year,no formal,sunny,4.58,8.75,40,1,none
19361,21,male,b.sc,4th year,graduate,cloudy,3.79,6.26,83,0,personal work
19364,24,female,b.tech,2nd year,post graduate,hot,5.36,9.61,49,1,none
19365,24,female,bba,4th year,phd,hot,4.55,5.21,83,0,no reason
19366,24,male,diploma,2nd year,post graduate,sunny,0.05,6.84,11,1,none
19367,19,male,b.sc,3rd year,phd,sunny,1.09,8.29,32,0,none
19369,18,female,ba,4th year,no formal,sunny,5.13,6.9,53,0,personal work
19371,17,male,b.sc,3rd year,post graduate,cloudy,1.42,5.42,9,1,none
19372,20,male,pharmacy,2nd year,graduate,rainy,1.07,7.24,15,0,no reason
19373,23,female,b.sc,4th year,graduate,cold,5.56,5.0,66,1,none
19375,23,female,nursing,2nd year,graduate,cold,4.76,8.35,24,1,none
19377,17,male,bba,3rd year,no formal,hot,0.59,5.78,27,0,project work
19379,18,female,nursing,4th year,post graduate,hot,5.15,8.72,40,0,travel
19380,17,male,pharmacy,3rd year,post graduate,cold,3.67,7.95,36,0,sick
19381,20,female,b.tech,4th year,phd,cloudy,0.52,8.4,12,1,none
19384,20,male,nursing,1st year,high school,sunny,5.82,4.59,16,1,none
19386,22,male,b.sc,3rd year,no formal,rainy,1.97,8.7,86,0,personal work
19387,17,female,b.tech,4th year,post graduate,hot,1.88,5.21,86,0,no reason
19388,24,female,pharmacy,3rd year,high school,cloudy,5.37,7.69,79,1,none
19390,19,female,b.com,1st year,phd,hot,3.6,9.94,5,0,project work
19391,20,male,bba,1st year,post graduate,rainy,2.49,7.8,51,1,none
19392,23,female,ba,2nd year,phd,cloudy,3.37,5.67,53,0,no reason
19395,20,male,nursing,4th year,phd,sunny,1.17,5.49,62,1,none
19396,17,female,b.com,2nd year,no formal,hot,2.65,6.16,5,1,none
19397,18,male,bba,4th year,graduate,hot,2.88,8.64,5,1,none
19398,19,female,bba,2nd year,phd,sunny,4.24,7.33,79,1,none
19399,18,female,b.com,2nd year,graduate,hot,0.15,5.45,89,0,personal work
19401,17,male,nursing,4th year,no formal,cold,1.99,5.59,78,1,none
19404,18,female,nursing,1st year,post graduate,cold,2.14,6.32,40,1,none
19405,24,female,ba,2nd year,graduate,cloudy,5.89,7.64,59,0,festival
19406,17,female,pharmacy,1st year,no formal,sunny,2.92,4.7,33,1,none
19407,19,male,bca,4th year,phd,hot,2.62,6.64,70,0,project work
19409,19,female,diploma,2nd year,post graduate,sunny,5.31,9.21,71,1,none
19410,19,male,pharmacy,4th year,post graduate,rainy,3.24,6.33,11,1,none
19411,18,female,bca,2nd year,phd,rainy,2.63,4.48,61,0,festival
19414,21,male,diploma,4th year,no formal,sunny,2.71,5.38,48,1,none
19417,23,male,ba,2nd year,post graduate,sunny,0.4,9.53,40,0,project work
19418,20,female,diploma,1st year,no formal,cold,0.34,9.02,54,0,no reason
19420,21,male,diploma,2nd year,graduate,hot,0.15,9.01,48,1,none
19421,23,female,bca,2nd year,no formal,rainy,1.04,8.1,87,1,none
19422,21,female,bba,1st year,no formal,sunny,2.35,4.61,89,0,personal work
19423,20,male,pharmacy,3rd year,phd,hot,0.67,5.02,30,0,project work
19424,17,male,b.com,1st year,graduate,hot,4.86,7.86,32,0,travel
19425,23,female,nursing,2nd year,no formal,cold,5.93,6.83,74,1,none
19426,20,male,bba,4th year,no formal,cloudy,1.03,8.61,14,1,none
19427,23,male,bba,4th year,phd,cloudy,3.98,9.65,77,1,none
19428,22,male,ba,1st year,no formal,rainy,4.62,6.99,24,1,none
19429,17,male,bca,3rd year,phd,cloudy,3.19,4.66,13,1,none
19430,22,female,pharmacy,3rd year,high school,sunny,4.82,8.44,53,1,none
19431,20,male,ba,4th year,no formal,cold,3.09,8.3,69,1,none
19432,18,female,b.sc,1st year,phd,rainy,3.5,7.87,76,0,none
19434,22,female,b.sc,1st year,phd,cloudy,3.81,9.3,58,1,none
19436,21,male,b.tech,3rd year,phd,sunny,2.4,4.51,47,0,festival
19438,17,male,diploma,1st year,phd,cloudy,2.68,9.42,78,1,none
19439,17,male,diploma,1st year,post graduate,cloudy,3.07,9.53,83,0,none
19441,22,female,diploma,3rd year,high school,hot,5.17,9.13,27,1,none
19444,17,female,b.com,3rd year,graduate,hot,2.77,5.62,44,1,none
19445,20,male,b.tech,1st year,graduate,rainy,2.76,8.57,85,0,personal work
19446,17,female,nursing,4th year,phd,sunny,5.23,8.01,5,1,none
19447,19,female,bba,3rd year,graduate,hot,0.73,7.72,88,1,none
19448,19,female,ba,4th year,phd,rainy,2.06,8.21,6,0,no reason
19449,21,male,ba,3rd year,phd,cloudy,3.07,8.98,15,1,none
19451,23,female,bba,2nd year,post graduate,hot,2.86,5.83,57,1,none
19453,18,female,b.sc,4th year,post graduate,hot,5.93,7.17,72,1,none
19454,19,female,pharmacy,4th year,graduate,hot,5.11,8.54,19,0,travel
19455,19,male,bba,3rd year,phd,sunny,5.25,8.72,84,0,project work
19457,21,male,bca,4th year,phd,hot,2.02,7.73,19,0,sick
19458,22,male,diploma,3rd year,graduate,hot,4.6,6.18,31,1,none
19460,22,female,nursing,1st year,phd,rainy,1.07,4.89,21,0,none
19461,19,female,bca,4th year,phd,sunny,0.07,8.02,54,1,none
19462,18,male,diploma,4th year,high school,sunny,2.23,4.41,8,1,none
19463,20,male,b.com,2nd year,no formal,cloudy,3.33,6.04,87,1,none
19464,23,female,bca,4th year,no formal,sunny,0.74,9.94,58,0,project work
19465,24,male,ba,4th year,phd,cloudy,4.14,8.73,65,1,none
19466,20,female,pharmacy,1st year,post graduate,cloudy,2.87,5.86,80,1,none
19468,17,female,ba,3rd year,high school,cold,0.32,9.02,44,0,none
19469,17,female,b.tech,1st year,graduate,cloudy,4.33,6.97,30,1,none
19470,22,male,b.com,1st year,no formal,cold,3.88,5.19,88,1,none
19471,21,female,b.com,3rd year,post graduate,rainy,1.52,7.62,47,0,festival
19473,17,female,pharmacy,4th year,post graduate,hot,5.27,5.81,36,0,none
19477,21,female,ba,3rd year,no formal,cold,2.12,8.05,22,1,none
19478,19,male,b.sc,2nd year,high school,cloudy,2.06,5.36,87,1,none
19479,22,male,bba,3rd year,post graduate,rainy,1.81,9.82,19,1,none
19481,21,female,bca,4th year,high school,cold,3.52,5.71,67,0,sick
19484,18,female,nursing,4th year,phd,cold,5.26,9.54,30,1,none
19485,21,male,bca,2nd year,phd,hot,2.12,4.78,7,1,none
19487,22,male,pharmacy,2nd year,no formal,cloudy,5.59,4.34,14,1,none
19488,22,female,bba,4th year,phd,rainy,2.23,8.46,67,1,none
19489,23,male,ba,1st year,phd,sunny,0.9,4.74,67,1,none
19490,17,male,bba,2nd year,graduate,rainy,2.98,7.7,29,1,none
19491,23,female,bba,1st year,graduate,hot,5.76,9.54,64,0,personal work
19492,18,female,b.sc,3rd year,post graduate,cold,5.69,9.47,44,1,none
19493,22,female,pharmacy,3rd year,phd,rainy,3.8,7.96,13,0,travel
19494,24,female,bca,2nd year,high school,hot,2.88,5.14,71,1,none
19495,24,female,b.sc,4th year,high school,hot,1.96,5.78,26,1,none
19496,20,male,pharmacy,4th year,phd,sunny,1.33,7.99,22,0,no reason
19497,23,male,pharmacy,4th year,no formal,sunny,4.65,9.21,75,1,none
19500,18,female,pharmacy,2nd year,high school,hot,4.12,4.31,59,1,none
19501,24,male,pharmacy,4th year,graduate,cloudy,5.65,5.25,30,0,travel
19504,20,male,b.tech,1st year,no formal,hot,1.4,9.16,45,1,none
19505,19,male,bca,2nd year,post graduate,cold,0.31,6.23,71,0,festival
19506,23,male,diploma,3rd year,post graduate,hot,3.04,9.65,54,0,personal work
19509,21,female,b.com,3rd year,phd,cloudy,5.77,4.93,76,1,none
19510,22,male,pharmacy,3rd year,no formal,sunny,4.37,6.1,83,1,none
19511,20,female,bca,4th year,high school,hot,3.25,4.28,49,0,festival
19512,24,male,diploma,2nd year,graduate,rainy,5.77,7.31,46,1,none
19513,22,male,b.com,1st year,high school,cold,2.42,8.97,28,0,travel
19514,17,male,diploma,4th year,post graduate,rainy,2.49,4.17,76,0,travel
19515,21,male,b.sc,3rd year,phd,sunny,0.95,8.6,68,1,none
19516,23,male,nursing,3rd year,graduate,sunny,3.8,8.08,72,1,none
19518,22,female,diploma,2nd year,post graduate,rainy,2.05,7.48,66,1,none
19519,18,female,pharmacy,1st year,graduate,sunny,1.78,8.91,35,1,none
19520,21,female,pharmacy,3rd year,phd,cold,4.56,8.1,39,1,none
19523,17,female,b.sc,2nd year,high school,sunny,1.45,7.0,46,1,none
19525,22,female,bca,2nd year,high school,cloudy,2.43,4.92,71,0,none
19526,24,male,b.sc,1st year,phd,cold,4.84,6.68,27,0,sick
19529,20,female,bca,1st year,high school,rainy,0.55,9.94,22,0,festival
19530,17,female,ba,2nd year,graduate,cold,3.05,8.92,5,0,no reason
19532,24,female,bca,2nd year,no formal,cloudy,0.76,5.24,7,0,project work
19533,19,female,ba,4th year,no formal,rainy,1.31,5.26,79,0,travel
19535,22,male,diploma,2nd year,phd,rainy,4.11,7.92,69,0,festival
19536,20,female,bca,3rd year,high school,rainy,4.85,9.93,80,1,none
19538,20,male,b.sc,3rd year,phd,sunny,2.17,9.61,45,1,none
19539,17,male,b.com,2nd year,no formal,cloudy,4.68,6.18,32,1,none
19540,23,female,b.sc,3rd year,phd,hot,5.39,4.11,33,1,none
19541,19,male,nursing,2nd year,post graduate,cold,4.86,6.83,37,1,none
19542,21,female,pharmacy,2nd year,graduate,cloudy,5.5,8.33,70,0,sick
19543,22,male,b.tech,1st year,graduate,rainy,4.08,9.94,19,0,festival
19544,17,female,b.com,1st year,phd,sunny,3.53,9.88,34,0,no reason
19545,22,female,b.com,4th year,no formal,hot,3.75,8.28,53,1,none
19546,19,male,pharmacy,4th year,no formal,hot,5.42,5.07,53,1,none
19547,21,female,bca,2nd year,no formal,hot,2.36,8.54,68,1,none
19548,20,male,pharmacy,2nd year,phd,rainy,0.66,5.4,66,0,no reason
19549,23,male,b.com,4th year,post graduate,hot,2.87,8.45,82,1,none
19550,18,female,b.tech,3rd year,graduate,hot,5.93,4.22,76,0,none
19551,17,male,bba,1st year,no formal,rainy,4.48,8.08,35,0,project work
19553,17,male,nursing,4th year,phd,hot,3.22,5.96,87,1,none
19554,18,female,bba,1st year,phd,hot,1.02,8.85,74,0,no reason
19555,22,male,b.com,4th year,post graduate,rainy,1.29,7.21,61,0,sick
19556,23,female,b.tech,4th year,phd,rainy,1.45,9.57,72,0,festival
19557,22,male,ba,1st year,post graduate,rainy,3.2,8.0,18,0,no reason
19559,23,male,b.tech,3rd year,phd,cloudy,1.79,7.0,84,1,none
19560,20,female,pharmacy,1st year,graduate,rainy,3.34,6.97,12,1,none
19562,23,female,b.com,4th year,no formal,cold,5.55,5.26,19,1,none
19564,19,male,ba,4th year,no formal,hot,0.81,7.94,72,1,none
19565,22,male,nursing,4th year,high school,hot,5.93,8.02,84,1,none
19567,18,male,b.tech,1st year,graduate,sunny,5.68,5.09,69,1,none
19568,17,female,b.com,4th year,graduate,sunny,5.61,8.94,69,0,sick
19569,21,male,nursing,4th year,high school,sunny,5.8,4.06,17,0,sick
19570,17,female,ba,2nd year,high school,cold,3.2,4.86,56,1,none
19571,22,female,nursing,3rd year,no formal,cloudy,4.69,9.29,82,1,none
19573,18,female,diploma,2nd year,post graduate,rainy,5.14,8.84,51,1,none
19578,22,female,nursing,1st year,phd,rainy,2.09,9.01,82,1,none
19579,24,female,ba,2nd year,phd,cloudy,2.08,4.77,79,0,festival
19580,21,male,b.tech,1st year,phd,cold,0.89,9.21,46,1,none
19581,18,male,ba,1st year,no formal,sunny,4.63,7.04,22,1,none
19582,23,female,ba,3rd year,graduate,cloudy,4.13,4.43,71,0,personal work
19583,17,female,b.com,4th year,high school,sunny,0.4,7.05,14,0,festival
19584,19,male,nursing,1st year,graduate,hot,3.94,9.41,16,1,none
19587,17,male,diploma,2nd year,graduate,cold,4.76,8.9,37,1,none
19588,21,male,bca,3rd year,high school,cold,4.39,4.41,54,0,festival
19590,18,male,pharmacy,4th year,no formal,cloudy,2.33,4.06,7,0,personal work
19591,21,male,pharmacy,4th year,phd,cloudy,3.67,8.91,16,1,none
19592,23,male,bba,2nd year,no formal,hot,3.05,7.71,30,1,none
19594,18,male,b.tech,2nd year,post graduate,cold,4.12,5.69,70,1,none
19595,19,male,ba,1st year,graduate,cloudy,4.89,8.13,64,0,travel
19596,24,female,ba,4th year,no formal,hot,1.0,4.89,14,1,none
19597,17,female,ba,4th year,phd,hot,5.16,6.09,75,0,none
19599,20,male,bca,1st year,post graduate,cloudy,1.17,7.38,47,0,personal work
19600,19,male,bba,4th year,phd,cold,0.69,5.51,31,1,none
19601,17,female,ba,2nd year,phd,hot,1.52,9.39,6,1,none
19602,21,female,bca,4th year,phd,rainy,5.47,6.9,48,0,no reason
19603,21,female,b.sc,4th year,high school,hot,0.62,4.7,61,1,none
19604,18,male,b.com,3rd year,phd,hot,4.85,6.73,49,1,none
19605,22,female,bba,1st year,post graduate,rainy,4.71,9.74,30,0,sick
19609,18,male,ba,3rd year,graduate,cold,1.28,4.06,20,0,sick
19612,21,female,nursing,4th year,phd,rainy,0.6,4.97,42,0,personal work
19613,22,male,b.sc,2nd year,post graduate,rainy,4.53,7.21,62,0,personal work
19614,18,female,bba,4th year,no formal,sunny,5.92,9.05,57,1,none
19616,17,female,diploma,4th year,high school,cold,5.07,5.43,47,1,none
19617,20,male,b.com,4th year,high school,cloudy,2.02,5.49,63,0,none
19618,19,male,b.sc,3rd year,graduate,sunny,1.23,9.67,88,0,sick
19619,23,female,diploma,4th year,high school,hot,2.91,6.79,84,0,no reason
19621,19,female,bca,1st year,phd,hot,3.91,8.58,82,1,none
19625,22,female,pharmacy,4th year,no formal,sunny,2.68,4.97,28,1,none
19627,17,male,bca,1st year,high school,rainy,3.77,9.81,39,0,no reason
19628,19,male,ba,4th year,phd,cold,2.55,7.57,28,0,travel
19631,18,male,nursing,1st year,graduate,hot,2.56,7.26,70,0,no reason
19632,18,female,b.sc,1st year,high school,hot,4.04,5.29,57,1,none
19633,17,male,diploma,1st year,no formal,cold,5.68,9.51,21,1,none
19634,23,male,diploma,4th year,post graduate,cold,4.28,6.13,40,1,none
19635,17,female,bba,1st year,post graduate,hot,2.79,8.22,33,0,none
19636,21,female,pharmacy,3rd year,phd,hot,3.56,7.08,23,0,project work
19640,22,male,ba,1st year,post graduate,rainy,3.77,9.02,39,1,none
19642,24,female,pharmacy,1st year,post graduate,rainy,2.92,5.69,32,0,no reason
19643,24,male,ba,3rd year,no formal,sunny,5.81,6.16,66,0,personal work
19644,22,female,nursing,2nd year,graduate,sunny,5.02,4.49,23,0,festival
19645,21,male,nursing,1st year,graduate,rainy,2.04,9.16,84,1,none
19646,22,female,b.com,1st year,phd,hot,1.35,4.91,42,0,project work
19649,20,male,bca,4th year,no formal,sunny,1.63,7.13,10,1,none
19650,20,male,b.com,4th year,high school,hot,5.93,7.0,76,0,project work
19651,17,female,b.tech,2nd year,phd,hot,2.85,9.29,54,1,none
19652,23,male,b.sc,2nd year,post graduate,cloudy,5.43,6.48,34,0,sick
19654,20,male,bba,4th year,post graduate,cloudy,3.49,6.59,34,1,none
19655,20,male,nursing,2nd year,no formal,rainy,0.75,7.67,7,0,none
19656,23,male,b.sc,2nd year,no formal,cold,0.17,7.86,5,1,none
19657,20,female,diploma,1st year,graduate,sunny,1.3,4.55,42,1,none
19661,23,female,b.tech,1st year,graduate,sunny,1.0,6.28,74,1,none
19662,18,male,b.sc,2nd year,high school,cloudy,3.11,4.34,77,0,project work
19665,22,female,b.com,3rd year,graduate,hot,1.19,9.74,87,0,travel
19667,22,male,b.com,3rd year,graduate,hot,5.79,7.03,84,1,none
19668,17,female,b.com,4th year,phd,hot,2.13,6.59,63,1,none
19670,20,female,pharmacy,2nd year,post graduate,cold,3.82,6.08,65,0,personal work
19674,20,male,b.com,2nd year,post graduate,sunny,1.77,5.95,38,1,none
19675,20,female,bba,1st year,no formal,hot,2.89,9.38,39,1,none
19676,17,female,b.tech,4th year,phd,cloudy,0.64,8.69,72,1,none
19677,23,female,nursing,3rd year,high school,cold,4.24,4.1,33,1,none
19679,24,male,b.sc,1st year,high school,hot,3.37,4.18,86,1,none
19680,20,male,bca,3rd year,no formal,rainy,2.59,4.43,85,0,none
19681,21,male,b.tech,3rd year,high school,sunny,4.45,6.64,30,0,travel
19684,24,male,nursing,1st year,graduate,sunny,4.21,8.33,7,1,none
19686,24,male,b.com,2nd year,phd,rainy,2.62,8.78,44,1,none
19687,22,female,pharmacy,4th year,graduate,hot,0.63,7.0,86,0,none
19688,21,male,bba,2nd year,graduate,hot,1.04,9.94,15,1,none
19691,21,female,diploma,1st year,high school,hot,3.86,8.08,74,1,none
19694,20,male,ba,2nd year,no formal,sunny,5.02,7.28,10,1,none
19695,20,female,b.com,1st year,phd,sunny,0.79,9.05,14,1,none
19696,20,male,ba,1st year,graduate,hot,5.36,5.76,86,1,none
19698,17,female,nursing,2nd year,high school,cloudy,3.9,8.45,57,1,none
19700,23,female,bba,3rd year,graduate,cold,2.31,9.11,8,1,none
19701,19,female,b.sc,2nd year,phd,cold,2.61,7.73,81,1,none
19702,20,male,bba,2nd year,high school,hot,0.97,5.27,35,0,sick
19704,21,male,b.sc,3rd year,phd,cold,1.5,9.72,23,1,none
19705,19,female,b.com,2nd year,graduate,rainy,2.42,8.06,64,1,none
19706,23,female,pharmacy,3rd year,no formal,hot,0.78,7.81,36,0,festival
19708,20,female,nursing,3rd year,graduate,sunny,0.14,4.26,89,0,festival
19709,17,male,b.sc,4th year,high school,rainy,2.47,6.46,54,0,no reason
19710,21,male,bca,3rd year,phd,sunny,0.2,7.88,21,0,personal work
19711,17,male,nursing,2nd year,no formal,rainy,2.87,4.29,36,0,project work
19712,24,female,bca,3rd year,phd,rainy,4.01,5.55,17,0,no reason
19719,21,male,b.com,4th year,no formal,rainy,4.99,9.94,24,0,sick
19720,17,male,diploma,2nd year,phd,cold,2.37,7.9,38,1,none
19721,18,male,b.tech,2nd year,phd,rainy,0.43,9.67,51,0,travel
19722,21,male,b.com,3rd year,high school,hot,4.86,7.31,20,1,none
19723,21,female,diploma,1st year,post graduate,rainy,5.34,6.95,26,1,none
19724,19,female,b.com,2nd year,high school,hot,3.99,5.21,68,1,none
19726,20,female,ba,3rd year,graduate,sunny,2.68,4.16,19,0,festival
19728,22,female,ba,4th year,high school,rainy,1.22,7.21,89,0,no reason
19731,20,female,diploma,4th year,no formal,cold,0.05,4.3,67,0,none
19734,19,male,b.tech,1st year,post graduate,hot,0.05,8.16,64,0,travel
19735,23,male,b.tech,2nd year,phd,hot,5.01,9.11,85,0,personal work
19736,19,male,bba,1st year,graduate,cold,3.94,9.37,56,1,none
19738,17,female,bba,3rd year,no formal,rainy,0.42,6.49,31,0,project work
19739,24,female,pharmacy,3rd year,phd,cloudy,0.11,9.89,14,1,none
19740,23,male,bba,1st year,phd,hot,0.8,5.27,56,0,festival
19741,17,female,bca,1st year,high school,cloudy,1.1,4.47,76,0,sick
19742,24,female,b.tech,4th year,post graduate,rainy,1.65,4.93,42,1,none
19743,23,female,diploma,2nd year,no formal,rainy,1.79,8.64,43,0,no reason
19744,19,male,pharmacy,2nd year,graduate,sunny,2.86,5.07,41,0,project work
19746,19,female,pharmacy,1st year,no formal,hot,5.6,4.68,62,1,none
19747,18,male,b.com,2nd year,phd,cloudy,0.92,9.6,59,1,none
19748,22,male,bba,3rd year,phd,sunny,4.65,6.66,14,0,no reason
19749,18,male,pharmacy,1st year,graduate,hot,3.68,7.17,13,1,none
19750,19,male,bca,4th year,post graduate,cold,3.56,5.25,13,1,none
19754,22,male,ba,4th year,graduate,cloudy,3.53,4.93,72,0,travel
19755,23,female,diploma,2nd year,no formal,hot,1.74,8.08,69,1,none
19756,21,male,b.tech,3rd year,phd,cold,5.2,6.66,32,1,none
19757,18,male,bba,4th year,phd,cloudy,0.97,7.82,76,0,travel
19758,19,female,pharmacy,4th year,graduate,cold,2.0,5.9,34,1,none
19759,19,female,b.tech,4th year,post graduate,cold,5.4,8.29,72,1,none
19761,18,male,bca,3rd year,no formal,cold,0.74,9.12,11,1,none
19763,17,male,b.tech,1st year,no formal,cold,5.81,7.81,73,1,none
19764,24,male,b.sc,2nd year,phd,rainy,3.88,6.3,7,1,none
19765,22,male,b.sc,3rd year,no formal,cloudy,3.98,6.56,49,1,none
19766,20,male,nursing,3rd year,graduate,cold,4.97,8.66,28,0,none
19767,19,female,b.sc,3rd year,post graduate,rainy,5.53,6.49,31,0,none
19768,19,male,bca,3rd year,no formal,hot,2.71,7.92,45,0,travel
19769,18,male,ba,3rd year,no formal,rainy,1.82,8.13,52,1,none
19770,21,female,bba,3rd year,post graduate,cold,0.11,9.01,67,0,festival
19771,23,male,pharmacy,3rd year,graduate,hot,1.3,8.24,29,1,none
19773,22,male,b.tech,1st year,high school,cold,4.86,9.07,85,0,festival
19775,23,female,ba,2nd year,graduate,cold,5.57,6.92,64,1,none
19777,17,male,diploma,4th year,post graduate,hot,1.86,9.84,39,1,none
19778,17,male,bca,2nd year,phd,sunny,1.27,6.97,74,1,none
19779,24,male,nursing,1st year,high school,rainy,5.44,4.54,27,1,none
19780,18,male,b.sc,1st year,post graduate,cloudy,1.96,4.38,80,1,none
19781,21,female,diploma,3rd year,high school,hot,0.63,7.38,53,0,none
19782,23,female,pharmacy,4th year,phd,sunny,0.49,9.34,16,1,none
19786,22,female,b.com,1st year,graduate,cloudy,4.29,6.04,7,0,sick
19787,24,female,diploma,4th year,graduate,sunny,3.32,8.46,18,1,none
19790,24,female,b.sc,4th year,no formal,rainy,3.97,4.41,57,1,none
19792,21,male,b.tech,2nd year,post graduate,sunny,1.32,9.59,20,0,travel
19795,23,female,diploma,4th year,post graduate,rainy,0.95,4.68,75,0,project work
19796,20,female,bca,4th year,post graduate,hot,4.15,5.57,39,1,none
19797,22,male,bca,1st year,high school,rainy,3.41,5.41,11,1,none
19798,19,female,diploma,4th year,post graduate,cold,1.05,4.18,40,0,project work
19799,24,male,diploma,3rd year,phd,sunny,5.03,8.58,69,1,none
19801,18,male,bca,2nd year,post graduate,rainy,2.89,6.58,63,1,none
19802,19,male,b.sc,2nd year,graduate,hot,3.2,5.89,22,0,none
19803,18,female,diploma,4th year,post graduate,rainy,1.84,8.72,56,1,none
19806,24,female,bba,4th year,phd,sunny,1.04,9.18,86,0,no reason
19807,21,male,b.com,4th year,no formal,rainy,5.62,6.07,14,1,none
19809,21,female,bca,1st year,no formal,hot,2.85,5.02,6,1,none
19810,17,female,pharmacy,3rd year,phd,sunny,4.08,7.86,35,1,none
19812,17,female,b.sc,4th year,phd,sunny,0.21,8.74,64,0,sick
19813,21,female,pharmacy,4th year,phd,cold,2.97,7.54,87,0,sick
19815,23,male,b.com,2nd year,high school,sunny,2.29,9.63,35,1,none
19818,23,female,nursing,1st year,graduate,sunny,1.73,7.4,62,0,no reason
19819,23,female,bca,3rd year,post graduate,sunny,0.82,7.94,33,0,personal work
19820,19,male,b.com,4th year,phd,cloudy,0.61,5.01,17,0,none
19821,17,male,b.sc,1st year,post graduate,cold,4.17,4.09,81,1,none
19823,22,female,bca,2nd year,phd,rainy,1.02,6.99,66,1,none
19825,24,male,b.com,2nd year,phd,sunny,3.57,4.44,76,0,project work
19826,18,male,pharmacy,3rd year,phd,cloudy,1.92,6.1,50,0,no reason
19828,24,female,b.sc,2nd year,graduate,rainy,5.07,7.38,13,1,none
19829,19,male,diploma,1st year,graduate,sunny,5.52,7.58,50,0,no reason
19830,20,male,bca,4th year,high school,rainy,4.68,8.74,32,1,none
19832,20,male,diploma,3rd year,post graduate,sunny,2.09,9.81,14,1,none
19833,21,male,bca,4th year,high school,cold,5.63,6.09,78,0,sick
19834,19,male,ba,4th year,phd,cold,5.32,7.71,40,1,none
19836,19,female,diploma,2nd year,graduate,hot,2.85,5.37,5,0,travel
19837,17,male,bba,3rd year,phd,cold,0.87,5.21,9,0,none
19841,18,male,b.tech,4th year,graduate,rainy,1.07,7.22,45,0,no reason
19842,22,male,b.com,4th year,post graduate,cold,1.59,9.52,40,1,none
19846,22,female,b.sc,1st year,graduate,cold,3.9,7.04,36,0,personal work
19847,17,female,pharmacy,3rd year,no formal,cloudy,3.65,5.86,87,0,no reason
19848,17,male,pharmacy,1st year,graduate,hot,3.31,5.41,75,0,no reason
19849,17,male,nursing,3rd year,phd,cloudy,1.45,9.07,69,1,none
19850,18,male,diploma,4th year,post graduate,cloudy,1.09,7.75,62,0,personal work
19851,24,female,bca,4th year,post graduate,rainy,0.86,4.65,55,0,project work
19852,22,female,b.tech,2nd year,post graduate,cloudy,3.54,7.17,47,0,personal work
19853,22,female,b.tech,4th year,no formal,cold,0.74,7.52,55,1,none
19854,22,female,ba,1st year,graduate,sunny,3.42,5.43,21,1,none
19855,17,female,diploma,3rd year,high school,sunny,3.96,8.05,59,0,project work
19857,23,female,bba,1st year,no formal,hot,0.71,5.7,9,1,none
19860,23,female,bba,1st year,no formal,cold,4.41,7.34,17,1,none
19862,23,male,b.tech,3rd year,post graduate,cloudy,1.54,7.69,46,1,none
19863,22,female,b.tech,1st year,high school,cold,3.76,7.5,41,1,none
19864,20,male,b.com,2nd year,post graduate,sunny,2.26,7.65,81,0,festival
19865,20,male,nursing,1st year,graduate,cloudy,2.88,5.05,67,0,personal work
19866,17,male,b.tech,1st year,post graduate,cloudy,3.0,7.65,24,1,none
19867,18,male,nursing,1st year,high school,rainy,2.56,7.49,42,0,sick
19868,18,female,b.com,3rd year,graduate,sunny,1.45,4.89,12,1,none
19872,18,male,b.tech,4th year,no formal,cold,5.88,8.64,36,0,no reason
19873,19,female,bba,3rd year,phd,cold,2.49,8.84,33,0,none
19874,17,female,pharmacy,4th year,phd,cold,4.41,9.52,78,1,none
19875,19,male,bca,4th year,no formal,hot,1.52,9.24,69,0,festival
19876,22,male,ba,3rd year,graduate,cold,5.67,4.06,9,1,none
19877,23,female,pharmacy,1st year,post graduate,cloudy,2.16,5.37,73,0,no reason
19879,22,female,b.com,1st year,no formal,cloudy,1.71,8.44,84,0,none
19880,21,female,b.sc,3rd year,high school,sunny,1.57,8.49,80,0,project work
19882,23,female,pharmacy,4th year,graduate,hot,5.71,9.35,40,1,none
19885,23,male,pharmacy,2nd year,post graduate,hot,4.67,4.44,80,1,none
19886,19,female,pharmacy,3rd year,post graduate,hot,1.76,8.68,12,1,none
19887,21,female,b.sc,1st year,post graduate,cold,1.07,8.93,65,0,personal work
19888,20,male,ba,4th year,graduate,cloudy,0.32,9.68,18,1,none
19889,19,male,diploma,1st year,phd,cloudy,5.14,4.88,88,1,none
19890,18,female,ba,4th year,no formal,sunny,3.73,5.52,70,0,project work
19891,17,female,nursing,1st year,no formal,hot,3.68,5.29,6,0,personal work
19892,22,female,b.com,2nd year,no formal,sunny,0.9,8.2,14,0,project work
19895,18,male,b.tech,3rd year,no formal,sunny,3.23,5.73,11,1,none
19896,17,male,bca,2nd year,no formal,rainy,3.73,7.66,19,0,personal work
19897,22,female,b.tech,2nd year,no formal,cloudy,2.63,8.36,89,1,none
19898,18,female,nursing,3rd year,graduate,hot,4.84,9.4,14,1,none
19902,21,male,ba,2nd year,phd,hot,4.35,7.4,74,1,none
19903,24,female,b.tech,4th year,no formal,sunny,0.81,9.57,52,0,festival
19904,19,male,diploma,1st year,phd,rainy,5.93,6.88,28,0,project work
19905,23,female,b.tech,3rd year,no formal,hot,1.37,5.97,10,0,no reason
19906,23,male,b.tech,4th year,post graduate,cold,4.5,5.6,20,1,none
19908,19,female,b.com,3rd year,high school,hot,3.51,4.7,56,1,none
19910,21,male,bca,2nd year,high school,cloudy,1.42,4.06,84,0,no reason
19912,18,female,ba,4th year,high school,hot,5.46,4.42,70,0,sick
19913,22,male,ba,1st year,high school,rainy,5.88,4.81,58,0,none
19914,18,female,b.com,4th year,no formal,sunny,3.17,5.58,86,1,none
19915,18,male,diploma,3rd year,phd,sunny,5.88,8.4,52,1,none
19916,17,male,bca,3rd year,high school,sunny,3.38,8.01,65,1,none
19917,20,male,b.tech,1st year,no formal,cold,0.42,5.5,24,0,none
19920,18,female,bba,1st year,no formal,cold,3.22,8.9,43,1,none
19922,23,male,b.com,4th year,phd,rainy,4.06,9.87,26,1,none
19923,20,male,b.sc,3rd year,post graduate,cold,4.13,4.44,24,1,none
19924,21,male,nursing,1st year,high school,sunny,1.13,9.07,11,0,personal work
19929,17,male,ba,1st year,no formal,rainy,3.09,8.21,83,0,festival
19930,21,female,diploma,4th year,graduate,sunny,5.75,8.2,40,1,none
19931,17,female,diploma,1st year,high school,sunny,1.46,9.55,81,1,none
19934,22,female,b.tech,4th year,no formal,hot,5.07,9.88,17,1,none
19935,21,male,diploma,1st year,phd,rainy,5.45,8.5,47,1,none
19939,21,male,ba,2nd year,phd,rainy,5.13,5.79,86,0,project work
19940,23,male,diploma,2nd year,post graduate,rainy,4.12,8.98,52,1,none
19944,24,female,diploma,1st year,post graduate,hot,2.84,5.69,53,0,festival
19946,21,male,bba,2nd year,no formal,cold,0.98,7.45,25,0,sick
19948,22,female,b.com,4th year,high school,cloudy,0.26,9.94,11,1,none
19949,22,male,b.tech,4th year,no formal,cloudy,5.11,8.6,49,0,no reason
19951,17,female,b.tech,1st year,phd,rainy,0.21,9.93,16,1,none
19952,21,male,b.tech,2nd year,high school,hot,5.1,8.95,49,0,no reason
19955,23,male,bca,2nd year,phd,sunny,5.15,8.19,68,1,none
19958,23,male,pharmacy,3rd year,post graduate,hot,5.88,4.72,86,0,travel
19959,18,female,b.tech,4th year,no formal,rainy,5.01,5.51,16,0,festival
19961,19,male,bba,3rd year,phd,cold,0.12,5.01,6,0,festival
19963,17,female,ba,2nd year,no formal,hot,4.33,6.73,38,1,none
19966,19,female,ba,3rd year,no formal,rainy,0.99,6.82,6,0,travel
19967,21,female,bca,3rd year,phd,cloudy,5.93,6.57,40,1,none
19968,24,female,bba,4th year,post graduate,sunny,0.56,7.14,49,1,none
19969,21,female,bca,3rd year,no formal,cloudy,0.08,4.06,9,1,none
19971,24,female,b.sc,4th year,post graduate,cloudy,1.32,8.96,37,0,sick
19972,21,female,diploma,1st year,no formal,hot,5.41,5.8,66,1,none
19975,23,female,ba,1st year,high school,sunny,0.15,6.95,23,0,project work
19976,22,female,ba,1st year,phd,rainy,1.99,4.56,35,0,travel
19977,19,female,pharmacy,1st year,no formal,hot,4.61,9.67,60,1,none
19978,21,female,ba,3rd year,graduate,hot,1.88,4.32,79,0,project work
19979,19,female,diploma,3rd year,high school,cloudy,3.62,8.55,59,1,none
19980,20,male,pharmacy,3rd year,high school,sunny,0.38,5.93,73,1,none
19981,19,female,ba,4th year,graduate,cloudy,3.75,9.76,33,1,none
19982,20,female,b.sc,4th year,graduate,cold,3.74,4.84,8,0,travel
19983,19,male,pharmacy,2nd year,high school,hot,3.2,8.6,53,1,none
19986,20,male,diploma,4th year,no formal,hot,1.81,5.88,78,0,personal work
19987,18,male,ba,4th year,graduate,hot,3.6,4.79,85,1,none
19988,20,female,bba,1st year,graduate,cold,0.05,7.03,63,0,personal work
19990,24,female,b.tech,3rd year,graduate,rainy,0.75,9.6,15,1,none
19992,17,male,ba,4th year,post graduate,hot,2.68,8.05,81,0,none
19993,19,female,bba,4th year,graduate,hot,5.68,6.78,52,1,none
19996,18,male,ba,3rd year,no formal,cloudy,4.95,7.49,68,1,none
19998,19,male,bca,1st year,no formal,cold,1.52,7.66,33,0,personal work
19999,20,male,b.sc,3rd year,phd,sunny,3.97,5.3,71,1,none
